Timestamp,kbmemfree,kbavail,kbmemused,%memused,kbbuffers,kbcached,kbcommit,%commit,kbactive,kbinact,kbdirty,kbanonpg,kbslab,kbkstack,kbpgtbl,kbvmused
2024-01-19T17:56:46,380456992,390372416,1578856,0.4,1239904,10162328,4654424,1.15,4505652,7440792,1260,572652,1420468,10688,5848,268860
2024-01-19T17:56:51,380453356,390370640,1580448,0.4,1239908,10164160,4656768,1.15,4505996,7442812,424,573120,1420676,10624,5852,268828
2024-01-19T17:56:56,380435648,390353440,1597040,0.4,1239920,10164840,7204072,1.79,4506296,7478000,1068,607980,1421100,9648,6608,267948
2024-01-19T17:57:01,380444812,390363732,1586696,0.4,1239924,10165936,4181632,1.04,4506448,7444400,388,573356,1421180,9632,5804,267916
2024-01-19T17:57:06,380450140,390370336,1579836,0.4,1239932,10167140,4181632,1.04,4506472,7446240,1052,574044,1421500,9664,5896,267964
2024-01-19T17:57:11,380452692,390374200,1575872,0.4,1239932,10168380,4181316,1.04,4506476,7446244,352,572760,1421672,9616,5736,267932
2024-01-19T17:57:16,380455384,390378188,1572136,0.4,1239940,10169724,4181632,1.04,4506484,7448280,1284,573440,1421364,9648,5808,267948
2024-01-19T17:57:21,380444156,390368372,1581920,0.4,1239944,10171080,4181632,1.04,4506484,7449652,392,573488,1421448,9664,5828,267948
2024-01-19T17:57:26,380440372,390366160,1584244,0.4,1239952,10172516,4181764,1.04,4506492,7450920,936,573232,1421464,9616,5772,267964
2024-01-19T17:57:31,380439908,390366976,1583476,0.4,1239956,10173732,4181636,1.04,4506500,7451668,356,572812,1421476,9616,5732,267900
2024-01-19T17:57:36,380437156,390365260,1585172,0.4,1239964,10174896,4181764,1.04,4506512,7453180,1360,573232,1421360,9584,5700,267948
2024-01-19T17:57:41,380442044,390371576,1578912,0.4,1239972,10176256,4177544,1.04,4506508,7453120,328,571688,1421364,9632,5732,267924
2024-01-19T17:57:46,380437176,390368152,1582460,0.4,1239972,10177548,4181764,1.04,4506528,7456088,1304,573520,1421392,9632,5764,267916
2024-01-19T17:57:51,380437344,390369740,1580988,0.4,1239976,10178900,4181904,1.04,4506528,7457400,276,573408,1421340,9648,5792,267932
2024-01-19T17:57:56,380431016,390365060,1585384,0.4,1239984,10180420,4181904,1.04,4506524,7458924,1236,573352,1421744,9648,5808,267916
2024-01-19T17:58:01,380431024,390366384,1584028,0.4,1239988,10181668,4181904,1.04,4506536,7460096,32,573360,1421840,9616,5744,267932
2024-01-19T17:58:06,380430508,390367228,1583288,0.4,1239996,10182896,4181904,1.04,4506544,7461620,1188,573544,1421860,9616,5768,267916
2024-01-19T17:58:11,380430476,390368380,1582260,0.4,1240004,10184012,4181904,1.04,4506556,7462684,28,573656,1421796,9648,5852,267884
2024-01-19T17:58:16,380438064,390377516,1573172,0.4,1240012,10185452,4182036,1.04,4506568,7463748,968,573044,1421848,9808,5884,267900
2024-01-19T17:58:21,380436280,390377180,1573620,0.4,1240020,10186836,4182036,1.04,4506576,7465596,0,573688,1421792,9600,5772,267852
2024-01-19T17:58:26,380442400,390384728,1566440,0.4,1240024,10188164,4181344,1.04,4506572,7465520,272,572236,1421520,9616,5616,267852
2024-01-19T17:58:31,380435084,390378920,1572140,0.4,1240028,10189684,4182036,1.04,4506588,7468548,1308,573800,1421612,9616,5764,267836
2024-01-19T17:58:36,380436028,390381208,1569960,0.4,1240036,10190960,4181720,1.04,4506596,7469624,512,573596,1421564,9632,5812,267868
2024-01-19T17:58:41,380427064,390373396,1577928,0.4,1240044,10192044,4182168,1.04,4506604,7471096,1344,573952,1421468,9648,5836,267900
2024-01-19T17:58:46,380426752,390374600,1576648,0.4,1240048,10193452,4186572,1.04,4506612,7474672,476,576100,1421648,9680,5884,267940
2024-01-19T17:58:51,380428728,390378008,1573144,0.4,1240048,10194848,4181852,1.04,4506624,7473836,1304,573976,1421780,9648,5804,267884
2024-01-19T17:58:56,380429580,390380332,1570700,0.4,1240052,10196200,4182352,1.04,4506616,7475304,392,573940,1422016,9568,5664,267884
2024-01-19T17:59:01,380428276,390380660,1570096,0.4,1240064,10197720,4182168,1.04,4506628,7476972,1240,574184,1422392,9664,5836,267884
2024-01-19T17:59:06,380423144,390376752,1574108,0.4,1240068,10198872,4182304,1.04,4506640,7478220,364,574192,1422356,9632,5760,267884
2024-01-19T17:59:11,380417744,390372812,1577932,0.4,1240076,10200256,4182304,1.04,4506644,7479668,1256,574364,1422540,9664,5780,267932
2024-01-19T17:59:16,380417432,390373700,1577076,0.4,1240084,10201356,4182304,1.04,4506652,7480908,388,574388,1422600,9680,5760,267932
2024-01-19T17:59:21,380423068,390380748,1569664,0.4,1240088,10202632,4182176,1.04,4506664,7481812,1208,574144,1423096,9632,5744,267948
2024-01-19T17:59:26,380420808,390379872,1570484,0.4,1240092,10203972,4182304,1.04,4506664,7483408,356,574340,1423192,9648,5780,267900
2024-01-19T17:59:31,380413136,390373548,1576776,0.4,1240104,10205164,4182304,1.04,4506676,7484772,1192,574496,1423368,9680,5776,267948
2024-01-19T17:59:36,380415444,390377052,1573380,0.4,1240104,10206300,4182436,1.04,4506688,7485908,244,574524,1423320,9664,5768,267932
2024-01-19T17:59:41,380407300,390370184,1580496,0.4,1240112,10207512,4182436,1.04,4506688,7487068,1268,574552,1423128,9680,5780,267932
2024-01-19T17:59:46,380406372,390370488,1580136,0.4,1240116,10208644,4182436,1.04,4506688,7488244,396,574520,1423280,9632,5700,267884
2024-01-19T17:59:51,380415704,390381068,1569912,0.4,1240116,10209760,4182120,1.04,4506700,7488772,1352,573920,1423056,9664,5708,267932
2024-01-19T17:59:56,380412716,390379332,1571636,0.4,1240120,10210948,4182436,1.04,4506704,7490636,336,574616,1423128,9664,5780,267932
2024-01-19T18:00:01,380419192,390387184,1563660,0.4,1240128,10212056,4182568,1.04,4506716,7492216,908,575172,1423512,9888,5768,267996
2024-01-19T18:00:06,380418224,390387356,1563664,0.4,1240136,10213148,4182568,1.04,4506720,7492816,448,574624,1423376,9632,5708,267948
2024-01-19T18:00:11,380415160,390385668,1565200,0.4,1240144,10214452,4223320,1.05,4506724,7494152,208,574616,1423592,9664,5768,267996
2024-01-19T18:00:16,380415520,390387596,1563296,0.4,1240156,10215796,4182568,1.04,4506740,7495488,1320,574712,1423780,9680,5768,267980
2024-01-19T18:00:21,380415276,390388688,1562460,0.4,1240164,10217048,4182568,1.04,4506752,7496844,424,574744,1423600,9680,5772,267932
2024-01-19T18:00:26,380415888,390390812,1560192,0.4,1240172,10218320,4182400,1.04,4506756,7497608,1152,574200,1423976,9664,5720,268012
2024-01-19T18:00:31,380413052,390389276,1561704,0.4,1240176,10219536,4182716,1.04,4506772,7499472,332,574776,1424080,9648,5700,268044
2024-01-19T18:00:36,380406224,390383672,1567220,0.4,1240180,10220780,4182588,1.04,4506776,7500640,1384,574772,1424144,9696,5760,267948
2024-01-19T18:00:41,380399240,390377908,1572956,0.4,1240192,10222000,4182716,1.04,4506788,7501860,352,574904,1424160,9712,5820,267932
2024-01-19T18:00:46,380398280,390378304,1572704,0.4,1240196,10223248,4178496,1.04,4506788,7501264,1256,572904,1424120,9680,5700,267924
2024-01-19T18:00:51,380392748,390374128,1576848,0.4,1240200,10224564,4182716,1.04,4506800,7504544,332,574912,1424188,9696,5768,267948
2024-01-19T18:00:56,380380988,390363708,1587048,0.4,1240208,10225784,4182852,1.04,4506812,7505644,1184,574832,1424520,9680,5708,267932
2024-01-19T18:01:01,380369516,390353484,1597148,0.4,1240216,10226972,4184132,1.04,4506816,7508252,320,576236,1424696,9696,5780,267948
2024-01-19T18:01:06,380365120,390350380,1600280,0.41,1240216,10228176,4183816,1.04,4506824,7509124,1224,575904,1424756,9696,5784,267900
2024-01-19T18:01:11,380362348,390348908,1601664,0.41,1240216,10229388,4184132,1.04,4506824,7510704,388,576284,1424932,9696,5780,267932
2024-01-19T18:01:16,380361756,390349728,1600724,0.41,1240216,10230636,4184132,1.04,4506828,7511996,1252,576316,1425216,9696,5796,267964
2024-01-19T18:01:21,380359876,390349168,1601372,0.41,1240216,10231860,4200708,1.04,4506832,7529264,376,592420,1425224,9712,5792,267980
2024-01-19T18:01:26,380355416,390345996,1604440,0.41,1240220,10233024,4181996,1.04,4506828,7513740,1252,575648,1425448,9696,5812,267988
2024-01-19T18:01:31,380356088,390347940,1602432,0.41,1240224,10234240,4184264,1.04,4506836,7515704,332,576368,1425564,9680,5752,267980
2024-01-19T18:01:36,380363804,390357212,1593176,0.4,1240236,10235564,4184264,1.04,4506840,7516988,1316,576416,1425768,9696,5792,267948
2024-01-19T18:01:41,380365440,390360092,1590556,0.4,1240244,10236688,4184264,1.04,4506860,7518208,236,576436,1425620,9680,5788,267948
2024-01-19T18:01:46,380363540,390359528,1591260,0.4,1240252,10237924,4184264,1.04,4506848,7519592,1012,576512,1425572,9968,5796,267900
2024-01-19T18:01:51,380365292,390362556,1588156,0.4,1240260,10239132,4184080,1.04,4506876,7520312,432,576164,1425708,9664,5796,267916
2024-01-19T18:01:56,380365872,390364416,1586352,0.4,1240268,10240288,4184396,1.04,4506896,7522384,1072,576692,1425768,9856,5744,267964
2024-01-19T18:02:01,380367616,390367508,1583336,0.4,1240280,10241544,4184396,1.04,4506892,7523140,264,576616,1425772,9680,5776,267948
2024-01-19T18:02:06,380365440,390366456,1584332,0.4,1240284,10242584,4183612,1.04,4506904,7524144,0,576492,1425908,9664,5756,267932
2024-01-19T18:02:11,380367412,390369952,1580740,0.4,1240284,10243976,4180176,1.04,4506904,7523764,1384,574684,1426136,9696,5760,267956
2024-01-19T18:02:16,380365660,390369540,1581088,0.4,1240288,10245244,4184528,1.04,4506916,7526932,484,576660,1426268,9712,5784,267964
2024-01-19T18:02:21,380369368,390374692,1575852,0.4,1240300,10246568,4184212,1.04,4506920,7527832,1304,576212,1426460,9632,5688,267980
2024-01-19T18:02:26,380366192,390372784,1577596,0.4,1240300,10247756,4184528,1.04,4506932,7529468,420,576696,1426704,9664,5756,267980
2024-01-19T18:02:31,380357492,390365452,1584804,0.4,1240304,10249028,4184528,1.04,4506936,7530860,1308,576740,1426920,9680,5800,267996
2024-01-19T18:02:36,380344860,390354084,1596312,0.4,1240304,10250192,4184400,1.04,4506936,7531844,432,576608,1426880,9664,5752,267964
2024-01-19T18:02:41,380329156,390339596,1610952,0.41,1240308,10251276,4184672,1.04,4506944,7533116,1368,576768,1426856,9616,5740,267948
2024-01-19T18:02:46,380328696,390340260,1610328,0.41,1240312,10252348,4184672,1.04,4506944,7534100,384,576828,1426864,9696,5820,267948
2024-01-19T18:02:51,380313240,390326352,1624272,0.41,1240320,10253680,4201116,1.04,4506948,7550088,1344,591308,1427036,9680,5788,267916
2024-01-19T18:02:56,380312100,390326400,1624160,0.41,1240320,10254800,4184672,1.04,4506960,7536620,380,576820,1427168,9616,5736,267916
2024-01-19T18:03:01,380307500,390323124,1627776,0.41,1240332,10255940,4184356,1.04,4506956,7537228,1312,576284,1427000,9696,5836,267916
2024-01-19T18:03:06,380304984,390321812,1629112,0.41,1240340,10257048,4184672,1.04,4506972,7538992,364,576928,1427064,9680,5828,267916
2024-01-19T18:03:11,380296284,390314240,1636584,0.41,1240352,10257992,4184672,1.04,4506976,7539964,1288,576996,1427336,9648,5804,267916
2024-01-19T18:03:16,380295880,390315024,1635644,0.41,1240360,10259084,4184804,1.04,4506996,7541060,248,576948,1427580,9664,5792,267948
2024-01-19T18:03:21,380289444,390309880,1640988,0.42,1240372,10260428,4184488,1.04,4507004,7542092,1328,576692,1427316,9696,5856,267900
2024-01-19T18:03:26,380287864,390309728,1641176,0.42,1240380,10261728,4184804,1.04,4507020,7543724,264,577040,1427400,9680,5824,267884
2024-01-19T18:03:31,380293868,390316824,1634092,0.41,1240392,10262776,4184488,1.04,4507016,7545808,1104,577516,1427420,9968,6172,267868
2024-01-19T18:03:36,380292336,390316472,1634708,0.41,1240396,10263892,4184804,1.04,4507044,7546132,180,577288,1427216,9632,5768,267868
2024-01-19T18:03:41,380291172,390316316,1634668,0.41,1240400,10264860,4184936,1.04,4507048,7547412,1068,577024,1427448,9712,5556,267916
2024-01-19T18:03:46,380291528,390318000,1632884,0.41,1240408,10266076,4184936,1.04,4507056,7548208,248,577116,1427652,9680,5820,267916
2024-01-19T18:03:51,380288596,390316384,1634456,0.41,1240412,10267336,4184152,1.04,4507056,7549280,672,576928,1427748,9664,5784,267820
2024-01-19T18:03:56,380278984,390308072,1643020,0.42,1240412,10268512,4184936,1.04,4507068,7550632,1188,577096,1427620,9648,5800,267852
2024-01-19T18:04:01,380278612,390308968,1642064,0.42,1240416,10269696,4184936,1.04,4507068,7551908,436,577192,1427760,9632,5776,267836
2024-01-19T18:04:06,380281292,390312988,1637884,0.41,1240428,10270960,4184620,1.04,4507080,7552652,1360,576720,1427984,9600,5696,267852
2024-01-19T18:04:11,380280128,390313044,1637808,0.41,1240436,10272128,4185068,1.04,4507092,7554192,488,577112,1428048,9648,5752,267868
2024-01-19T18:04:16,380277568,390311624,1639064,0.42,1240436,10273252,4185068,1.04,4507096,7555528,1300,577232,1428228,9584,5736,267900
2024-01-19T18:04:21,380277264,390312580,1637932,0.41,1240440,10274408,4185068,1.04,4507100,7556700,404,577272,1428504,9648,5796,267884
2024-01-19T18:04:26,380275520,390312076,1638392,0.41,1240440,10275552,4185068,1.04,4507104,7557836,1120,577292,1428644,9680,5828,267884
2024-01-19T18:04:31,380279936,390317448,1632936,0.41,1240440,10276456,4184752,1.04,4507104,7558372,344,576900,1428780,9616,5748,267900
2024-01-19T18:04:36,380272400,390311312,1639060,0.42,1240444,10278008,4185068,1.04,4507108,7560436,1228,577384,1428636,9680,5856,267964
2024-01-19T18:04:41,380276300,390316172,1634332,0.41,1240452,10278920,4185072,1.04,4507112,7560900,372,576992,1428544,9616,5752,267868
2024-01-19T18:04:46,380274396,390315160,1635264,0.41,1240460,10279940,4185200,1.04,4507120,7562284,1076,577416,1428488,9648,5844,267932
2024-01-19T18:04:51,380275560,390317588,1632728,0.41,1240464,10281172,4185200,1.04,4507120,7563576,304,577412,1428624,9600,5792,267868
2024-01-19T18:04:56,380278496,390321704,1628772,0.41,1240472,10282340,4184884,1.04,4507140,7564184,1316,576936,1428468,9616,5796,267852
2024-01-19T18:05:01,380279176,390323396,1627060,0.41,1240480,10283300,4185200,1.04,4507148,7565664,336,577428,1428532,9600,5760,267836
2024-01-19T18:05:06,380275372,390321176,1629480,0.41,1240492,10284824,4180980,1.04,4507152,7565420,1288,575556,1428380,9632,5736,267844
2024-01-19T18:05:11,380274208,390321016,1629708,0.41,1240500,10285780,4185332,1.04,4507156,7568220,184,577500,1428352,9648,5788,267852
2024-01-19T18:05:16,380269100,390317264,1633372,0.41,1240504,10287096,4185016,1.04,4507176,7569220,1284,577116,1428476,9600,5740,267868
2024-01-19T18:05:21,380268492,390318268,1632476,0.41,1240508,10288612,4185332,1.04,4507184,7571108,328,577572,1428460,9616,5788,267804
2024-01-19T18:05:26,380277176,390328132,1622684,0.41,1240516,10289704,4185332,1.04,4507200,7572592,664,577980,1428468,9760,5484,267868
2024-01-19T18:05:31,380280452,390332912,1617868,0.41,1240524,10291140,4185016,1.04,4507200,7573184,140,577092,1428564,9616,5796,267820
2024-01-19T18:05:36,380273664,390327368,1623340,0.41,1240532,10292288,4185080,1.04,4507204,7574760,400,577060,1428724,9728,5784,267820
2024-01-19T18:05:41,380273024,390327996,1622504,0.41,1240552,10293472,4185148,1.04,4507220,7575752,576,577292,1428996,9600,5804,267836
2024-01-19T18:05:46,380273796,390329932,1620564,0.41,1240560,10294556,4185464,1.04,4507240,7577276,84,577664,1429072,9600,5828,267836
2024-01-19T18:05:51,380267948,390325444,1625084,0.41,1240560,10296004,4181244,1.04,4507244,7576496,1268,575484,1428952,9584,5676,267780
2024-01-19T18:05:56,380265152,390323852,1626620,0.41,1240564,10297152,4185720,1.04,4507252,7579920,336,577788,1429060,9648,5856,267804
2024-01-19T18:06:01,380251964,390311996,1638572,0.41,1240572,10298352,4185852,1.04,4507252,7581128,1192,577820,1429088,9616,5792,267804
2024-01-19T18:06:06,380251108,390312408,1638152,0.41,1240576,10299576,4185852,1.04,4507256,7582504,352,577904,1429136,9632,5836,267788
2024-01-19T18:06:11,380242184,390304844,1645508,0.42,1240580,10300844,4185852,1.04,4507268,7583724,1176,577832,1429432,9616,5776,267868
2024-01-19T18:06:16,380240884,390304668,1645768,0.42,1240584,10301916,4185724,1.04,4507272,7584900,432,577944,1429396,9616,5800,267884
2024-01-19T18:06:21,380228800,390293924,1656524,0.42,1240588,10303252,4185852,1.04,4507284,7586196,1160,578056,1429384,9616,5800,267900
2024-01-19T18:06:26,380217252,390283700,1666736,0.42,1240596,10304456,4185792,1.04,4507284,7587036,408,577676,1429508,9600,5740,267868
2024-01-19T18:06:31,380208408,390276052,1674080,0.42,1240600,10305520,4186260,1.04,4507296,7588732,1072,578208,1429940,9648,5828,267884
2024-01-19T18:06:36,380207000,390275984,1674028,0.42,1240604,10306800,4186260,1.04,4507308,7590040,444,578264,1430116,9616,5828,267852
2024-01-19T18:06:41,380200032,390270584,1679544,0.43,1240612,10308224,4186260,1.04,4507308,7591464,1056,578324,1430136,9616,5796,267900
2024-01-19T18:06:46,380200852,390272664,1677404,0.42,1240612,10309416,4186260,1.04,4507308,7592780,172,578432,1430264,9648,5872,267868
2024-01-19T18:06:51,380218832,390291684,1658548,0.42,1240612,10310336,4186132,1.04,4507320,7593708,736,578408,1430220,9632,5836,267868
2024-01-19T18:06:56,380217636,390292208,1658168,0.42,1240616,10311952,4182296,1.04,4507320,7593624,320,576716,1430176,9616,5744,267828
2024-01-19T18:07:01,380215688,390291624,1658524,0.42,1240628,10313212,4186648,1.04,4507320,7596820,668,578624,1430496,9600,5792,267820
2024-01-19T18:07:06,380217916,390295188,1655012,0.42,1240636,10314468,4186520,1.04,4507340,7597752,24,578368,1430516,9616,5788,267788
2024-01-19T18:07:11,380210008,390288760,1661388,0.42,1240644,10315816,4186648,1.04,4507348,7599752,536,578984,1430692,9920,5432,267884
2024-01-19T18:07:16,380208396,390288384,1661676,0.42,1240656,10317004,4186648,1.04,4507348,7600792,0,578824,1430816,9584,5796,267852
2024-01-19T18:07:21,380210736,390292040,1657996,0.42,1240660,10318208,4186428,1.04,4507364,7601316,580,578152,1430948,9792,5728,267836
2024-01-19T18:07:26,380209996,390292576,1657384,0.42,1240664,10319400,4187036,1.04,4507372,7603304,776,578948,1431104,9568,5796,267884
2024-01-19T18:07:31,380210128,390293800,1656024,0.42,1240668,10320416,4187036,1.04,4507080,7604664,480,579000,1431312,9568,5792,267868
2024-01-19T18:07:36,380194156,390279244,1670596,0.42,1240672,10321700,4187036,1.04,4507084,7605988,1288,579064,1431424,9568,5808,267836
2024-01-19T18:07:41,380190212,390276480,1673196,0.42,1240676,10322792,4187036,1.04,4507092,7607256,336,579168,1431672,9600,5832,267868
2024-01-19T18:07:46,380179808,390267736,1682092,0.43,1240676,10324364,4187036,1.04,4507092,7608784,864,579200,1431608,9568,5808,267836
2024-01-19T18:07:51,380182164,390271360,1678544,0.43,1240680,10325552,4186852,1.04,4507104,7609620,348,578760,1431608,9568,5812,267804
2024-01-19T18:07:56,380184628,390275036,1674624,0.42,1240692,10326712,4187168,1.04,4507100,7611124,980,579200,1431892,9536,5728,267820
2024-01-19T18:08:01,380183844,390275440,1674276,0.42,1240700,10327792,4187424,1.04,4507120,7612404,396,579356,1431936,9536,5744,267804
2024-01-19T18:08:06,380175748,390268856,1681012,0.43,1240700,10329244,4187424,1.04,4507128,7613828,1456,579452,1431844,9568,5788,267772
2024-01-19T18:08:11,380174392,390268832,1680996,0.43,1240700,10330476,4187424,1.04,4507132,7615296,320,579540,1431984,9584,5832,267756
2024-01-19T18:08:16,380179000,390274904,1674736,0.42,1240712,10331956,4187424,1.04,4507124,7616600,1096,579444,1432144,9552,5772,267836
2024-01-19T18:08:21,380179864,390277156,1672796,0.42,1240720,10333224,4187240,1.04,4507144,7617588,352,579164,1431944,9520,5696,267772
2024-01-19T18:08:26,380176040,390274684,1675308,0.42,1240728,10334436,4187556,1.04,4507152,7619364,1300,579672,1432036,9568,5788,267820
2024-01-19T18:08:31,380177712,390277532,1672432,0.42,1240728,10335536,4204000,1.04,4507164,7632460,356,591764,1432140,9568,5788,267772
2024-01-19T18:08:36,380172820,390273968,1675796,0.42,1240740,10336992,4187240,1.04,4507164,7621516,1048,579332,1432200,9568,5748,267884
2024-01-19T18:08:41,380170232,390272784,1676924,0.42,1240744,10338292,4187812,1.04,4507176,7623316,108,579824,1432356,9552,5732,267836
2024-01-19T18:08:46,380169612,390273188,1676468,0.42,1240756,10339388,4187628,1.04,4507176,7624204,1188,579524,1432324,9600,5852,267852
2024-01-19T18:08:51,380170136,390275208,1674620,0.42,1240760,10340804,4187944,1.04,4507196,7625996,228,579984,1432228,9584,5804,267852
2024-01-19T18:08:56,380169496,390275864,1674060,0.42,1240760,10342076,4187944,1.04,4507200,7627492,1264,579496,1432156,9936,5648,267868
2024-01-19T18:09:01,380173384,390281012,1669020,0.42,1240760,10343244,4187816,1.04,4507204,7628468,164,580060,1432140,9568,5820,267820
2024-01-19T18:09:06,380170260,390279104,1670900,0.42,1240764,10344400,4187964,1.04,4507196,7630080,0,579548,1432224,9808,5884,267852
2024-01-19T18:09:11,380168372,390278656,1671148,0.42,1240764,10345784,4188332,1.04,4507212,7631472,1484,580420,1432480,9584,5820,267804
2024-01-19T18:09:16,380168740,390280352,1669472,0.42,1240768,10347016,4188332,1.04,4507212,7632552,328,580316,1432552,9584,5816,267820
2024-01-19T18:09:21,380170888,390283936,1665560,0.42,1240780,10348336,4188016,1.04,4507224,7633308,1264,579696,1432984,9584,5764,267820
2024-01-19T18:09:26,380168076,390282492,1667192,0.42,1240788,10349624,4188332,1.04,4507236,7635340,392,580468,1432868,9584,5844,267820
2024-01-19T18:09:31,380167056,390282932,1666772,0.42,1240796,10350964,4188332,1.04,4507236,7636700,1448,580528,1432960,9584,5808,267836
2024-01-19T18:09:36,380170668,390287892,1661776,0.42,1240804,10352208,4188336,1.04,4507256,7637820,376,580428,1433092,9584,5764,267820
2024-01-19T18:09:41,380157940,390276548,1673372,0.42,1240816,10353468,4188720,1.04,4507264,7639476,1124,580720,1432952,9632,5840,267868
2024-01-19T18:09:46,380156284,390276308,1673656,0.42,1240824,10354796,4188720,1.04,4507268,7640592,280,580632,1432988,9632,5856,267852
2024-01-19T18:09:51,380146060,390267512,1682488,0.43,1240832,10356140,4188720,1.04,4507280,7642240,1444,580884,1433028,9616,5816,267852
2024-01-19T18:09:56,380146584,390269508,1680648,0.43,1240836,10357520,4188404,1.04,4507288,7643176,380,580516,1432960,9600,5776,267836
2024-01-19T18:10:01,380143268,390267848,1682328,0.43,1240844,10359068,4188852,1.04,4507296,7645208,1296,581012,1433040,9568,5784,267868
2024-01-19T18:10:06,380142344,390268528,1681596,0.43,1240844,10360600,4189108,1.04,4507300,7646788,396,581016,1433164,9616,5784,267868
2024-01-19T18:10:11,380143956,390271928,1678056,0.42,1240848,10362252,4188792,1.04,4507308,7648280,1264,580848,1433436,9632,5816,267884
2024-01-19T18:10:16,380137340,390267464,1682648,0.43,1240856,10364248,4189240,1.04,4507312,7650692,344,581296,1433456,9632,5844,267868
2024-01-19T18:10:21,380139948,390272524,1677404,0.42,1240864,10366488,4189112,1.04,4507316,7653068,1340,581324,1433844,9632,5788,267932
2024-01-19T18:10:26,380136004,390270840,1679228,0.43,1240868,10368572,4189496,1.04,4507332,7655280,288,581492,1433876,9616,5780,267900
2024-01-19T18:10:31,380134708,390271256,1678672,0.43,1240880,10370256,4185276,1.04,4507336,7655096,1492,579624,1434032,9648,5764,267876
2024-01-19T18:10:36,380132476,390270572,1679536,0.43,1240880,10371640,4189500,1.04,4507352,7658412,324,581644,1434016,9648,5820,267884
2024-01-19T18:10:41,380119420,390258888,1691224,0.43,1240888,10372888,4189628,1.04,4507356,7659844,864,581768,1434128,9888,5800,267964
2024-01-19T18:10:46,380121652,390262708,1687240,0.43,1240900,10374312,4189312,1.04,4507372,7660940,428,581492,1434444,9696,5860,267964
2024-01-19T18:10:51,380106432,390248632,1701272,0.43,1240904,10375356,4189884,1.04,4507384,7662788,864,581804,1434584,10000,5636,267996
2024-01-19T18:10:56,380104968,390248832,1700804,0.43,1240908,10376916,4189884,1.04,4507380,7664068,156,581896,1434952,9664,5800,267980
2024-01-19T18:11:01,380106848,390251960,1697908,0.43,1240916,10378100,4188916,1.04,4507392,7665260,272,581968,1434776,9664,5840,267884
2024-01-19T18:11:06,380090896,390237528,1712444,0.43,1240924,10379524,4190016,1.04,4507388,7666816,1536,582088,1434760,9664,5820,267852
2024-01-19T18:11:11,380092808,390240764,1709052,0.43,1240924,10380736,4187748,1.04,4507396,7667252,544,581348,1435028,9648,5752,267844
2024-01-19T18:11:16,380085116,390234572,1715336,0.43,1240932,10382172,4190272,1.04,4507400,7669584,1480,582208,1434992,9648,5836,267868
2024-01-19T18:11:21,380084792,390235656,1714360,0.43,1240940,10383472,4190272,1.04,4507408,7671068,448,582356,1434984,9680,5868,267868
2024-01-19T18:11:26,380083620,390235904,1713872,0.43,1240952,10384856,4190404,1.04,4507416,7672488,1504,582432,1435248,9680,5808,267820
2024-01-19T18:11:31,380083760,390237488,1712588,0.43,1240960,10386244,4190404,1.04,4507420,7673924,336,582576,1434996,9680,5820,267820
2024-01-19T18:11:36,380090580,390245724,1704440,0.43,1240964,10387528,4190344,1.04,4507444,7675320,1340,582640,1435036,9680,5820,267836
2024-01-19T18:11:41,380087488,390244104,1706140,0.43,1240964,10388940,4190660,1.04,4507444,7676844,340,582688,1435016,9696,5864,267852
2024-01-19T18:11:46,380090588,390248968,1701308,0.43,1240968,10390464,4207244,1.04,4507444,7687856,1308,592212,1435220,9680,5856,267852
2024-01-19T18:11:51,380090168,390249776,1700536,0.43,1240968,10391628,4190484,1.04,4507452,7679216,392,582472,1435248,9664,5752,267868
2024-01-19T18:11:56,380077716,390238980,1711256,0.43,1240976,10393048,4191056,1.04,4507460,7681300,1416,583048,1435552,9696,5848,267932
2024-01-19T18:12:01,380077968,390240560,1709492,0.43,1240984,10394308,4190928,1.04,4507464,7682488,292,583060,1435796,9616,5800,267916
2024-01-19T18:12:06,380071748,390235928,1714284,0.43,1240996,10395692,4191056,1.04,4507484,7684028,1564,583216,1435828,9680,5864,267868
2024-01-19T18:12:11,380067244,390233092,1717036,0.43,1241000,10397252,4191056,1.04,4507476,7685636,292,583172,1436016,9648,5756,267868
2024-01-19T18:12:16,380068264,390235680,1714748,0.43,1241012,10398608,4191060,1.04,4507508,7687064,1532,583268,1435916,9648,5748,267964
2024-01-19T18:12:21,380066896,390235540,1714960,0.43,1241016,10399764,4191444,1.04,4507516,7688508,320,583616,1435912,9712,5904,267948
2024-01-19T18:12:26,380061224,390231008,1719324,0.44,1241028,10400732,4191316,1.04,4507508,7688872,1084,583444,1436240,9888,5792,267948
2024-01-19T18:12:31,380053448,390224840,1725272,0.44,1241032,10402256,4187224,1.04,4507528,7688872,92,581436,1436540,9696,5728,267876
2024-01-19T18:12:36,380042356,390215704,1734140,0.44,1241044,10403948,4191444,1.04,4507556,7693068,1312,583532,1437060,10096,5864,267980
2024-01-19T18:12:41,380046468,390221256,1728736,0.44,1241048,10405332,4191516,1.04,4507544,7693448,280,583512,1436964,9760,5864,267932
2024-01-19T18:12:46,380033540,390209796,1740376,0.44,1241056,10406668,4191448,1.04,4507560,7695896,488,583612,1436908,9936,5820,268012
2024-01-19T18:12:51,380029940,390207912,1742156,0.44,1241064,10408204,4191832,1.04,4507564,7697100,0,583716,1437184,9696,5796,268028
2024-01-19T18:12:56,380034304,390213564,1736528,0.44,1241068,10409396,4191516,1.04,4507568,7697760,564,583168,1437252,9728,5744,267996
2024-01-19T18:13:01,380022544,390203352,1746564,0.44,1241072,10410784,4192220,1.04,4507576,7700328,1492,584328,1437584,9664,5768,267980
2024-01-19T18:13:06,380026540,390208816,1740972,0.44,1241076,10412164,4192220,1.04,4507572,7701368,324,583924,1437796,9712,5824,267980
2024-01-19T18:13:11,380032852,390216848,1732868,0.44,1241080,10413728,4192220,1.04,4507596,7703112,1524,584280,1438020,9680,5792,267932
2024-01-19T18:13:16,380035868,390221292,1728404,0.44,1241088,10415080,4191904,1.04,4507604,7704144,388,583932,1438108,9712,5836,267948
2024-01-19T18:13:21,380031728,390218900,1730792,0.44,1241100,10416716,4192928,1.04,4507604,7706192,1484,584320,1438212,9744,5856,267996
2024-01-19T18:13:26,380032088,390220532,1729088,0.44,1241108,10417892,4192628,1.04,4507616,7707392,288,584360,1438372,9664,5796,267932
2024-01-19T18:13:31,380029884,390219856,1729992,0.44,1241120,10419344,4192628,1.04,4507628,7708948,1324,584468,1438208,9712,5824,267980
2024-01-19T18:13:36,380028732,390220168,1729624,0.44,1241124,10420700,4192628,1.04,4507640,7710360,356,584556,1438368,9712,5828,267964
2024-01-19T18:13:41,380029648,390222616,1726900,0.44,1241136,10422180,4192884,1.04,4507640,7711848,1556,584540,1438684,9728,5820,268012
2024-01-19T18:13:46,380029040,390223484,1725992,0.44,1241144,10423560,4192884,1.04,4507660,7713436,480,584748,1438812,9712,5848,267964
2024-01-19T18:13:51,380024492,390220452,1729236,0.44,1241152,10424968,4192700,1.04,4507664,7714672,1244,584488,1438700,9696,5760,268012
2024-01-19T18:13:56,380022508,390219736,1729876,0.44,1241156,10426136,4193016,1.04,4507672,7716152,268,584892,1438872,9712,5828,267948
2024-01-19T18:14:01,380015460,390214244,1735344,0.44,1241168,10427584,4193272,1.04,4507684,7717708,1296,584956,1438992,9664,5764,267996
2024-01-19T18:14:06,380014072,390214492,1735140,0.44,1241172,10429116,4193272,1.04,4507696,7719336,164,585056,1439048,9680,5768,267980
2024-01-19T18:14:11,380018672,390220476,1729392,0.44,1241180,10430432,4193272,1.04,4507696,7720904,1480,585340,1438872,9712,5844,267996
2024-01-19T18:14:16,380020008,390223252,1726648,0.44,1241184,10431828,4193088,1.04,4507708,7721948,304,585080,1438880,9712,5828,267980
2024-01-19T18:14:21,380022392,390227080,1722832,0.44,1241192,10433144,4193404,1.04,4507708,7724480,1236,586144,1438988,10032,5740,267996
2024-01-19T18:14:26,380025568,390231536,1718624,0.44,1241196,10434372,4193660,1.04,4507720,7724964,240,585428,1438788,9664,5728,267996
2024-01-19T18:14:31,380022676,390230072,1720260,0.44,1241200,10435708,4193364,1.04,4507724,7725612,360,584284,1438704,9952,5712,268012
2024-01-19T18:14:36,380019232,390228320,1721988,0.44,1241208,10437196,4193660,1.04,4507736,7728128,4,585808,1438924,9696,5840,267980
2024-01-19T18:14:41,380021108,390231680,1718604,0.44,1241216,10438552,4193476,1.04,4507740,7728856,512,585640,1439068,9696,5820,267964
2024-01-19T18:14:46,380010040,390222328,1727828,0.44,1241228,10440032,4194048,1.04,4507768,7731172,1564,586044,1439420,9712,5872,267996
2024-01-19T18:14:51,380012968,390226752,1723428,0.44,1241232,10441416,4193732,1.04,4507768,7732164,424,585696,1439504,9696,5848,267980
2024-01-19T18:14:56,380009716,390225308,1725172,0.44,1241232,10442968,4194048,1.04,4507772,7734224,1512,586216,1439460,9664,5836,267900
2024-01-19T18:15:01,380013184,390230228,1720276,0.44,1241236,10444316,4194144,1.04,4507776,7735588,380,586152,1439536,9680,5800,267900
2024-01-19T18:15:06,379998456,390217080,1733520,0.44,1241240,10445692,4194528,1.04,4507780,7737220,1252,586480,1439640,9696,5888,267916
2024-01-19T18:15:11,380002376,390222484,1728040,0.44,1241244,10447076,4194212,1.04,4507796,7738360,392,586120,1439812,9664,5856,267932
2024-01-19T18:15:16,379998016,390219704,1730836,0.44,1241252,10448500,4194528,1.04,4507800,7740064,1488,586488,1439944,9648,5836,267916
2024-01-19T18:15:21,379997984,390221056,1729472,0.44,1241260,10449772,4198800,1.04,4507812,7743660,432,588816,1440060,9680,5964,267908
2024-01-19T18:15:26,380002368,390226900,1723560,0.44,1241264,10451268,4194784,1.04,4507816,7743164,1508,586740,1440088,9600,5824,267916
2024-01-19T18:15:31,380005136,390231072,1719296,0.44,1241272,10452568,4190564,1.04,4507820,7742624,376,584884,1440276,9616,5804,267892
2024-01-19T18:15:36,380004844,390232040,1718508,0.44,1241272,10453732,4194784,1.04,4507824,7745692,1476,586820,1440192,9616,5816,267948
2024-01-19T18:15:41,380006688,390235412,1715044,0.43,1241272,10455160,4194916,1.04,4507824,7747112,32,586792,1440384,9600,5800,267932
2024-01-19T18:15:46,380018488,390248408,1702384,0.43,1241276,10456516,4190952,1.04,4507824,7746372,1236,584680,1439884,9568,5676,267908
2024-01-19T18:15:51,380016912,390248340,1702372,0.43,1241284,10457892,4194856,1.04,4507844,7749760,280,586768,1440088,9632,5848,267868
2024-01-19T18:15:56,380006880,390239808,1711016,0.43,1241288,10459332,4195172,1.04,4507844,7751664,1144,587176,1440032,9616,5828,267916
2024-01-19T18:16:01,379774644,390009808,1938680,0.49,1241296,10461528,51608880,12.8,4508744,8032856,2308,867244,1442400,9856,13108,267988
2024-01-19T18:16:06,379771764,390007196,1941308,0.49,1241300,10461808,51407984,12.75,4508740,8035120,1136,869300,1442368,10160,13396,268076
2024-01-19T18:16:11,379770160,390006256,1942096,0.49,1241308,10462452,51410612,12.75,4508768,8039084,764,872496,1442532,9920,13284,268060
2024-01-19T18:16:16,379871020,390109640,1838528,0.47,1241312,10464988,41094056,10.19,4508824,7973524,1604,804492,1442700,10192,11340,268092
2024-01-19T18:16:21,379794400,390032420,1915600,0.49,1241324,10464276,51511936,12.77,4508988,8043764,2424,875660,1442948,9888,13256,268076
2024-01-19T18:16:26,379781160,390019624,1928172,0.49,1241328,10464716,51716712,12.83,4509020,8045772,2760,877272,1443172,9888,13224,268124
2024-01-19T18:16:31,379790776,390029788,1917824,0.49,1241332,10465364,51608424,12.8,4509060,8041628,1884,872568,1443252,9904,12912,268084
2024-01-19T18:16:36,379775516,390015272,1932212,0.49,1241336,10466104,51508596,12.77,4509128,8041528,1504,871760,1443380,9872,13020,268092
2024-01-19T18:16:41,379846872,390088604,1859012,0.47,1241340,10468068,47607324,11.81,4509228,8010300,3188,838592,1443256,9872,12648,268108
2024-01-19T18:16:46,379823316,390064880,1882832,0.48,1241344,10467892,51714700,12.82,4509260,8045272,2404,873848,1443164,9888,13528,268156
2024-01-19T18:16:51,379830332,390072636,1875052,0.47,1241352,10468620,51576112,12.79,4509332,8046092,3616,873840,1443192,9904,13220,268236
2024-01-19T18:16:56,379855352,390098884,1848400,0.47,1241364,10469860,47712132,11.83,4509392,8013844,2252,840496,1443572,9856,12592,268140
2024-01-19T18:17:01,379855536,390099640,1847320,0.47,1241372,10470344,48698764,12.08,4509512,8043336,2940,869500,1443976,9904,13052,268124
2024-01-19T18:17:06,379839188,390083996,1862956,0.47,1241380,10471044,51407212,12.75,4509564,8048380,2680,873972,1443980,9968,13300,268108
2024-01-19T18:17:11,379841068,390086888,1859992,0.47,1241384,10472156,51427472,12.75,4509608,8061124,2180,885636,1443948,9936,13204,268188
2024-01-19T18:17:16,379852656,390099256,1848092,0.47,1241384,10472924,51407224,12.75,4509660,8049756,1748,873840,1443492,9936,13132,268172
2024-01-19T18:17:21,379835048,390082032,1865160,0.47,1241388,10473332,51512004,12.77,4509764,8050008,2296,873568,1443620,9936,13392,268164
2024-01-19T18:17:26,379826672,390074208,1873084,0.47,1241400,10473868,51612556,12.8,4509796,8053232,2684,875764,1443524,9888,13240,268124
2024-01-19T18:17:31,379886092,390135752,1811380,0.46,1241404,10475984,44113764,10.94,4509832,7987356,1472,808276,1443688,9904,12148,268124
2024-01-19T18:17:36,379846980,390096972,1850104,0.47,1241404,10476260,47743804,11.84,4509928,8021092,1480,841756,1443800,9888,12708,268044
2024-01-19T18:17:41,379813008,390063860,1883172,0.48,1241408,10477132,51406724,12.75,4510004,8054520,2712,874440,1443828,9904,13276,268108
2024-01-19T18:17:46,379798984,390049588,1897512,0.48,1241420,10476860,51611248,12.8,4510056,8054836,2492,875164,1443772,9920,13292,268060
2024-01-19T18:17:51,379776960,390028400,1918272,0.49,1241428,10477764,51304032,12.72,4510072,8054348,1124,872476,1444124,10160,13080,268156
2024-01-19T18:17:56,379787692,390039804,1907032,0.48,1241440,10478312,48595168,12.05,4510212,8056296,1108,875204,1444072,9952,13200,268204
2024-01-19T18:18:01,379782588,390035964,1911204,0.48,1241448,10479540,51405640,12.75,4510304,8053380,2524,871336,1443768,10256,13252,268172
2024-01-19T18:18:06,379777848,390031620,1915420,0.49,1241452,10479916,51717652,12.83,4510320,8060024,2840,877332,1443912,9936,13268,268156
2024-01-19T18:18:11,379808092,390063284,1883820,0.48,1241456,10481340,47815912,11.86,4510376,8029484,3124,844992,1443840,9888,12684,268140
2024-01-19T18:18:16,379773544,390029332,1917920,0.49,1241464,10481848,51409816,12.75,4510504,8059812,3748,875464,1443772,9984,13256,268172
2024-01-19T18:18:21,379771708,390027988,1919640,0.49,1241468,10482340,48491176,12.03,4510540,8056908,2408,872116,1443392,9952,13032,268188
2024-01-19T18:18:26,379762352,390019472,1928256,0.49,1241472,10483148,51714468,12.82,4510592,8062616,3692,876952,1443320,9936,13164,268164
2024-01-19T18:18:31,379785884,390044228,1903488,0.48,1241472,10484376,47608156,11.81,4510680,8029412,2356,842696,1443328,9952,12692,268140
2024-01-19T18:18:36,379769400,390028304,1919224,0.49,1241472,10484944,51609516,12.8,4510740,8060904,3644,873652,1443508,9952,13276,268204
2024-01-19T18:18:41,379787936,390047496,1900008,0.48,1241476,10485548,51612624,12.8,4510796,8063260,2648,875536,1443580,9968,13272,268172
2024-01-19T18:18:46,379776200,390036504,1910940,0.48,1241484,10486320,51509852,12.77,4510888,8061220,3252,872688,1443604,9968,13176,268140
2024-01-19T18:18:51,379757684,390019028,1928404,0.49,1241496,10487304,51509380,12.77,4510964,8064784,2592,875344,1443660,9952,13240,268108
2024-01-19T18:18:56,379782836,390044932,1902176,0.48,1241500,10488004,51406256,12.75,4511020,8064980,3476,875032,1444032,10000,13296,268108
2024-01-19T18:19:01,379795768,390058744,1888244,0.48,1241500,10488876,51408260,12.75,4511084,8064020,2324,873328,1444160,9952,13200,268108
2024-01-19T18:19:06,379787008,390050668,1896588,0.48,1241504,10489540,51720204,12.83,4511140,8070444,3568,879004,1443908,9968,13224,268156
2024-01-19T18:19:11,379792344,390056544,1890756,0.48,1241516,10490044,51304232,12.72,4511184,8063452,2424,871584,1443888,9984,13036,268156
2024-01-19T18:19:16,379821108,390087104,1860000,0.47,1241520,10491816,47708860,11.83,4511328,8035720,2688,842072,1444104,9888,12548,268180
2024-01-19T18:19:21,379776532,390042808,1904480,0.48,1241524,10492092,51718084,12.83,4511360,8071756,2644,877956,1443920,9936,13208,268220
2024-01-19T18:19:26,379756092,390023636,1923144,0.49,1241528,10493420,51409956,12.75,4511428,8071572,4092,876492,1444364,9968,13280,268236
2024-01-19T18:19:31,379769112,390037336,1909544,0.48,1241532,10494064,51308368,12.72,4511536,8071408,2340,875928,1444296,9968,13228,268140
2024-01-19T18:19:36,379785684,390054700,1892296,0.48,1241536,10494848,51405368,12.75,4511600,8070576,3124,874140,1444184,9936,13212,268156
2024-01-19T18:19:41,379790852,390060368,1887100,0.48,1241536,10495348,51509496,12.77,4511636,8072372,2624,875680,1443712,10000,13340,268156
2024-01-19T18:19:46,379813548,390084616,1862684,0.47,1241540,10496904,47812664,11.86,4511712,8039700,2596,841880,1443872,10272,12820,268204
2024-01-19T18:19:51,379784332,390055556,1891432,0.48,1241552,10497112,51407388,12.75,4511792,8075268,3908,876900,1444120,9984,13220,268236
2024-01-19T18:19:56,379810908,390082680,1864356,0.47,1241560,10497652,48487644,12.02,4511828,8047732,756,848852,1444072,9968,12444,268204
2024-01-19T18:20:01,379775056,390047848,1898764,0.48,1241560,10498668,51612248,12.8,4511908,8075556,2624,875816,1444500,9936,13172,268204
2024-01-19T18:20:06,379784480,390058244,1888752,0.48,1241568,10499596,51617580,12.8,4512004,8078652,2548,877916,1444152,10016,13292,268236
2024-01-19T18:20:11,379796424,390070708,1876068,0.48,1241572,10500104,48697584,12.08,4512040,8058656,3364,857468,1444380,9968,12940,268236
2024-01-19T18:20:16,379757104,390032560,1913976,0.48,1241576,10501272,51614788,12.8,4512152,8078572,2688,876320,1444620,9984,13236,268252
2024-01-19T18:20:21,379755300,390031148,1915272,0.49,1241580,10501656,51617356,12.8,4512172,8082036,3500,879420,1444740,10048,13196,268292
2024-01-19T18:20:26,379753240,390030240,1916284,0.49,1241584,10502796,51410592,12.75,4512248,8083268,1104,879644,1444644,10000,13216,268220
2024-01-19T18:20:31,379745680,390025124,1921164,0.49,1241592,10505168,51513932,12.77,4512320,8086360,3368,880424,1444944,10000,13312,268188
2024-01-19T18:20:36,379749648,390029012,1917528,0.49,1241604,10505060,51618952,12.8,4512396,8086792,2816,880924,1444708,10032,13392,268180
2024-01-19T18:20:41,379757404,390037364,1909660,0.48,1241608,10505740,51407456,12.75,4512460,8082736,3540,876348,1444136,9952,13144,268124
2024-01-19T18:20:46,379739112,390020100,1927332,0.49,1241624,10506728,51509976,12.77,4512604,8080848,2548,873024,1443752,9952,13152,268124
2024-01-19T18:20:51,379731232,390012804,1934736,0.49,1241632,10507360,51719500,12.83,4512640,8087808,3560,879916,1443588,10000,13288,268188
2024-01-19T18:20:56,379747636,390029840,1917856,0.49,1241640,10508000,51405996,12.75,4512640,8086052,884,877432,1443416,9952,13224,268084
2024-01-19T18:21:01,379767232,390049860,1897864,0.48,1241644,10508476,51612008,12.8,4512736,8082612,2160,873700,1443332,9984,13240,268124
2024-01-19T18:21:06,379755880,390039512,1908264,0.48,1241652,10509524,51714680,12.82,4512824,8084292,2124,874652,1443228,9968,13240,268108
2024-01-19T18:21:11,379790224,390075112,1872488,0.47,1241656,10510704,47813952,11.86,4512868,8055080,3280,844088,1443476,9984,12812,268076
2024-01-19T18:21:16,379752368,390037224,1910464,0.48,1241664,10510660,51509656,12.77,4512924,8083516,2812,872560,1443392,10000,13252,268076
2024-01-19T18:21:21,379782152,390068268,1879428,0.48,1241664,10512040,48801236,12.1,4513028,8069472,2872,857272,1443264,10064,12768,268108
2024-01-19T18:21:26,379759084,390045624,1902836,0.48,1241668,10512476,51410768,12.75,4513080,8091264,288,878864,1442484,9952,13196,268060
2024-01-19T18:21:31,379843952,390131996,1816040,0.46,1241672,10513916,44897216,11.13,4513112,8037576,1092,823428,1442968,10160,12212,268124
2024-01-19T18:21:36,379780344,390068404,1879756,0.48,1241680,10513900,51514380,12.77,4513212,8094660,1628,880376,1442868,10080,13412,268212
2024-01-19T18:21:41,379763724,390053680,1894376,0.48,1241684,10515748,51310096,12.72,4513316,8089724,2008,874148,1443016,10000,12868,268140
2024-01-19T18:21:46,379761944,390051648,1896352,0.48,1241696,10515432,51409984,12.75,4513336,8091800,3960,876548,1443124,10048,13320,268156
2024-01-19T18:21:51,379774836,390065724,1882368,0.48,1241700,10516592,48491156,12.03,4513440,8088732,2504,872348,1443052,10000,12624,268092
2024-01-19T18:21:56,379765060,390056600,1891728,0.48,1241704,10517244,51203544,12.7,4513492,8093208,3844,876176,1442812,9984,13148,268172
2024-01-19T18:22:01,379775764,390068224,1880112,0.48,1241704,10518168,51720444,12.83,4513584,8096656,2740,878512,1442800,10032,13368,268196
2024-01-19T18:22:06,379772096,390065444,1882756,0.48,1241712,10518980,45675280,11.33,4513616,8084220,3072,866084,1443004,9968,12484,268204
2024-01-19T18:22:11,379765560,390059668,1888580,0.48,1241720,10519700,51206624,12.7,4513708,8094392,2712,875152,1442988,9984,13212,268156
2024-01-19T18:22:16,379766092,390060932,1887192,0.48,1241724,10520444,48594896,12.05,4513784,8093728,3336,873800,1443096,9968,13036,268188
2024-01-19T18:22:21,379757428,390052920,1895228,0.48,1241732,10521056,51711528,12.82,4513824,8095916,2644,875364,1443104,10032,13236,268132
2024-01-19T18:22:26,379732028,390028588,1919208,0.49,1241736,10522112,51822916,12.85,4513920,8098688,3468,877320,1443464,10080,13348,268244
2024-01-19T18:22:31,379740960,390038572,1909052,0.48,1241740,10523112,51303076,12.72,4513972,8094040,2664,871676,1443684,10032,12988,268220
2024-01-19T18:22:36,379740656,390038800,1908312,0.48,1241744,10523564,51612952,12.8,4514044,8097828,3560,875052,1444272,9984,13184,268172
2024-01-19T18:22:41,379741900,390040412,1906976,0.48,1241748,10523932,51716432,12.82,4514052,8101368,2804,878112,1443992,9984,13264,268172
2024-01-19T18:22:46,379725028,390025052,1921880,0.49,1241756,10525528,51619552,12.8,4514152,8103616,2544,878580,1444356,10016,13400,268292
2024-01-19T18:22:51,379732944,390033016,1913712,0.48,1241764,10525540,48798636,12.1,4514216,8096300,1808,871556,1444588,9968,12856,268252
2024-01-19T18:22:56,379718920,390020072,1926752,0.49,1241764,10526624,51205188,12.7,4514276,8095764,3360,871124,1444488,9984,12824,268212
2024-01-19T18:23:01,379755068,390057468,1889200,0.48,1241772,10527860,47813740,11.86,4514352,8070060,2088,843276,1444648,9968,12596,268188
2024-01-19T18:23:06,379706712,390009168,1937616,0.49,1241776,10527912,51614068,12.8,4514408,8102880,3324,876080,1444532,9952,13240,268268
2024-01-19T18:23:11,379703744,390006808,1940224,0.49,1241776,10528572,51205536,12.7,4514452,8101904,596,874432,1444232,9952,13196,268156
2024-01-19T18:23:16,379711768,390015556,1931440,0.49,1241780,10529280,51513312,12.77,4514504,8104780,2308,876144,1444280,10128,13392,268276
2024-01-19T18:23:21,379711648,390016192,1930752,0.49,1241784,10529980,51410728,12.75,4514576,8103820,1908,874628,1444384,9920,13116,268108
2024-01-19T18:23:26,379692088,389997568,1949436,0.49,1241792,10530896,51305316,12.72,4514664,8104256,2204,874812,1444336,10176,13128,268204
2024-01-19T18:23:31,379690448,389996688,1950384,0.49,1241800,10531652,48693600,12.08,4514748,8101000,560,870732,1444264,9952,13128,268124
2024-01-19T18:23:36,379687176,389994140,1952612,0.49,1241804,10532340,51408696,12.75,4514788,8106128,1212,875300,1444616,9952,13208,268092
2024-01-19T18:23:41,379682328,389990060,1956692,0.5,1241812,10533032,51716720,12.83,4514824,8108160,1964,876700,1444684,9968,13256,268092
2024-01-19T18:23:46,379687408,389996168,1950980,0.49,1241816,10534064,51616888,12.8,4514920,8109160,1704,876776,1444280,10032,13172,268084
2024-01-19T18:23:51,379701920,390011824,1935956,0.49,1241816,10535180,51409028,12.75,4515024,8109628,3584,876192,1443676,9984,13332,268052
2024-01-19T18:23:56,379701428,390011676,1936144,0.49,1241816,10535516,51516236,12.78,4515040,8111148,3048,876844,1443644,9984,13336,268084
2024-01-19T18:24:01,379711248,390022268,1925508,0.49,1241820,10536360,51099160,12.67,4515096,8106320,3504,871160,1443612,9920,12932,268092
2024-01-19T18:24:06,379705080,390017032,1931088,0.49,1241820,10537300,51619804,12.8,4515188,8116412,2804,881064,1443260,9984,13328,268116
2024-01-19T18:24:11,379700216,390012984,1935468,0.49,1241824,10538124,51405604,12.75,4515244,8110500,3756,874316,1442916,9936,13236,268124
2024-01-19T18:24:16,379703164,390016404,1931984,0.49,1241828,10538572,51615232,12.8,4515276,8114440,2804,877812,1443000,9952,13232,268092
2024-01-19T18:24:21,379716284,390031464,1917340,0.49,1241832,10540460,51509216,12.77,4515392,8115672,3952,876828,1442632,9952,13192,268084
2024-01-19T18:24:26,379733392,390048300,1900440,0.48,1241840,10540180,51509496,12.77,4515420,8114748,2564,876512,1442696,9936,13116,268164
2024-01-19T18:24:31,379748756,390064352,1884328,0.48,1241840,10540792,51402624,12.75,4515480,8110204,3368,871480,1442832,9920,13004,268164
2024-01-19T18:24:36,379745324,390061884,1887032,0.48,1241840,10541740,51507048,12.77,4515536,8111388,532,871316,1442612,9904,12676,268180
2024-01-19T18:24:41,379730352,390047764,1901000,0.48,1241844,10542592,51710664,12.82,4515628,8113804,2636,873128,1442760,9936,13104,268148
2024-01-19T18:24:46,379727876,390045804,1902800,0.48,1241856,10543044,51612484,12.8,4515680,8115776,2148,875068,1442972,9952,13224,268108
2024-01-19T18:24:51,379757052,390075652,1872720,0.47,1241864,10543668,48896740,12.13,4515704,8095292,1272,854016,1443244,9920,12908,268132
2024-01-19T18:24:56,379732436,390052064,1896460,0.48,1241872,10544672,51618932,12.8,4515832,8121584,1248,879524,1443108,9968,13212,268132
2024-01-19T18:25:01,379724108,390045120,1903484,0.48,1241876,10545928,51609404,12.8,4515912,8116144,3260,872908,1443152,10016,12896,268084
2024-01-19T18:25:06,379730608,390052260,1896280,0.48,1241888,10546528,51296088,12.72,4515980,8112020,2660,868108,1443244,9920,12740,268116
2024-01-19T18:25:11,379736780,390059436,1888192,0.48,1241892,10547416,51711788,12.82,4516040,8118432,3496,873628,1444268,9936,13172,268148
2024-01-19T18:25:16,379763152,390087816,1859820,0.47,1241900,10549404,47708676,11.83,4516108,8088484,2560,841812,1444272,9936,12676,268108
2024-01-19T18:25:21,379745668,390070196,1877404,0.48,1241904,10549240,51717536,12.83,4515904,8126056,3356,879364,1444332,9936,13316,268044
2024-01-19T18:25:26,379736764,390061432,1886304,0.48,1241912,10549404,51511060,12.77,4515952,8123500,2444,876556,1444164,9952,13228,268124
2024-01-19T18:25:31,379737972,390063564,1884384,0.48,1241912,10550296,51507080,12.77,4516008,8120012,2400,872244,1443984,9888,12604,268156
2024-01-19T18:25:36,379718308,390044356,1903700,0.48,1241916,10550756,51411308,12.75,4516064,8128696,3828,880496,1443868,9904,13188,268140
2024-01-19T18:25:41,379716048,390043348,1904228,0.48,1241920,10551992,51412616,12.75,4516156,8127232,2384,878000,1444360,10000,12856,268132
2024-01-19T18:25:46,379700572,390028460,1918416,0.49,1241928,10552552,51618556,12.8,4516228,8130140,3652,880480,1445080,10000,13360,268108
2024-01-19T18:25:51,379718376,390046976,1900060,0.48,1241932,10553260,51731256,12.83,4516316,8135268,2492,884996,1444920,10032,13456,268140
2024-01-19T18:25:56,379729056,390058764,1888492,0.48,1241936,10554324,48697232,12.08,4516352,8109748,3360,858276,1444740,9936,12624,268172
2024-01-19T18:26:01,379707804,390038436,1908872,0.48,1241948,10555252,51409660,12.75,4516460,8127868,2460,876172,1444672,9952,13300,268124
2024-01-19T18:26:06,379705332,390036260,1911100,0.48,1241952,10555520,51619216,12.8,4516488,8133568,3624,880476,1444644,10016,13480,268196
2024-01-19T18:26:11,379703620,390035208,1911940,0.48,1241964,10556168,51511992,12.77,4516528,8131612,2616,878460,1444856,9968,13344,268172
2024-01-19T18:26:16,379709596,390042624,1904268,0.48,1241964,10557520,51210120,12.7,4516664,8134960,3504,880492,1445200,9984,13460,268228
2024-01-19T18:26:21,379711384,390045116,1901684,0.48,1241968,10558232,51621620,12.8,4516732,8136048,2492,881096,1445280,9984,13456,268196
2024-01-19T18:26:26,379700368,390034760,1912136,0.48,1241972,10558864,51516528,12.78,4516756,8134852,1668,879212,1445208,10016,13496,268196
2024-01-19T18:26:31,379729928,390065900,1881232,0.48,1241972,10560448,47717932,11.83,4516832,8105916,1304,848296,1444968,9984,12912,268180
2024-01-19T18:26:36,379711596,390047676,1899588,0.48,1241980,10560524,51520200,12.78,4516916,8135808,3064,879324,1444860,10016,13508,268220
2024-01-19T18:26:41,379730324,390067076,1880332,0.48,1241984,10561212,51316156,12.73,4516980,8136612,2688,878904,1444696,10032,13608,268204
2024-01-19T18:26:46,379693420,390031084,1916368,0.49,1241992,10562080,51620064,12.8,4517048,8140548,2760,881984,1444688,10272,13536,268212
2024-01-19T18:26:51,379674852,390013820,1933964,0.49,1242004,10563392,51517620,12.78,4517160,8139788,2756,880020,1444336,9952,13096,268148
2024-01-19T18:26:56,379663692,390003180,1944388,0.49,1242008,10563884,51415976,12.75,4517204,8143168,3176,882860,1444576,10016,13560,268204
2024-01-19T18:27:01,379655988,389996464,1951164,0.49,1242012,10564868,51315844,12.73,4517248,8144936,3320,883796,1444516,9984,13476,268132
2024-01-19T18:27:06,379663072,390004104,1943424,0.49,1242020,10565396,51722900,12.83,4517352,8140776,2852,879208,1444636,9984,13476,268108
2024-01-19T18:27:11,379673216,390015480,1931808,0.49,1242028,10566732,48394324,12.0,4517396,8139372,3664,876416,1444764,10016,12840,268212
2024-01-19T18:27:16,379661176,390003436,1943536,0.49,1242032,10566684,51619568,12.8,4517448,8144828,2936,881956,1445120,10000,13484,268132
2024-01-19T18:27:21,379647360,389990832,1956420,0.5,1242040,10567888,51311668,12.72,4517516,8144716,4128,880800,1444840,9984,13516,268148
2024-01-19T18:27:26,379663624,390008104,1939220,0.49,1242048,10568876,51416292,12.75,4517604,8145292,3184,880468,1444780,9968,13460,268180
2024-01-19T18:27:31,379631976,389976732,1970188,0.5,1242056,10569140,51627508,12.8,4517696,8148324,3304,883164,1445188,9984,13608,268196
2024-01-19T18:27:36,379668900,390014816,1932792,0.49,1242060,10570292,47919648,11.88,4517724,8112216,2356,845948,1444504,9904,12500,268148
2024-01-19T18:27:41,379649592,389996288,1950760,0.49,1242064,10571012,51826708,12.85,4517828,8149260,3472,882484,1445120,9984,13456,268180
2024-01-19T18:27:46,379647564,389995276,1951848,0.49,1242068,10572000,51616316,12.8,4517908,8144004,908,876480,1445068,9952,13004,268180
2024-01-19T18:27:51,379650900,389999072,1947788,0.49,1242076,10572392,51615976,12.8,4517948,8144492,2336,876936,1445392,9952,13408,268228
2024-01-19T18:27:56,379687500,390036156,1910804,0.48,1242088,10572860,48393732,12.0,4517992,8125200,1932,857192,1445296,9936,12968,268252
2024-01-19T18:28:01,379701796,390052128,1894412,0.48,1242092,10574460,48026096,11.91,4518052,8121228,2548,850212,1445788,9952,12888,268180
2024-01-19T18:28:06,379670736,390021500,1924332,0.49,1242100,10574884,51723752,12.83,4518172,8152424,2588,882148,1446496,9952,13436,268196
2024-01-19T18:28:11,379663548,390015192,1930492,0.49,1242104,10575760,51826344,12.85,4518240,8151832,2904,880752,1446644,9984,13588,268252
2024-01-19T18:28:16,379654280,390006800,1939080,0.49,1242108,10576624,51208144,12.7,4518300,8151096,2424,879084,1446456,9872,13176,268172
2024-01-19T18:28:21,379678296,390031848,1914172,0.48,1242112,10577624,48595036,12.05,4518348,8128200,2920,855312,1446344,9920,13024,268132
2024-01-19T18:28:26,379650728,390004728,1941672,0.49,1242120,10578084,51407084,12.75,4518408,8147904,2428,874712,1445944,9920,13372,268076
2024-01-19T18:28:31,379646512,390001440,1944688,0.49,1242124,10578940,51508740,12.77,4518504,8149908,3232,875848,1446284,10192,13532,268012
2024-01-19T18:28:36,379653712,390009400,1937056,0.49,1242128,10579664,51511612,12.77,4518564,8151324,2836,876512,1445988,9904,13324,268012
2024-01-19T18:28:41,379653736,390010492,1936136,0.49,1242136,10580640,51609380,12.8,4518636,8148312,2700,872540,1445900,10048,12364,268028
2024-01-19T18:28:46,379641832,389999224,1947300,0.49,1242148,10581300,51615292,12.8,4518680,8154760,816,878444,1445968,9888,13092,267996
2024-01-19T18:28:51,379656456,390014344,1932644,0.49,1242152,10581744,51610916,12.8,4518764,8152000,1412,875304,1445552,9904,13280,267964
2024-01-19T18:28:56,379651528,390010356,1936912,0.49,1242152,10582596,51509532,12.77,4518820,8152576,2972,875088,1445360,9888,13292,268092
2024-01-19T18:29:01,379645332,390004872,1941920,0.49,1242156,10583296,51507344,12.77,4518884,8153656,2540,875504,1445844,9872,13052,268076
2024-01-19T18:29:06,379649132,390009840,1937484,0.49,1242156,10584368,51308248,12.72,4518968,8155936,3108,876776,1445408,9920,13268,268060
2024-01-19T18:29:11,379669364,390030524,1917032,0.49,1242160,10584820,48805580,12.1,4519012,8148612,2472,869108,1445172,9968,13240,268148
2024-01-19T18:29:16,379633868,389996100,1951464,0.49,1242164,10585880,51516688,12.78,4519096,8161872,3760,881472,1445172,9952,13412,268100
2024-01-19T18:29:21,379637156,390000900,1946872,0.49,1242164,10587344,51403388,12.75,4519152,8158476,3088,875944,1445012,9872,13200,268068
2024-01-19T18:29:26,379630376,389994144,1954048,0.49,1242164,10587340,51713984,12.82,4519212,8159336,3124,878024,1444620,9888,13188,268100
2024-01-19T18:29:31,379638128,390002584,1945688,0.49,1242172,10588016,51302704,12.72,4519268,8156548,2620,874000,1444544,9920,13144,268100
2024-01-19T18:29:36,379631456,389996980,1950748,0.49,1242180,10589072,51405520,12.75,4519356,8158040,3400,874572,1445092,9840,13048,268068
2024-01-19T18:29:41,379632224,389999244,1948732,0.49,1242184,10590556,51710580,12.82,4519440,8158224,2684,872996,1444852,9872,12764,268004
2024-01-19T18:29:46,379610844,389977892,1969836,0.5,1242184,10590536,51407528,12.75,4519484,8160304,3220,875016,1445148,9952,13184,268068
2024-01-19T18:29:51,379608620,389976392,1971108,0.5,1242196,10591220,51439308,12.76,4519520,8161656,2860,876240,1445404,9904,13160,268132
2024-01-19T18:29:56,379601212,389969944,1977444,0.5,1242200,10592052,51509372,12.77,4519612,8165328,3508,878728,1445640,9904,13140,268180
2024-01-19T18:30:01,379586936,389956876,1990036,0.5,1242208,10593204,51618788,12.8,4519748,8166636,2516,879460,1446164,9952,13364,268148
2024-01-19T18:30:06,379581060,389951436,1995608,0.51,1242208,10593616,51712676,12.82,4519736,8164320,3324,876284,1446056,9936,13148,268148
2024-01-19T18:30:11,379608284,389980100,1966752,0.5,1242208,10595028,47710824,11.83,4519792,8135288,2348,846232,1446276,9920,12696,268172
2024-01-19T18:30:16,379601688,389975276,1971700,0.5,1242216,10596636,47918620,11.88,4519900,8138428,4320,847696,1446308,10272,12760,268172
2024-01-19T18:30:21,379585116,389958328,1988684,0.5,1242228,10596236,51614508,12.8,4519988,8168784,2848,878760,1446284,9936,13284,268204
2024-01-19T18:30:26,379591268,389965416,1981600,0.5,1242236,10597176,51506916,12.77,4519972,8167128,2428,876104,1446268,10016,12568,268196
2024-01-19T18:30:31,379594312,389969068,1978008,0.5,1242244,10597764,51507632,12.77,4520116,8167500,2352,875520,1446220,9952,13200,268180
2024-01-19T18:30:36,379581792,389957800,1989516,0.5,1242244,10599024,51605364,12.8,4520212,8163720,2340,870608,1445972,9904,12740,268116
2024-01-19T18:30:41,379581524,389957712,1989252,0.5,1242256,10599144,51505128,12.77,4520244,8169112,3648,875828,1446372,9920,13144,268180
2024-01-19T18:30:46,379592724,389969620,1977476,0.5,1242268,10599852,51714852,12.82,4520300,8172568,2732,879128,1446228,9904,13160,268132
2024-01-19T18:30:51,379600904,389978896,1968236,0.5,1242268,10600888,51717472,12.83,4520344,8174444,4032,880072,1446252,9888,13268,268156
2024-01-19T18:30:56,379619076,389997596,1949600,0.49,1242272,10601396,51299772,12.72,4520432,8170164,2820,875380,1446204,9920,13156,268116
2024-01-19T18:31:01,379624880,390004936,1942316,0.49,1242280,10602856,51513456,12.77,4520524,8178016,4088,881856,1446216,10000,13376,268156
2024-01-19T18:31:06,379621084,390001248,1946080,0.49,1242284,10602960,51407376,12.75,4520556,8173356,2916,877136,1446140,9952,13272,268156
2024-01-19T18:31:11,379650460,390032820,1914220,0.48,1242292,10605140,47603980,11.81,4520612,8138564,1700,839608,1446436,9920,12212,268148
2024-01-19T18:31:16,379634756,390016780,1930848,0.49,1242304,10604812,48486664,12.02,4520716,8169228,1728,871212,1445828,9920,12716,268180
2024-01-19T18:31:21,379635376,390018324,1929224,0.49,1242312,10605692,51509504,12.77,4520812,8173612,3460,875280,1445944,9984,13120,268284
2024-01-19T18:31:26,379640236,390023668,1923728,0.49,1242324,10606196,51613868,12.8,4520848,8177584,716,878240,1446064,10016,13252,268268
2024-01-19T18:31:31,379642964,390027356,1920072,0.49,1242328,10607168,51610200,12.8,4520920,8174232,2360,874132,1446016,10016,13184,268260
2024-01-19T18:31:36,379643152,390028504,1918652,0.49,1242336,10608104,48691856,12.07,4521020,8172876,1968,871952,1446304,10000,12752,268244
2024-01-19T18:31:41,379652332,390038188,1908396,0.48,1242344,10608644,51712316,12.82,4521056,8178288,3536,876796,1446832,10032,13200,268292
2024-01-19T18:31:46,379653428,390040056,1906080,0.48,1242356,10609352,51409968,12.75,4521140,8180576,2668,878580,1447332,10080,13312,268300
2024-01-19T18:31:51,379662064,390050100,1895580,0.48,1242364,10610720,48883452,12.12,4521236,8145596,3100,842264,1447820,10016,12652,268244
2024-01-19T18:31:56,379638176,390026792,1919100,0.49,1242364,10611292,51403132,12.75,4521316,8178956,2328,875020,1447616,10016,13144,268212
2024-01-19T18:32:01,379634712,390024152,1921392,0.49,1242372,10612096,51608856,12.8,4521384,8180876,3432,875868,1447976,10352,13620,268212
2024-01-19T18:32:06,379639104,390029052,1917088,0.49,1242380,10612600,51510328,12.77,4521424,8180936,660,875768,1447376,10080,13280,268204
2024-01-19T18:32:11,379654284,390045640,1901256,0.48,1242388,10614016,48792224,12.1,4521496,8176368,2508,870052,1446604,10304,13156,268196
2024-01-19T18:32:16,379652048,390043804,1903196,0.48,1242396,10614328,51506892,12.77,4521584,8181080,2452,874440,1446580,10032,13176,268180
2024-01-19T18:32:21,379649160,390041368,1906060,0.48,1242400,10614776,51506156,12.77,4521604,8181380,2424,874316,1446152,10016,13092,268180
2024-01-19T18:32:26,379650128,390044648,1902688,0.48,1242408,10617040,48477044,12.02,4521696,8174112,4588,857184,1446284,10000,12832,268244
2024-01-19T18:32:31,379639004,390033308,1914384,0.48,1242416,10616812,51715192,12.82,4521808,8187128,2744,878276,1445932,10080,13260,268188
2024-01-19T18:32:36,379641120,390035788,1912136,0.48,1242424,10617284,51403788,12.75,4521848,8184180,3960,874780,1445584,10080,13180,268180
2024-01-19T18:32:41,379632792,390028408,1919580,0.49,1242428,10618240,51411452,12.75,4521928,8189164,2772,879012,1445508,10096,13252,268140
2024-01-19T18:32:46,379662280,390058652,1889444,0.48,1242428,10619112,48693464,12.08,4521996,8173132,3532,862036,1445284,10032,12888,268068
2024-01-19T18:32:51,379629792,390027012,1920556,0.49,1242432,10619956,51609272,12.8,4522064,8185552,2504,873824,1445812,10064,13112,268132
2024-01-19T18:32:56,379646324,390044148,1903272,0.48,1242440,10620684,51714252,12.82,4522124,8190592,3564,877552,1445828,10080,13180,268148
2024-01-19T18:33:01,379631760,390030556,1916796,0.49,1242448,10621656,51716712,12.83,4522196,8191008,2516,877668,1445888,10064,12840,268172
2024-01-19T18:33:06,379630512,390029772,1917428,0.49,1242452,10622100,51607364,12.8,4522264,8186744,3468,872876,1446056,10048,13032,268292
2024-01-19T18:33:11,379652776,390052940,1894232,0.48,1242456,10622992,51299500,12.72,4522328,8186984,2548,872280,1446092,10064,13124,268276
2024-01-19T18:33:16,379654848,390055692,1891360,0.48,1242464,10623668,48692468,12.08,4522376,8172740,3472,856960,1446208,10064,12432,268292
2024-01-19T18:33:21,379646508,390048140,1898640,0.48,1242468,10624416,51510608,12.77,4522452,8195284,2596,879296,1446516,10048,13136,268260
2024-01-19T18:33:26,379642376,390045064,1901696,0.48,1242468,10625468,51609840,12.8,4522540,8193532,3496,876692,1446540,10080,13200,268212
2024-01-19T18:33:31,379654828,390058216,1888488,0.48,1242472,10626148,51611188,12.8,4522608,8193968,2472,876576,1446612,10064,13132,268196
2024-01-19T18:33:36,379635200,390039504,1906788,0.48,1242480,10627036,48598640,12.05,4522696,8194116,3432,875380,1447044,10112,13276,268228
2024-01-19T18:33:41,379655048,390060276,1886200,0.48,1242484,10627936,51677344,12.82,4522716,8194268,2240,874948,1446880,10064,13128,268132
2024-01-19T18:33:46,379657764,390063528,1883100,0.48,1242488,10628436,51508648,12.77,4522792,8197776,3700,878096,1446760,10016,13160,268228
2024-01-19T18:33:51,379664384,390070828,1876468,0.48,1242488,10629120,51578000,12.79,4522852,8200036,2552,879740,1446088,10016,13160,268196
2024-01-19T18:33:56,379646952,390054320,1892968,0.48,1242492,10630016,51506116,12.77,4522928,8194456,1624,872800,1446120,9984,12708,268324
2024-01-19T18:34:01,379640836,390049164,1898012,0.48,1242500,10630980,51412760,12.75,4522980,8203564,1760,881460,1446220,10048,13300,268332
2024-01-19T18:34:06,379638944,390048252,1898560,0.48,1242504,10631948,51612740,12.8,4523064,8204004,3412,880468,1446592,10080,13168,268308
2024-01-19T18:34:11,379631540,390041128,1905396,0.48,1242504,10632272,51713668,12.82,4523128,8202040,2392,878764,1446836,10016,13156,268292
2024-01-19T18:34:16,379625272,390035372,1911176,0.48,1242508,10632740,51611960,12.8,4523164,8199640,732,875964,1446852,10016,13168,268228
2024-01-19T18:34:21,379618568,390029984,1916772,0.49,1242516,10634108,51406144,12.75,4523260,8201800,2880,876988,1446584,9952,13072,268212
2024-01-19T18:34:26,379624836,390037316,1909824,0.48,1242520,10635120,51404520,12.75,4523364,8199128,2592,873304,1446248,9984,13136,268212
2024-01-19T18:34:31,379621592,390034564,1912820,0.48,1242532,10635600,51506172,12.77,4523416,8200884,3904,874544,1446004,10000,13192,268196
2024-01-19T18:34:36,379617828,390031236,1916312,0.49,1242540,10636052,51710932,12.82,4523460,8200848,2492,874140,1445816,9984,13024,268164
2024-01-19T18:34:41,379614368,390029148,1918088,0.49,1242548,10637356,51504680,12.77,4523564,8200336,3660,871908,1446188,9920,13084,268164
2024-01-19T18:34:46,379618820,390034596,1912644,0.48,1242552,10638312,51719512,12.83,4523600,8211444,3384,882584,1446220,10016,13344,268188
2024-01-19T18:34:51,379631296,390048028,1898808,0.48,1242560,10639264,48794728,12.1,4523656,8197432,4212,866176,1446620,9968,13192,268212
2024-01-19T18:34:56,379677596,390095472,1851520,0.47,1242568,10640416,45003044,11.16,4523704,8161944,2832,831172,1446448,10000,12404,268220
2024-01-19T18:35:01,379639296,390057072,1889348,0.48,1242572,10640284,48794092,12.1,4523828,8187044,3384,856456,1447048,10032,13024,268212
2024-01-19T18:35:06,379620280,390038752,1907760,0.48,1242584,10640972,51715396,12.82,4523896,8209408,2604,878212,1446952,9984,13180,268164
2024-01-19T18:35:11,379606504,390026400,1920360,0.49,1242588,10642260,51717580,12.83,4523960,8213696,2144,881340,1446836,9984,13212,268148
2024-01-19T18:35:16,379630148,390050336,1896388,0.48,1242596,10642536,51612396,12.8,4524020,8211576,1416,878888,1446880,9968,13164,268164
2024-01-19T18:35:21,379614060,390034972,1911380,0.48,1242596,10643156,51612832,12.8,4524076,8208528,1648,875332,1447356,10016,13288,268220
2024-01-19T18:35:26,379604280,390025948,1920148,0.49,1242600,10643900,51506704,12.77,4524140,8208928,1276,875204,1447620,10000,13160,268148
2024-01-19T18:35:31,379614376,390037008,1908864,0.48,1242604,10644708,51407648,12.75,4524140,8214324,1768,879572,1447996,10000,13200,268212
2024-01-19T18:35:36,379611940,390035196,1910428,0.48,1242612,10645300,51715612,12.82,4524252,8213084,1384,877788,1448268,10000,13156,268212
2024-01-19T18:35:41,379614484,390038584,1907520,0.48,1242620,10646112,51406832,12.75,4524324,8213076,1356,876612,1447812,10032,13232,268228
2024-01-19T18:35:46,379621868,390046796,1899444,0.48,1242628,10646936,51711920,12.82,4524396,8213640,1280,876912,1447672,10048,13252,268212
2024-01-19T18:35:51,379614888,390040884,1904836,0.48,1242632,10647984,51519400,12.78,4524456,8222348,1988,884808,1448208,10144,13376,268276
2024-01-19T18:35:56,379607244,390033848,1912152,0.48,1242636,10648592,51305248,12.72,4524540,8216088,2240,877852,1447924,10016,13140,268260
2024-01-19T18:36:01,379617108,390044940,1901824,0.48,1242636,10649776,51201800,12.7,4524612,8214516,2864,875212,1447204,10016,13028,268244
2024-01-19T18:36:06,379644568,390073880,1872992,0.47,1242644,10651192,44792152,11.11,4524652,8180752,3248,840032,1447152,10032,12096,268212
2024-01-19T18:36:11,379610228,390039588,1907460,0.48,1242648,10651228,51201040,12.7,4524768,8212404,2572,871940,1446984,10048,13308,268156
2024-01-19T18:36:16,379597212,390026992,1919804,0.49,1242656,10651644,51506304,12.77,4524784,8215536,4072,874616,1447232,10016,13240,268148
2024-01-19T18:36:21,379580732,390011716,1935316,0.49,1242656,10652776,51303352,12.72,4524908,8215844,2528,873784,1447068,9984,13172,268228
2024-01-19T18:36:26,379617896,390050412,1896884,0.48,1242664,10654340,48798532,12.1,4524948,8204560,4356,860948,1446764,9968,12560,268212
2024-01-19T18:36:31,379595584,390027960,1919060,0.49,1242668,10654092,51612476,12.8,4525004,8221476,2720,878176,1447144,9984,13276,268196
2024-01-19T18:36:36,379560616,389994036,1953092,0.49,1242668,10655160,51717008,12.83,4525096,8224260,3856,879968,1447012,9968,13212,268100
2024-01-19T18:36:41,379584640,390019256,1928016,0.49,1242676,10656348,47812072,11.86,4525140,8190100,2624,844664,1446868,9968,12772,268116
2024-01-19T18:36:46,379554476,389989328,1958128,0.5,1242680,10656568,51618352,12.8,4525216,8228000,3784,882356,1446696,9968,13284,268124
2024-01-19T18:36:51,379553048,389988620,1959308,0.5,1242688,10657256,51509224,12.77,4525280,8222044,2548,876352,1446248,9904,13168,268084
2024-01-19T18:36:56,379564924,390001564,1946032,0.49,1242688,10658236,47811964,11.86,4525316,8190728,2040,843628,1446668,9984,12808,268140
2024-01-19T18:37:01,379549428,389987124,1961028,0.5,1242696,10659268,51506784,12.77,4525452,8218852,1700,870804,1446128,9984,12844,268124
2024-01-19T18:37:06,379542256,389980548,1967072,0.5,1242696,10659760,51611944,12.8,4525500,8225912,3172,876952,1446764,10000,13244,268116
2024-01-19T18:37:11,379538716,389977516,1970332,0.5,1242700,10660236,51405376,12.75,4525528,8226940,660,877464,1446564,9968,13176,268084
2024-01-19T18:37:16,379542536,389982720,1965224,0.5,1242704,10661572,51506884,12.77,4525600,8226004,2764,875772,1446512,9920,13196,268116
2024-01-19T18:37:21,379541144,389981908,1966188,0.5,1242708,10662100,51610412,12.8,4525708,8228356,2176,877660,1446408,9904,13180,268068
2024-01-19T18:37:26,379545036,389986964,1960580,0.5,1242708,10663232,48595992,12.05,4525700,8216016,2976,864260,1446992,10080,13256,268172
2024-01-19T18:37:31,379525216,389967540,1980012,0.5,1242720,10663620,51411872,12.75,4525784,8234408,3712,882284,1446980,9920,13212,268196
2024-01-19T18:37:36,379536896,389980204,1967080,0.5,1242720,10664540,51406616,12.75,4525896,8230680,2060,877948,1447312,10080,12656,268180
2024-01-19T18:37:41,379535480,389979544,1967384,0.5,1242720,10665272,51615308,12.8,4525948,8232040,2348,878476,1447692,9936,13276,268188
2024-01-19T18:37:46,379535096,389979640,1967264,0.5,1242724,10665760,51512660,12.77,4525980,8235172,2896,881124,1447704,9872,13144,268132
2024-01-19T18:37:51,379601472,390048660,1898168,0.48,1242736,10668316,43804772,10.86,4526056,8166196,3180,810028,1447856,9888,11588,268116
2024-01-19T18:37:56,379553536,390000352,1947080,0.49,1242744,10667864,51611208,12.8,4526184,8233936,2664,878040,1447324,9984,13276,268084
2024-01-19T18:38:01,379553008,390000448,1947476,0.49,1242752,10668468,51616304,12.8,4526232,8237400,1780,880908,1446844,9952,13276,268140
2024-01-19T18:38:06,379569012,390016720,1931228,0.49,1242752,10668736,51611548,12.8,4526240,8234168,1064,877300,1446820,9872,13132,268132
2024-01-19T18:38:11,379547704,389996280,1951524,0.49,1242756,10669816,51608056,12.8,4526356,8230804,2816,873084,1446748,9856,13396,268164
2024-01-19T18:38:16,379559976,390009724,1938068,0.49,1242764,10670992,51714584,12.82,4526424,8236896,2512,878044,1446748,9872,13008,268116
2024-01-19T18:38:21,379585400,390036360,1911444,0.48,1242772,10672188,47912620,11.88,4526488,8203828,3396,843688,1446744,9904,12612,268148
2024-01-19T18:38:26,379572900,390024460,1923348,0.49,1242772,10672800,51406108,12.75,4526508,8239284,2428,878616,1446728,9872,13080,268084
2024-01-19T18:38:31,379588508,390040700,1906576,0.48,1242776,10673420,41877176,10.38,4526612,8195288,2588,834812,1447268,9920,11804,268140
2024-01-19T18:38:36,379551020,390004032,1942884,0.49,1242776,10674176,51511640,12.77,4526724,8240212,2556,878508,1447692,9952,13372,268220
2024-01-19T18:38:41,379585044,390038752,1908072,0.48,1242780,10674860,48693480,12.08,4526720,8218456,416,855964,1447792,9888,12636,268164
2024-01-19T18:38:46,379555540,390010120,1937296,0.49,1242792,10675692,51106344,12.67,4526804,8243552,1544,880296,1447228,9936,13320,268188
2024-01-19T18:38:51,379568292,390023852,1923752,0.49,1242796,10676652,51713424,12.82,4526932,8240564,2176,876640,1447056,9920,13204,268116
2024-01-19T18:38:56,379564692,390020724,1927180,0.49,1242800,10677104,51407508,12.75,4526968,8244240,2464,879752,1446772,9904,13172,268100
2024-01-19T18:39:01,379556976,390013764,1934236,0.49,1242808,10677676,51405824,12.75,4527008,8242344,3552,877440,1446852,9904,13176,268100
2024-01-19T18:39:06,379556040,390013804,1934280,0.49,1242820,10678652,51508072,12.77,4527096,8242348,3072,876580,1446756,9904,13188,268132
2024-01-19T18:39:11,379576828,390035488,1911956,0.48,1242824,10679480,51401276,12.75,4527156,8239616,2376,872968,1447460,9936,12900,268212
2024-01-19T18:39:16,379576284,390035840,1911816,0.48,1242836,10680340,51303952,12.72,4527228,8242656,3128,875248,1447272,9920,13148,268228
2024-01-19T18:39:21,379583240,390043492,1903208,0.48,1242840,10681048,51506624,12.77,4527288,8240836,2300,872380,1448212,10080,12996,268148
2024-01-19T18:39:26,379570692,390032876,1914608,0.48,1242844,10682848,51610148,12.8,4527408,8246400,3948,876648,1447556,9888,12856,268100
2024-01-19T18:39:31,379563348,390025360,1922408,0.49,1242852,10682680,51618684,12.8,4527456,8250612,2828,881144,1447260,9984,13372,268116
2024-01-19T18:39:36,379549064,390011680,1935880,0.49,1242860,10683300,51716640,12.83,4527488,8249924,920,879796,1447444,9936,13108,268132
2024-01-19T18:39:41,379552800,390016744,1931148,0.49,1242860,10684628,51303728,12.72,4527556,8249096,1548,877704,1447112,9920,12700,268132
2024-01-19T18:39:46,379551840,390016760,1930764,0.49,1242872,10685576,51510156,12.77,4527676,8251960,3468,879568,1447496,9920,13204,268100
2024-01-19T18:39:51,379554436,390019368,1927980,0.49,1242880,10685592,51507744,12.77,4527704,8249308,884,876440,1447660,9920,13152,268084
2024-01-19T18:39:56,379546344,390011972,1935136,0.49,1242892,10686340,51608116,12.8,4527776,8246420,1944,873428,1447836,9920,13140,268100
2024-01-19T18:40:01,379547940,390014616,1932188,0.49,1242896,10687348,51508028,12.77,4527860,8250060,1712,876212,1448176,9888,13180,268036
2024-01-19T18:40:06,379552344,390019964,1926660,0.49,1242900,10688412,51607856,12.8,4527928,8248700,3380,873740,1448232,9888,12772,268116
2024-01-19T18:40:11,379580068,390048232,1898444,0.48,1242904,10688956,49963808,12.39,4527964,8220144,848,844580,1448176,9888,12560,268116
2024-01-19T18:40:16,379544900,390014296,1932692,0.49,1242908,10690152,51509724,12.77,4528052,8251936,1944,875340,1447896,9920,12812,268188
2024-01-19T18:40:21,379551224,390020588,1926088,0.49,1242920,10690076,51401704,12.75,4528092,8248400,1448,871824,1448240,9920,12964,268164
2024-01-19T18:40:26,379537400,390008352,1938748,0.49,1242924,10691780,51410428,12.75,4528216,8258068,3712,879984,1447696,9936,13320,268188
2024-01-19T18:40:31,379537140,390008156,1939444,0.49,1242924,10691864,51509240,12.77,4528244,8257120,2700,879084,1447176,9920,13200,268164
2024-01-19T18:40:36,379549476,390020928,1926716,0.49,1242932,10692360,48588588,12.05,4528280,8235012,1628,856952,1447064,9904,12968,268148
2024-01-19T18:40:41,379590856,390063740,1884172,0.48,1242940,10693724,48687360,12.07,4528364,8228968,1404,849632,1446856,9856,12096,268116
2024-01-19T18:40:46,379573516,390047916,1900044,0.48,1242952,10695216,51508216,12.77,4528496,8258096,3472,876920,1446820,9920,13228,268148
2024-01-19T18:40:51,379575336,390050040,1897964,0.48,1242952,10695508,51713948,12.82,4528504,8259868,2696,878512,1446788,9904,13220,268132
2024-01-19T18:40:56,379550664,390026724,1920820,0.49,1242956,10696840,51508464,12.77,4528628,8258676,2316,875856,1447268,10192,13220,268180
2024-01-19T18:41:01,379547924,390024668,1922888,0.49,1242964,10697492,51302624,12.72,4528680,8258832,1924,875424,1447280,9904,13144,268116
2024-01-19T18:41:06,379563148,390040040,1907796,0.48,1242972,10697776,48899096,12.13,4528708,8259176,3100,875580,1446856,9952,12972,268100
2024-01-19T18:41:11,379558276,390036420,1911636,0.48,1242984,10699016,51304324,12.72,4528808,8260400,1056,875728,1446636,9920,13272,268116
2024-01-19T18:41:16,379567300,390046144,1901824,0.48,1242988,10699680,51504212,12.77,4528876,8260300,1820,874912,1446756,9888,13136,267988
2024-01-19T18:41:21,379560764,390040300,1907600,0.48,1242996,10700624,51510668,12.77,4528948,8264020,3756,877808,1446564,9920,13288,268116
2024-01-19T18:41:26,379555676,390035596,1912396,0.48,1243004,10700988,51714048,12.82,4528956,8265648,656,879028,1446484,9952,13332,268148
2024-01-19T18:41:31,379559096,390039992,1907272,0.48,1243008,10701984,51610032,12.8,4529060,8262088,2508,874688,1447188,9920,13192,268116
2024-01-19T18:41:36,379536824,390019152,1928540,0.49,1243012,10703384,51307616,12.72,4529136,8266504,2676,877772,1446788,9952,13340,268188
2024-01-19T18:41:41,379548584,390031092,1916620,0.49,1243020,10703668,51405580,12.75,4529192,8264468,3876,875420,1446656,9904,13168,268132
2024-01-19T18:41:46,379580488,390064496,1882912,0.48,1243020,10705160,47811304,11.86,4529240,8235952,1116,845416,1446968,9904,12960,268116
2024-01-19T18:41:51,379534316,390018392,1929192,0.49,1243028,10705236,51608012,12.8,4529324,8266684,2460,876220,1446776,9920,13248,268116
2024-01-19T18:41:56,379532828,390018696,1928880,0.49,1243032,10707020,48486688,12.02,4529412,8262224,1472,869692,1446788,9904,12384,268116
2024-01-19T18:42:01,379519780,390006084,1940960,0.49,1243040,10707400,51506776,12.77,4529472,8269304,3320,876844,1447368,9952,13292,268132
2024-01-19T18:42:06,379545872,390032552,1914316,0.48,1243044,10707728,51406112,12.75,4529540,8268348,2384,875544,1447588,9952,13244,268092
2024-01-19T18:42:11,379532936,390020760,1925944,0.49,1243052,10708860,51716252,12.82,4529636,8269188,3380,875544,1447756,9952,12800,268172
2024-01-19T18:42:16,379545992,390034480,1912528,0.48,1243052,10709452,48794428,12.1,4529700,8263760,2304,869576,1447524,9952,13120,268084
2024-01-19T18:42:21,379580940,390070908,1876124,0.48,1243056,10710976,48588336,12.05,4529748,8250064,3140,854200,1447452,9936,12676,268148
2024-01-19T18:42:26,379562516,390052504,1894660,0.48,1243064,10710956,51203608,12.7,4529824,8275492,2692,879788,1447352,10016,13372,268204
2024-01-19T18:42:31,379552428,390043412,1904216,0.48,1243068,10711900,51612468,12.8,4529904,8275508,3472,878864,1446936,9968,13268,268180
2024-01-19T18:42:36,379583392,390075900,1871760,0.47,1243076,10713444,51511280,12.77,4529968,8272972,2472,875028,1446876,10000,13048,268188
2024-01-19T18:42:41,379576348,390069152,1878480,0.48,1243080,10713724,51505684,12.77,4529988,8275676,3808,876776,1446916,10048,12880,268116
2024-01-19T18:42:46,379604364,390097588,1849816,0.47,1243080,10714144,48488900,12.02,4530088,8256576,2484,857860,1447144,9952,12976,268116
2024-01-19T18:42:51,379590476,390084888,1862536,0.47,1243080,10715252,51095964,12.67,4530172,8276000,4016,876232,1447204,10384,13248,268228
2024-01-19T18:42:56,379587000,390081880,1865388,0.47,1243084,10715720,51410312,12.75,4530200,8280936,2596,879860,1447356,9984,13336,268252
2024-01-19T18:43:01,379612668,390109584,1837284,0.47,1243084,10717752,47502516,11.78,4530288,8245356,2560,843284,1447760,9936,12852,268116
2024-01-19T18:43:06,379572820,390070092,1876656,0.48,1243092,10718092,51513572,12.77,4530420,8281064,3460,878916,1447888,9984,13272,268172
2024-01-19T18:43:11,379571656,390069196,1877548,0.48,1243100,10718344,51507544,12.77,4530416,8278980,2848,876840,1447900,9920,13184,268164
2024-01-19T18:43:16,379564392,390062508,1884244,0.48,1243112,10718864,51611484,12.8,4530180,8282912,3820,879624,1447936,9936,13260,268180
2024-01-19T18:43:21,379566036,390065728,1881472,0.48,1243116,10720420,48592120,12.05,4530284,8280532,2724,875640,1447504,9952,12692,268132
2024-01-19T18:43:26,379558360,390058480,1888792,0.48,1243124,10720864,51302836,12.72,4530376,8282704,3536,877536,1447408,9984,13296,268148
2024-01-19T18:43:31,379558968,390059372,1887948,0.48,1243128,10721108,51407452,12.75,4530384,8280296,1312,874292,1447396,9936,13228,268204
2024-01-19T18:43:36,379561208,390063368,1883892,0.48,1243136,10722808,51401912,12.75,4530464,8279032,2264,872528,1447504,9952,13144,268100
2024-01-19T18:43:41,379545976,390048524,1899448,0.48,1243144,10723180,51414040,12.75,4530580,8288972,2240,881652,1446800,9968,13300,268156
2024-01-19T18:43:46,379532936,390036180,1911940,0.48,1243156,10723892,51407396,12.75,4530620,8284996,3796,877008,1446624,9888,13104,268196
2024-01-19T18:43:51,379550716,390055476,1892768,0.48,1243160,10725324,47814604,11.86,4530692,8253800,2484,844472,1446580,10000,12764,268156
2024-01-19T18:43:56,379522276,390027412,1920876,0.49,1243172,10725716,51509120,12.77,4530796,8287832,3704,878128,1446508,9952,13120,268196
2024-01-19T18:44:01,379541912,390048004,1900200,0.48,1243176,10726628,51712880,12.82,4530880,8287764,2484,876804,1446632,9984,13200,268212
2024-01-19T18:44:06,379550468,390057004,1890928,0.48,1243180,10727060,51812656,12.85,4530900,8285976,3612,875124,1446912,10000,13256,268196
2024-01-19T18:44:11,379558432,390065608,1882036,0.48,1243184,10727592,48898528,12.13,4530948,8269040,572,857628,1447304,10032,12840,268148
2024-01-19T18:44:16,379537044,390045748,1901856,0.48,1243184,10729116,51611204,12.8,4531096,8290184,2792,877552,1447348,9952,13164,268132
2024-01-19T18:44:21,379535852,390045316,1902260,0.48,1243188,10729836,51306740,12.72,4531104,8294888,2588,881400,1447412,9984,13224,268116
2024-01-19T18:44:26,379515964,390025872,1921544,0.49,1243196,10730260,51507908,12.77,4531152,8290416,2880,877212,1447584,10304,12736,268180
2024-01-19T18:44:31,379508588,390019296,1927792,0.49,1243196,10730984,51509860,12.77,4531256,8293224,2512,878792,1447988,10016,13288,268132
2024-01-19T18:44:36,379500444,390012112,1934508,0.49,1243200,10731944,51409028,12.75,4531312,8292772,2532,877640,1448452,10320,13372,268220
2024-01-19T18:44:41,379494712,390007504,1939416,0.49,1243212,10733052,51303200,12.72,4531384,8293752,2928,877264,1448156,9984,13240,268180
2024-01-19T18:44:46,379510200,390023416,1923340,0.49,1243220,10733464,51714720,12.82,4531436,8293676,2528,876976,1448324,9968,13256,268124
2024-01-19T18:44:51,379510228,390024672,1922512,0.49,1243224,10734600,51714500,12.82,4531504,8296460,3992,878628,1447984,9936,13140,268164
2024-01-19T18:44:56,379523584,390038920,1908624,0.48,1243232,10735504,51612020,12.8,4531588,8295056,2636,876576,1447604,9952,13180,268116
2024-01-19T18:45:01,379513172,390029608,1917312,0.49,1243244,10736544,51618056,12.8,4531648,8302960,3968,883304,1448276,10048,13168,268156
2024-01-19T18:45:06,379518348,390035348,1911452,0.48,1243248,10737140,51712264,12.82,4531728,8296704,2840,876588,1448360,10000,13228,268132
2024-01-19T18:45:11,379518164,390035952,1911012,0.48,1243260,10737840,51405484,12.75,4531768,8297936,3704,877072,1448272,10000,13240,268212
2024-01-19T18:45:16,379503464,390022224,1924764,0.49,1243264,10738812,51504960,12.77,4531820,8295816,2352,873972,1448244,9984,12676,268164
2024-01-19T18:45:21,379497244,390017444,1929484,0.49,1243264,10740116,51509196,12.77,4531972,8299844,3528,876888,1448440,10000,13196,268180
2024-01-19T18:45:26,379492540,390013372,1933712,0.49,1243272,10740764,51508044,12.77,4532028,8301980,2452,878360,1448260,10016,13176,268180
2024-01-19T18:45:31,379497784,390019324,1927728,0.49,1243284,10741384,51403016,12.75,4532076,8298652,3584,874452,1448368,10000,13220,268132
2024-01-19T18:45:36,379532032,390055012,1892020,0.48,1243292,10742784,44993664,11.16,4532120,8247764,2012,822252,1448420,9984,12244,268116
2024-01-19T18:45:41,379483384,390006852,1939808,0.49,1243292,10743204,51410420,12.75,4532240,8305880,3672,880104,1448860,10016,13368,268204
2024-01-19T18:45:46,379473920,389997860,1948940,0.49,1243312,10743644,51505240,12.77,4532276,8302028,2696,875768,1448732,10000,13212,268228
2024-01-19T18:45:51,379476988,390001556,1945072,0.49,1243316,10744252,51717368,12.83,4532320,8306376,3768,879168,1448920,10032,13392,268316
2024-01-19T18:45:56,379495356,390021140,1925476,0.49,1243328,10745388,51411856,12.75,4532428,8304308,2452,876468,1449000,9952,13140,268244
2024-01-19T18:46:01,379474356,390000584,1945808,0.49,1243332,10745824,51402172,12.75,4532480,8300708,3376,872528,1449228,10048,13148,268260
2024-01-19T18:46:06,379467572,389994644,1951960,0.49,1243340,10746596,51608796,12.8,4532544,8305672,2616,876696,1449080,10016,13176,268212
2024-01-19T18:46:11,379463140,389991600,1954900,0.5,1243344,10747936,51203756,12.7,4532584,8311084,3700,880232,1449228,10256,13360,268260
2024-01-19T18:46:16,379468432,389997536,1949556,0.49,1243356,10748580,51508720,12.77,4532664,8310320,2788,879424,1448624,10000,13560,268260
2024-01-19T18:46:21,379479232,390009080,1937416,0.49,1243360,10749348,51713212,12.82,4532776,8309980,3392,878352,1449192,10048,13140,268276
2024-01-19T18:46:26,379489956,390020244,1926568,0.49,1243368,10749796,51404840,12.75,4532808,8308172,2528,876384,1448860,10032,13264,268244
2024-01-19T18:46:31,379492296,390023328,1923444,0.49,1243376,10750480,51714688,12.82,4532840,8311348,2836,878752,1448952,9968,13156,268180
2024-01-19T18:46:36,379475192,390007544,1939096,0.49,1243384,10751704,51615004,12.8,4532988,8314064,2304,880384,1449172,9984,13196,268244
2024-01-19T18:46:41,379479104,390012144,1934476,0.49,1243388,10752392,51818752,12.85,4533040,8315992,2624,881248,1449188,10000,13256,268244
2024-01-19T18:46:46,379536988,390071844,1874856,0.47,1243392,10754176,44009900,10.91,4533044,8248004,1468,811876,1449136,9968,12112,268180
2024-01-19T18:46:51,379513424,390047708,1898672,0.48,1243396,10753572,51302184,12.72,4533132,8311536,1444,876180,1449484,9936,13420,268244
2024-01-19T18:46:56,379499144,390034960,1910976,0.48,1243408,10755136,51405292,12.75,4533256,8309508,3520,872676,1449884,10032,12756,268204
2024-01-19T18:47:01,379510900,390046988,1898960,0.48,1243408,10755420,51512768,12.77,4533288,8319448,2708,882348,1449860,10000,13252,268212
2024-01-19T18:47:06,379517472,390054412,1891612,0.48,1243412,10756248,51508624,12.77,4533348,8313788,3840,876020,1449804,9968,13228,268228
2024-01-19T18:47:11,379507344,390045436,1900528,0.48,1243416,10757396,51307108,12.72,4533404,8320600,3192,881664,1449864,9968,13280,268196
2024-01-19T18:47:16,379505032,390043540,1902228,0.48,1243424,10757864,51305072,12.72,4533500,8317452,3720,878016,1450000,9984,13172,268212
2024-01-19T18:47:21,379513936,390052888,1892748,0.48,1243424,10758304,48798280,12.1,4533544,8306356,2400,866688,1450136,9984,12880,268212
2024-01-19T18:47:26,379510448,390050520,1895244,0.48,1243436,10759400,48693948,12.08,4533660,8314776,3412,873992,1450020,9984,13212,268148
2024-01-19T18:47:31,379492560,390033592,1912228,0.48,1243440,10760332,51509676,12.77,4533692,8321040,2888,879364,1449988,9952,13156,268196
2024-01-19T18:47:36,379506516,390048696,1897276,0.48,1243444,10761540,47915084,11.88,4533768,8289932,3724,847208,1449772,9968,12776,268244
2024-01-19T18:47:41,379486936,390028804,1916988,0.49,1243452,10761236,51716024,12.82,4533792,8323056,2712,880708,1449936,9952,13252,268228
2024-01-19T18:47:46,379496768,390040228,1905452,0.48,1243456,10762812,51405160,12.75,4533856,8321340,2276,877360,1450060,9984,13428,268244
2024-01-19T18:47:51,379536372,390080980,1865380,0.47,1243460,10763896,51611488,12.8,4533976,8323892,1860,879072,1449440,9952,12880,268180
2024-01-19T18:47:56,379536800,390080944,1864952,0.47,1243464,10763424,51412000,12.75,4533976,8322780,2724,878396,1449908,10176,13472,268276
2024-01-19T18:48:01,379524036,390069104,1877116,0.48,1243468,10764364,51608212,12.8,4534064,8320004,948,874768,1449564,10016,13272,268164
2024-01-19T18:48:06,379514836,390060800,1885708,0.48,1243476,10765188,51405384,12.75,4534136,8322928,2536,877216,1449340,10080,13428,268132
2024-01-19T18:48:11,379510348,390057216,1889348,0.48,1243488,10766100,51610532,12.8,4534224,8323100,1920,876324,1449264,9968,13168,268116
2024-01-19T18:48:16,379503964,390051624,1894920,0.48,1243492,10766892,51607272,12.8,4534304,8319964,1808,871880,1449280,9968,13280,268068
2024-01-19T18:48:21,379480812,390029288,1917180,0.49,1243496,10767676,51503140,12.77,4534356,8322644,3512,874308,1449384,10000,13212,268132
2024-01-19T18:48:26,379481064,390031256,1915292,0.49,1243500,10769372,48798616,12.1,4534452,8319688,2252,870176,1449320,9968,12672,268084
2024-01-19T18:48:31,379483036,390033284,1913252,0.48,1243504,10769400,51202872,12.7,4534492,8330932,3880,881036,1449356,10000,13288,268148
2024-01-19T18:48:36,379482908,390033872,1912416,0.48,1243512,10770088,51404788,12.75,4534548,8329184,2780,878600,1449624,9952,13176,268132
2024-01-19T18:48:41,379522028,390075000,1871000,0.47,1243520,10772008,47605672,11.81,4534640,8296336,3328,843852,1449992,9936,12668,268148
2024-01-19T18:48:46,379496368,390049564,1896724,0.48,1243524,10772208,51306340,12.72,4534728,8330940,2572,877988,1449724,9968,13228,268148
2024-01-19T18:48:51,379533444,390087720,1858240,0.47,1243528,10773224,47501648,11.78,4534752,8295576,3240,841944,1450112,9936,12552,268132
2024-01-19T18:48:56,379510744,390065340,1880728,0.48,1243536,10773540,51818016,12.85,4534844,8333424,2516,879648,1450000,9968,13228,268132
2024-01-19T18:49:01,379533308,390089244,1856348,0.47,1243548,10774716,47809544,11.86,4534864,8301012,2052,845572,1450628,9920,13112,268228
2024-01-19T18:49:06,379494460,390051076,1895108,0.48,1243552,10775392,51406460,12.75,4534996,8333736,1604,878232,1450036,9904,12780,268164
2024-01-19T18:49:11,379474844,390032728,1913916,0.48,1243556,10776516,51508728,12.77,4535104,8333104,3604,876576,1449716,9968,13280,268164
2024-01-19T18:49:16,379471884,390030012,1916636,0.49,1243556,10776768,51512136,12.77,4535100,8339356,484,882608,1449704,9952,13252,268180
2024-01-19T18:49:21,379484468,390043668,1902732,0.48,1243568,10777776,51605012,12.8,4535188,8329428,1680,871748,1450004,9920,12792,268148
2024-01-19T18:49:26,379482556,390042880,1903848,0.48,1243572,10778920,51202504,12.7,4535244,8339668,1800,880476,1449652,9904,13088,268116
2024-01-19T18:49:31,379470736,390032068,1914676,0.48,1243576,10779828,51507944,12.77,4535348,8338052,3124,878520,1449732,9920,13184,268180
2024-01-19T18:49:36,379474504,390036332,1910432,0.48,1243588,10780320,51508452,12.77,4535376,8337304,392,877332,1449704,9952,13224,268196
2024-01-19T18:49:41,379448488,390010912,1935640,0.49,1243596,10780852,51402600,12.75,4535452,8335024,1664,874424,1449972,10016,13076,268228
2024-01-19T18:49:46,379469800,390034068,1912900,0.48,1243604,10782684,47916124,11.88,4535552,8310844,1664,848476,1449560,9904,12616,268260
2024-01-19T18:49:51,379475648,390040636,1905600,0.48,1243604,10783400,47810180,11.86,4535636,8308096,2160,845732,1450296,10064,12760,268228
2024-01-19T18:49:56,379472160,390038092,1908968,0.48,1243604,10784348,47812012,11.86,4535668,8310868,80,846920,1449468,9968,12660,268212
2024-01-19T18:50:01,379445836,390011524,1935740,0.49,1243612,10784072,51821816,12.85,4535696,8347408,880,883888,1449288,9968,13268,268172
2024-01-19T18:50:06,379471712,390039652,1907788,0.48,1243620,10786336,47710392,11.83,4535820,8312404,2784,846780,1449092,9904,12628,268180
2024-01-19T18:50:11,379441104,390009236,1938436,0.49,1243620,10786464,51717568,12.83,4535920,8346356,2488,880704,1448924,10000,13380,268268
2024-01-19T18:50:16,379453072,390021712,1926420,0.49,1243632,10786948,51607944,12.8,4535940,8342388,3252,876216,1448476,10000,13244,268164
2024-01-19T18:50:21,379467684,390036816,1911228,0.48,1243632,10787436,51510680,12.77,4535980,8346728,2740,880076,1448568,9984,13268,268164
2024-01-19T18:50:26,379500376,390070984,1876772,0.48,1243632,10789000,47703420,11.83,4536052,8306472,2052,838340,1448768,9904,12308,268148
2024-01-19T18:50:31,379464968,390036256,1911604,0.48,1243640,10789640,51616256,12.8,4536188,8350340,2412,881236,1448696,9968,13216,268116
2024-01-19T18:50:36,379454176,390025776,1922276,0.49,1243648,10789908,51609800,12.8,4536192,8346708,3244,877836,1448540,10000,13320,268116
2024-01-19T18:50:41,379467136,390040204,1907808,0.48,1243652,10791336,51301936,12.72,4536276,8346376,2764,876108,1448616,9952,13124,268036
2024-01-19T18:50:46,379478104,390052012,1895916,0.48,1243668,10792124,48490436,12.02,4536336,8345092,2872,874072,1448736,9936,12956,268052
2024-01-19T18:50:51,379469712,390043880,1903376,0.48,1243672,10792376,51611668,12.8,4536432,8350360,2620,879208,1449412,10000,13340,268084
2024-01-19T18:50:56,379503064,390078796,1868600,0.47,1243680,10793964,44786708,11.11,4536472,8292128,2804,819332,1449240,9920,12168,268068
2024-01-19T18:51:01,379442668,390019612,1927780,0.49,1243688,10795144,51306984,12.72,4536564,8356588,3560,882688,1449268,9936,13252,268116
2024-01-19T18:51:06,379457196,390033920,1913524,0.48,1243692,10794908,51405880,12.75,4536632,8352764,3340,879220,1449228,9984,13232,268132
2024-01-19T18:51:11,379463252,390040460,1907088,0.48,1243696,10795380,51509752,12.77,4536664,8353264,2712,879208,1449132,9888,13068,268132
2024-01-19T18:51:16,379461656,390040020,1907252,0.48,1243704,10796540,51098848,12.67,4536776,8350404,3548,874968,1449396,9952,13244,268148
2024-01-19T18:51:21,379462968,390042388,1904516,0.48,1243708,10797592,51816444,12.85,4536876,8351140,2340,875296,1449764,10016,13532,268092
2024-01-19T18:51:26,379459244,390039024,1907852,0.48,1243712,10797932,51612900,12.8,4536888,8356912,2732,880236,1449808,10080,13192,268132
2024-01-19T18:51:31,379523412,390104952,1841960,0.47,1243712,10799740,44112336,10.94,4536892,8292104,1908,813908,1449724,9888,12032,268100
2024-01-19T18:51:36,379454792,390037052,1909664,0.48,1243720,10800456,51397348,12.75,4536964,8346196,2508,867140,1449916,10192,12524,268212
2024-01-19T18:51:41,379455516,390037780,1909112,0.48,1243728,10800436,51511072,12.77,4537136,8358732,2336,880036,1449756,10000,13244,268244
2024-01-19T18:51:46,379450804,390033764,1913252,0.48,1243728,10801132,51711260,12.82,4537168,8355992,2876,876608,1449632,9936,13192,268148
2024-01-19T18:51:51,379455208,390038728,1908408,0.48,1243736,10801644,51814568,12.85,4537204,8358408,3480,878528,1449552,9968,13240,268260
2024-01-19T18:51:56,379452464,390037492,1909668,0.48,1243744,10803128,48592512,12.05,4537304,8356848,2208,875664,1449544,9952,12704,268180
2024-01-19T18:52:01,379477000,390062664,1884576,0.48,1243756,10803724,51711696,12.82,4537424,8359228,3428,877584,1449492,9984,13268,268212
2024-01-19T18:52:06,379474632,390060936,1886280,0.48,1243764,10804364,51611220,12.8,4537456,8362104,2640,879828,1449508,9984,13284,268228
2024-01-19T18:52:11,379492072,390079088,1867940,0.47,1243776,10805052,51303204,12.72,4537504,8359056,3588,876132,1449708,9968,13224,268228
2024-01-19T18:52:16,379489012,390077164,1869836,0.47,1243780,10806156,51612972,12.8,4537628,8361260,2176,877472,1449764,9968,13100,268164
2024-01-19T18:52:21,379475048,390064004,1883092,0.48,1243792,10806936,51507176,12.77,4537676,8362304,3760,877648,1449680,9952,13220,268180
2024-01-19T18:52:26,379476508,390066172,1881116,0.48,1243800,10807628,51508500,12.77,4537756,8363628,2664,878388,1449496,9952,13196,268116
2024-01-19T18:52:31,379460264,390050468,1896908,0.48,1243800,10808168,51507380,12.77,4537788,8364652,1544,878932,1449408,10000,13316,268100
2024-01-19T18:52:36,379452576,390044592,1903092,0.48,1243804,10809908,51612672,12.8,4537884,8367292,2008,879920,1449168,9936,13272,268100
2024-01-19T18:52:41,379450740,390043220,1904400,0.48,1243816,10810352,51710672,12.82,4537984,8361984,3416,874368,1449240,9968,13216,268068
2024-01-19T18:52:46,379450540,390043676,1904136,0.48,1243820,10810964,51403724,12.75,4538032,8363044,2636,874688,1449088,10000,13324,268084
2024-01-19T18:52:51,379452472,390046140,1901704,0.48,1243828,10811504,51509480,12.77,4538064,8365816,3604,877104,1449040,9936,13192,268068
2024-01-19T18:52:56,379486212,390081296,1866636,0.47,1243832,10812904,47812264,11.86,4538132,8339140,1256,848524,1448964,9952,12808,268084
2024-01-19T18:53:01,379439372,390035192,1912924,0.48,1243836,10813668,51612828,12.8,4538280,8369592,3092,878868,1448748,9936,13256,268100
2024-01-19T18:53:06,379438956,390035080,1913020,0.48,1243836,10813924,51407164,12.75,4538288,8371548,280,880560,1448812,9952,13272,268084
2024-01-19T18:53:11,379444428,390041164,1907040,0.48,1243836,10814504,48488436,12.02,4538300,8348188,1132,856544,1448740,10224,12932,268116
2024-01-19T18:53:16,379451424,390049720,1898236,0.48,1243848,10816068,48692272,12.08,4538444,8363620,1596,870632,1448972,9872,13020,268084
2024-01-19T18:53:21,379443308,390042416,1905148,0.48,1243852,10816880,51506164,12.77,4538500,8370012,2912,876200,1449360,10384,13496,268148
2024-01-19T18:53:26,379438988,390038548,1909004,0.48,1243852,10817324,51509992,12.77,4538552,8371720,676,877632,1449380,9968,13280,268164
2024-01-19T18:53:31,379453428,390053960,1893324,0.48,1243852,10818316,51505236,12.77,4538604,8368700,1144,873604,1449628,9904,13148,268132
2024-01-19T18:53:36,379455864,390058176,1889556,0.48,1243864,10820044,48798384,12.1,4538728,8354864,3332,858220,1449220,9936,12688,268196
2024-01-19T18:53:41,379432844,390035040,1912736,0.48,1243872,10819908,51304652,12.72,4538752,8375776,2824,879300,1449188,9952,13240,268180
2024-01-19T18:53:46,379418852,390022208,1925204,0.49,1243884,10821004,51407416,12.75,4538864,8372984,3780,875496,1449604,9952,13232,268100
2024-01-19T18:53:51,379436656,390042656,1904860,0.48,1243888,10823648,47606136,11.81,4538920,8344380,2716,844276,1449496,9920,12792,268052
2024-01-19T18:53:56,379401876,390006844,1940232,0.49,1243896,10822828,51406800,12.75,4539020,8379884,3704,880620,1449716,9936,13256,268148
2024-01-19T18:54:01,379435808,390042732,1904388,0.48,1243904,10824796,47909688,11.88,4539056,8342764,412,841508,1449652,9936,12552,268132
2024-01-19T18:54:06,379424580,390031840,1915700,0.49,1243904,10825104,47502404,11.78,4539120,8344996,2180,843640,1449260,9952,12684,268180
2024-01-19T18:54:11,379408876,390016360,1930888,0.49,1243912,10825300,48593572,12.05,4539228,8359384,1944,857872,1449572,9920,12956,268180
2024-01-19T18:54:16,379388508,389996396,1950620,0.49,1243916,10825984,51405860,12.75,4539276,8377560,1456,875380,1449520,9936,13216,268132
2024-01-19T18:54:21,379377984,389987252,1960104,0.5,1243920,10827384,51610700,12.8,4539324,8382548,1404,879080,1449156,9888,12916,268116
2024-01-19T18:54:26,379392644,390002124,1945300,0.49,1243924,10827544,51406020,12.75,4539400,8382388,2668,878812,1449136,9920,13244,268148
2024-01-19T18:54:31,379386244,389996692,1951148,0.49,1243928,10828496,51611212,12.8,4539488,8380464,2060,876056,1448732,9888,12708,268100
2024-01-19T18:54:36,379367624,389979044,1969036,0.5,1243936,10829440,51305956,12.72,4539576,8382724,3600,877436,1448512,9920,13244,268100
2024-01-19T18:54:41,379369212,389980880,1967276,0.5,1243940,10829688,51508836,12.77,4539584,8386712,2744,881172,1448432,9952,13348,268132
2024-01-19T18:54:46,379372636,389984916,1963332,0.5,1243940,10830288,51304340,12.72,4539620,8387108,1624,880892,1448352,9888,13224,268100
2024-01-19T18:54:51,379388736,390002936,1945952,0.49,1243948,10832168,47811212,11.86,4539736,8353948,1308,845968,1447744,9904,12752,268052
2024-01-19T18:54:56,379360768,389975424,1973228,0.5,1243952,10832596,51608708,12.8,4539820,8385468,3276,877140,1448004,9888,13268,268148
2024-01-19T18:55:01,379354240,389969132,1979492,0.5,1243964,10832832,51508104,12.77,4539828,8385328,2392,876840,1448020,9888,13212,268212
2024-01-19T18:55:06,379347124,389963196,1985044,0.5,1243968,10833968,51407564,12.75,4539948,8389220,1956,880192,1448444,10288,13420,268212
2024-01-19T18:55:11,379361564,389979048,1969100,0.5,1243980,10835424,48797904,12.1,4540028,8391280,2348,879892,1448480,9936,13364,268180
2024-01-19T18:55:16,379359672,389976952,1970256,0.5,1243988,10835200,51407576,12.75,4540068,8390372,2852,879752,1449432,10112,13336,268148
2024-01-19T18:55:21,379383204,390002072,1946272,0.49,1244000,10836780,51507928,12.77,4540196,8386404,1100,873808,1448292,9872,12816,268052
2024-01-19T18:55:26,379367088,389986720,1961464,0.5,1244008,10837488,51614508,12.8,4540236,8396264,2372,883480,1448500,9904,13312,268052
2024-01-19T18:55:31,379342792,389963028,1985284,0.5,1244012,10838064,51198844,12.7,4540312,8390160,3744,876872,1448396,9840,13164,268116
2024-01-19T18:55:36,379365948,389987772,1960104,0.5,1244020,10839604,48590440,12.05,4540388,8378512,1164,863512,1448872,9872,12412,268100
2024-01-19T18:55:41,379386896,390008844,1939176,0.49,1244028,10839752,51610940,12.8,4540464,8392020,2960,877664,1448696,9904,13264,268084
2024-01-19T18:55:46,379388724,390011168,1936832,0.49,1244036,10840232,51304600,12.72,4540512,8395312,596,879884,1448724,9904,13280,268084
2024-01-19T18:55:51,379369824,389993456,1954664,0.5,1244048,10841412,51715032,12.82,4540600,8396304,2604,879780,1448600,9904,13272,268116
2024-01-19T18:55:56,379382680,390007976,1939908,0.49,1244052,10843072,48692052,12.07,4540700,8374800,2188,856800,1448836,9872,12696,268084
2024-01-19T18:56:01,379366588,389991996,1955904,0.5,1244064,10843152,51712268,12.82,4540760,8396432,1676,878572,1448840,9888,13284,268068
2024-01-19T18:56:06,379360216,389986684,1961244,0.5,1244072,10844216,51095748,12.67,4540780,8395616,808,876564,1448800,9856,12896,268020
2024-01-19T18:56:11,379369720,389997244,1950932,0.49,1244072,10845268,51505196,12.77,4540896,8396200,2476,876284,1448556,9888,13084,268084
2024-01-19T18:56:16,379361412,389989476,1958708,0.5,1244072,10845832,51611124,12.8,4540912,8399496,388,879000,1448524,9888,13268,268084
2024-01-19T18:56:21,379358284,389987456,1960384,0.5,1244072,10846872,51610488,12.8,4541012,8399796,1728,878372,1448936,9872,13296,268052
2024-01-19T18:56:26,379347348,389977756,1970060,0.5,1244076,10848112,51510408,12.77,4541068,8403840,1916,881088,1448952,9872,13236,268052
2024-01-19T18:56:31,379340828,389971808,1976200,0.5,1244080,10848628,51511240,12.77,4541148,8404348,3288,881228,1448812,9824,13188,268116
2024-01-19T18:56:36,379351528,389983012,1964968,0.5,1244084,10849132,51711068,12.82,4541188,8400712,2648,877056,1448836,9840,13216,268132
2024-01-19T18:56:41,379358720,389991304,1956640,0.5,1244092,10850220,51405960,12.75,4541276,8402196,3724,877676,1448876,9872,13244,268196
2024-01-19T18:56:46,379350336,389984092,1963908,0.5,1244100,10851396,51614164,12.8,4541348,8407316,3092,881708,1448808,9872,13300,268164
2024-01-19T18:56:51,379342220,389976300,1970988,0.5,1244108,10851692,51613124,12.8,4541396,8408212,3588,882044,1449540,10032,13180,268180
2024-01-19T18:56:56,379336460,389971512,1975792,0.5,1244112,10852644,51507904,12.77,4541500,8405024,2580,878248,1449540,9904,13352,268084
2024-01-19T18:57:01,379357156,389993292,1954260,0.49,1244120,10853708,45571556,11.3,4541536,8382160,2896,854480,1449304,10240,12284,268148
2024-01-19T18:57:06,379330824,389967652,1979704,0.5,1244124,10854400,51509804,12.77,4541660,8406416,2420,877980,1449496,9888,13292,268084
2024-01-19T18:57:11,379341132,389978868,1968832,0.5,1244132,10855280,51611112,12.8,4541716,8409052,2340,879716,1449172,9872,13296,268084
2024-01-19T18:57:16,379346332,389985136,1962528,0.5,1244144,10856340,51409220,12.75,4541776,8411616,3952,881408,1449204,9872,13248,268052
2024-01-19T18:57:21,379351512,389991432,1956112,0.5,1244152,10857400,51611656,12.8,4541884,8408976,2624,877828,1449372,9840,13212,268068
2024-01-19T18:57:26,379374228,390014848,1932300,0.49,1244164,10858044,51614452,12.8,4541948,8411844,3720,880116,1449812,9888,13260,268068
2024-01-19T18:57:31,379380672,390021912,1925264,0.49,1244168,10858612,51506900,12.77,4541992,8408976,2756,877064,1449832,9872,13264,268084
2024-01-19T18:57:36,379444864,390086856,1860272,0.47,1244168,10859288,42855068,10.63,4542016,8360620,2796,827648,1449956,9920,12428,268020
2024-01-19T18:57:41,379391876,390035096,1912356,0.48,1244172,10860500,51610032,12.8,4542152,8411160,2476,877012,1449644,9888,13264,268084
2024-01-19T18:57:46,379374692,390018532,1928792,0.49,1244172,10861044,51509420,12.77,4542196,8416188,3840,881536,1449848,9904,13312,268132
2024-01-19T18:57:51,379380424,390025160,1922096,0.49,1244172,10861936,51405948,12.75,4542232,8414736,276,879180,1449920,9920,13280,268100
2024-01-19T18:57:56,379383896,390029356,1917784,0.49,1244180,10862612,51406396,12.75,4542308,8415168,2444,879136,1450076,9920,13260,268148
2024-01-19T18:58:01,379383020,390029712,1917612,0.49,1244188,10863776,51407488,12.75,4542428,8413808,304,876704,1449952,9856,13184,268084
2024-01-19T18:58:06,379377136,390024316,1923320,0.49,1244200,10864276,51406664,12.75,4542472,8416800,1988,879224,1449616,9904,13244,268068
2024-01-19T18:58:11,379380416,390028316,1919612,0.49,1244204,10865004,51509332,12.77,4542532,8417004,208,878888,1449312,9904,13280,268116
2024-01-19T18:58:16,379379412,390028312,1919660,0.49,1244212,10866012,51507744,12.77,4542600,8418656,2188,879432,1449252,9872,13280,268100
2024-01-19T18:58:21,379371348,390021028,1927424,0.49,1244216,10866748,51509276,12.77,4542688,8418016,1156,878288,1448812,9904,13224,268116
2024-01-19T18:58:26,379377332,390028100,1919768,0.49,1244228,10867856,51615528,12.8,4542736,8423864,3244,883100,1449364,9904,13324,268132
2024-01-19T18:58:31,379368424,390019780,1927976,0.49,1244236,10868408,51409616,12.75,4542804,8423836,2652,882416,1449504,9904,13340,268116
2024-01-19T18:58:36,379335144,389987116,1961192,0.5,1244240,10868976,51508448,12.77,4542888,8420500,1872,878436,1448996,9968,13328,268132
2024-01-19T18:58:41,379325568,389978280,1970032,0.5,1244248,10869720,51511568,12.77,4542956,8425292,1192,882256,1448980,9888,13240,268068
2024-01-19T18:58:46,379318868,389972164,1975996,0.5,1244252,10870328,51303520,12.72,4543008,8420204,1612,877100,1449104,10064,13300,268116
2024-01-19T18:58:51,379316568,389970724,1977252,0.5,1244264,10871116,51196792,12.7,4543068,8416500,232,872740,1449348,9904,13072,268020
2024-01-19T18:58:56,379311156,389966148,1981856,0.5,1244268,10871872,51509028,12.77,4543156,8422720,1596,878636,1449396,9904,13332,267988
2024-01-19T18:59:01,379302588,389958300,1989348,0.5,1244280,10872584,51715488,12.82,4543208,8424928,2008,879656,1449748,9904,13216,268068
2024-01-19T18:59:06,379315104,389971528,1976324,0.5,1244284,10873304,48591308,12.05,4543264,8419576,1448,873732,1449532,9904,13052,268084
2024-01-19T18:59:11,379328120,389986604,1961424,0.5,1244296,10875324,51508660,12.77,4543332,8425444,3412,877568,1449384,9920,13244,268132
2024-01-19T18:59:16,379331760,389990080,1958140,0.5,1244300,10875112,51509620,12.77,4543444,8427600,2628,880080,1449236,9920,13348,268180
2024-01-19T18:59:21,379311404,389970516,1977976,0.5,1244304,10875972,51715836,12.82,4543500,8429780,1940,881444,1448892,9936,13280,268148
2024-01-19T18:59:26,379329508,389989592,1959080,0.5,1244304,10876916,51609188,12.8,4543580,8426512,1752,877308,1448740,9856,13108,268132
2024-01-19T18:59:31,379338404,389999480,1948872,0.49,1244316,10877868,51713876,12.82,4543692,8429232,3512,879208,1449088,9936,13296,268100
2024-01-19T18:59:36,379354944,390016116,1932192,0.49,1244320,10877976,48793000,12.1,4543700,8407964,3260,858360,1449116,9952,13236,268116
2024-01-19T18:59:41,379333640,389995972,1952152,0.49,1244324,10879120,51611948,12.8,4543748,8430672,3860,879520,1449312,9984,13352,268132
2024-01-19T18:59:46,379322512,389986240,1961464,0.5,1244332,10880484,51610212,12.8,4543896,8429812,2404,877376,1449756,9936,13260,268132
2024-01-19T18:59:51,379322808,389987004,1960376,0.5,1244340,10881080,48384544,12.0,4543924,8409812,3152,856832,1449944,9936,13052,268180
2024-01-19T18:59:56,379303704,389968372,1979328,0.5,1244348,10881536,51508172,12.77,4543972,8431556,2724,878088,1449632,9904,13272,268164
2024-01-19T19:00:01,379368120,390035452,1912160,0.48,1244360,10884228,44792268,11.11,4544016,8382772,2028,826584,1449680,9888,12028,268132
2024-01-19T19:00:06,379323016,389989520,1957900,0.5,1244360,10883396,51713384,12.82,4544160,8434708,1904,879624,1449876,9920,13324,268116
2024-01-19T19:00:11,379305768,389972828,1974412,0.5,1244360,10883952,51408656,12.75,4544180,8437132,3464,881436,1450056,9920,13284,268116
2024-01-19T19:00:16,379310984,389978260,1968708,0.5,1244360,10884152,51608440,12.8,4544204,8431760,388,875856,1450344,9920,13444,268052
2024-01-19T19:00:21,379333740,390002168,1945160,0.49,1244372,10885288,48693340,12.08,4544308,8430824,1868,873580,1449988,10320,13304,268228
2024-01-19T19:00:26,379324740,389994308,1953640,0.49,1244376,10886400,51611484,12.8,4544428,8435392,2456,877536,1449392,9936,13320,268116
2024-01-19T19:00:31,379349428,390019340,1927656,0.49,1244384,10886744,51613104,12.8,4544428,8439240,1168,880584,1450336,10256,13284,268132
2024-01-19T19:00:36,379341448,390012208,1935784,0.49,1244392,10887592,51508224,12.77,4544504,8435548,1200,876556,1449332,9936,13284,268116
2024-01-19T19:00:41,379318256,389990228,1957892,0.5,1244396,10888796,51714140,12.82,4544624,8439376,2012,879332,1449208,9920,13304,268132
2024-01-19T19:00:46,379296168,389968788,1979332,0.5,1244420,10889380,51610004,12.8,4544628,8438100,424,877344,1449248,9920,12740,268180
2024-01-19T19:00:51,379312748,389986588,1961020,0.5,1244428,10890616,48590732,12.05,4544684,8420052,976,858152,1449736,9888,12696,268180
2024-01-19T19:00:56,379283496,389957556,1989956,0.5,1244436,10890784,51714820,12.82,4544812,8443408,1896,881492,1449876,9920,13328,268100
2024-01-19T19:01:01,379292636,389967180,1980380,0.5,1244440,10891264,51715288,12.82,4544564,8443628,2256,880976,1449828,9904,13296,268068
2024-01-19T19:01:06,379301124,389976160,1971136,0.5,1244452,10891760,51509168,12.77,4544612,8444952,628,881700,1450076,9920,13256,268084
2024-01-19T19:01:11,379291216,389966888,1980132,0.5,1244460,10892420,51610260,12.8,4544664,8441540,936,877916,1450320,9872,13612,268084
2024-01-19T19:01:16,379283624,389960608,1986616,0.5,1244468,10893676,51506792,12.77,4544796,8442540,2096,877648,1450164,9920,13296,268116
2024-01-19T19:01:21,379280212,389957688,1989632,0.5,1244468,10894176,51712508,12.82,4544824,8443012,2280,877692,1450060,9920,13292,268100
2024-01-19T19:01:26,379313776,389992464,1954812,0.5,1244472,10895380,51816056,12.85,4544884,8445488,2440,878508,1450108,9936,12900,268052
2024-01-19T19:01:31,379308496,389988068,1959496,0.5,1244476,10896292,48794592,12.1,4544968,8443400,2528,876144,1449788,9920,13296,268084
2024-01-19T19:01:36,379327120,390007112,1940436,0.49,1244484,10896640,51816856,12.85,4545048,8448452,2668,880988,1449868,9936,13300,268164
2024-01-19T19:01:41,379328288,390008792,1938732,0.49,1244492,10897148,51610960,12.8,4545084,8447484,2492,879396,1449888,9936,13304,268164
2024-01-19T19:01:46,379393916,390076436,1871116,0.47,1244500,10899164,43697312,10.84,4545144,8378152,2284,808024,1449852,9920,12080,268100
2024-01-19T19:01:51,379323316,390005708,1942312,0.49,1244508,10899048,51407248,12.75,4545264,8448984,2308,879392,1449364,9968,13336,268132
2024-01-19T19:01:56,379336476,390019720,1928132,0.49,1244512,10899872,51508568,12.77,4545324,8447996,2660,877392,1449556,9936,13288,268116
2024-01-19T19:02:01,379341128,390024868,1922856,0.49,1244516,10900376,51508240,12.77,4545368,8452776,2884,881836,1449672,9936,13312,268116
2024-01-19T19:02:06,379337136,390021740,1926080,0.49,1244520,10901220,51509788,12.77,4545428,8451168,2092,878532,1449592,9984,13504,268164
2024-01-19T19:02:11,379324584,390010648,1937160,0.49,1244524,10902632,51609156,12.8,4545516,8451140,2116,877988,1449648,9936,13324,268196
2024-01-19T19:02:16,379340188,390026588,1920256,0.49,1244524,10902912,51610272,12.8,4545576,8450412,2460,877492,1450668,10192,13552,268212
2024-01-19T19:02:21,379333272,390020456,1927932,0.49,1244532,10903664,51404396,12.75,4545632,8450768,2536,876676,1449148,9936,12832,268180
2024-01-19T19:02:26,379338680,390026792,1921228,0.49,1244536,10904564,51610184,12.8,4545732,8453504,2504,878548,1449540,9984,13320,268164
2024-01-19T19:02:31,379334532,390023484,1924048,0.49,1244548,10905420,51612180,12.8,4545796,8455324,2684,879528,1450000,9952,13336,268212
2024-01-19T19:02:36,379332100,390021292,1926220,0.49,1244552,10905616,51504336,12.77,4545808,8450996,2416,875096,1450060,9936,13576,268196
2024-01-19T19:02:41,379307280,389997884,1950124,0.49,1244552,10907008,51304240,12.72,4545896,8456524,3028,879256,1449584,9936,13316,268148
2024-01-19T19:02:46,379333984,390024976,1923192,0.49,1244552,10907372,48898232,12.13,4545956,8442396,2268,865320,1449448,9936,12636,268100
2024-01-19T19:02:51,379330224,390021896,1925788,0.49,1244560,10908068,48590668,12.05,4546012,8453460,2420,875336,1449908,9952,13104,268100
2024-01-19T19:02:56,379350764,390043596,1904012,0.48,1244560,10909192,48385260,12.0,4546072,8437420,2744,858132,1450020,9904,13108,268068
2024-01-19T19:03:01,379318616,390012004,1935508,0.49,1244572,10909752,51611188,12.8,4546164,8459804,2772,880100,1450100,9920,13320,268068
2024-01-19T19:03:06,379308312,390002924,1944428,0.49,1244580,10910948,51443328,12.76,4546236,8461868,3092,880992,1450280,9920,13320,268052
2024-01-19T19:03:11,379302788,389997796,1949692,0.49,1244588,10911336,51197204,12.7,4546296,8456356,2788,875284,1450144,9936,13268,268132
2024-01-19T19:03:16,379309780,390005716,1941396,0.49,1244596,10912244,51609572,12.8,4546392,8460860,2608,878748,1450532,9936,13284,268132
2024-01-19T19:03:21,379309372,390006112,1940900,0.49,1244608,10912996,51302836,12.72,4546428,8460328,740,877576,1450672,9920,13252,268068
2024-01-19T19:03:26,379342052,390040556,1906376,0.48,1244616,10914720,47706504,11.83,4546524,8429196,1308,844916,1450784,9904,12724,268052
2024-01-19T19:03:31,379318528,390017160,1929532,0.49,1244628,10914788,51712164,12.82,4546596,8462336,2300,877900,1451072,9920,13180,268148
2024-01-19T19:03:36,379309456,390008636,1938072,0.49,1244632,10915324,51405332,12.75,4546680,8461220,428,876332,1451064,9936,13208,268068
2024-01-19T19:03:41,379307152,390007176,1939660,0.49,1244640,10916168,51615276,12.8,4546716,8468908,1052,883300,1450928,9920,13264,268132
2024-01-19T19:03:46,379304772,390006016,1941176,0.49,1244648,10917348,51715508,12.82,4546836,8466704,2296,879680,1450604,9920,13304,268132
2024-01-19T19:03:51,379311760,390013336,1934008,0.49,1244652,10917624,51610496,12.8,4546848,8466544,1404,879548,1450504,10240,13184,268180
2024-01-19T19:03:56,379305728,390008240,1938780,0.49,1244656,10918528,51613924,12.8,4546944,8466692,1268,878904,1450856,9920,13588,268132
2024-01-19T19:04:01,379311000,390014492,1932236,0.49,1244660,10919476,51614208,12.8,4547032,8469324,2284,880776,1451176,10208,13336,268148
2024-01-19T19:04:06,379334728,390039632,1907164,0.48,1244660,10920844,47709456,11.83,4547064,8436412,2284,846472,1451152,9872,12736,268084
2024-01-19T19:04:11,379311812,390016844,1929876,0.49,1244660,10920988,51511780,12.77,4547152,8472236,2576,882248,1451212,9888,13312,268068
2024-01-19T19:04:16,379318276,390024020,1922720,0.49,1244664,10921700,51406712,12.75,4547208,8466412,2756,875704,1451188,9840,13204,268052
2024-01-19T19:04:21,379310532,390017072,1929868,0.49,1244668,10922516,51509372,12.77,4547268,8470224,2552,878888,1450964,9904,13324,268036
2024-01-19T19:04:26,379335448,390043552,1903612,0.48,1244668,10924036,47810712,11.86,4547332,8438760,2756,845940,1450784,9904,12836,268084
2024-01-19T19:04:31,379295136,390003684,1943864,0.49,1244668,10924456,51302952,12.72,4547444,8470380,2472,877780,1450424,9888,13276,268116
2024-01-19T19:04:36,379286936,389995788,1951924,0.49,1244676,10924836,51509340,12.77,4547444,8472776,276,879240,1450176,9936,13316,268196
2024-01-19T19:04:41,379279808,389989872,1957784,0.5,1244680,10926024,51511924,12.77,4547520,8477304,1468,882588,1450252,9904,13288,268116
2024-01-19T19:04:46,379306924,390017892,1930016,0.49,1244692,10926944,48688000,12.07,4547616,8449556,1888,853520,1449972,9904,12772,268084
2024-01-19T19:04:51,379275480,389987016,1960608,0.5,1244692,10927440,51404232,12.75,4547692,8474124,2572,878028,1450328,9952,13260,268148
2024-01-19T19:04:56,379285884,389997832,1949464,0.49,1244700,10927860,48591124,12.05,4547700,8457076,964,860672,1450640,9920,12884,268212
2024-01-19T19:05:01,379294768,390008820,1938128,0.49,1244708,10929940,48014700,11.91,4547848,8443328,1524,844996,1451004,9952,12820,268164
2024-01-19T19:05:06,379267052,389981056,1965304,0.5,1244720,10929932,51816008,12.85,4547912,8477356,2364,879244,1451540,9920,13264,268052
2024-01-19T19:05:11,379265156,389979712,1966832,0.5,1244728,10930404,51303820,12.72,4547956,8478316,204,879568,1451428,9936,13236,268068
2024-01-19T19:05:16,379274764,389990936,1956164,0.5,1244740,10931976,48589056,12.05,4548028,8470664,792,870516,1450904,9872,12680,268164
2024-01-19T19:05:21,379297240,390014364,1932620,0.49,1244744,10932904,47913160,11.88,4548120,8447284,1724,846132,1451040,9904,12728,268132
2024-01-19T19:05:26,379293484,390010600,1936636,0.49,1244744,10932888,47915944,11.88,4548140,8450528,2056,849544,1450796,9888,12752,268116
2024-01-19T19:05:31,379272712,389990480,1956784,0.5,1244744,10933512,51510196,12.77,4548224,8481328,2204,879740,1450796,9904,13172,268132
2024-01-19T19:05:36,379257044,389976200,1971280,0.5,1244744,10934872,51300712,12.72,4548328,8476700,2188,874264,1450608,10016,13204,268084
2024-01-19T19:05:41,379258356,389977688,1969804,0.5,1244748,10935036,51607444,12.8,4548356,8480284,1608,877280,1450604,9920,13316,268132
2024-01-19T19:05:46,379254564,389974804,1972700,0.5,1244752,10935940,51305136,12.72,4548372,8482968,1724,879052,1450592,10176,13244,268164
2024-01-19T19:05:51,379273288,389994088,1953468,0.49,1244760,10936456,51608184,12.8,4548468,8481336,1540,876972,1450576,9904,13280,268116
2024-01-19T19:05:56,379263680,389985304,1962368,0.5,1244764,10937236,51511976,12.77,4548540,8488684,2068,883640,1450500,9904,13292,268068
2024-01-19T19:06:01,379250668,389973864,1973808,0.5,1244772,10938812,51406008,12.75,4548620,8484400,2504,877812,1450488,9872,12944,268148
2024-01-19T19:06:06,379261432,389984768,1962956,0.5,1244776,10938904,51609428,12.8,4548688,8484728,2600,878232,1450480,9904,13248,268132
2024-01-19T19:06:11,379269216,389993280,1954028,0.49,1244780,10939616,51711584,12.82,4548748,8484380,2604,877232,1450908,9904,13296,268164
2024-01-19T19:06:16,379289540,390014444,1933072,0.49,1244784,10940436,51610804,12.8,4548812,8487304,2512,879492,1450716,9904,13284,268148
2024-01-19T19:06:21,379322708,390048700,1898544,0.48,1244796,10941428,48691820,12.07,4548840,8465712,1964,856800,1451072,9872,12160,268052
2024-01-19T19:06:26,379298252,390025000,1922356,0.49,1244800,10942200,51607120,12.8,4548964,8485448,2468,875888,1450940,9856,13196,268100
2024-01-19T19:06:31,379287224,390014628,1932912,0.49,1244808,10942692,51614664,12.8,4549012,8494520,2732,884424,1450912,9888,13296,268116
2024-01-19T19:06:36,379305208,390033064,1914284,0.48,1244816,10943144,51716212,12.82,4549048,8493684,2400,883228,1451096,9888,13044,268100
2024-01-19T19:06:41,379312988,390042020,1905140,0.48,1244828,10944204,48587668,12.05,4549148,8467628,2076,856796,1451388,9952,12816,268084
2024-01-19T19:06:46,379290608,390020844,1926032,0.49,1244832,10945400,51306672,12.72,4549260,8490812,2512,878812,1451676,9904,13304,268164
2024-01-19T19:06:51,379276640,390007532,1939160,0.49,1244840,10946032,51816784,12.85,4549332,8492700,2512,879644,1451876,9920,13320,268148
2024-01-19T19:06:56,379299456,390030680,1916048,0.49,1244840,10946356,48694160,12.08,4549336,8474588,2328,861572,1451848,9872,13052,268148
2024-01-19T19:07:01,379365708,390099388,1848048,0.47,1244844,10948672,44007592,10.91,4549412,8424716,2344,809056,1451276,9888,12116,268100
2024-01-19T19:07:06,379302092,390035456,1911892,0.48,1244852,10948328,51303888,12.72,4549500,8492328,2732,876976,1451384,9888,13172,268116
2024-01-19T19:07:11,379323256,390057932,1889480,0.48,1244852,10949544,47607156,11.81,4549544,8463500,2088,847008,1451416,9936,12696,268132
2024-01-19T19:07:16,379305536,390040404,1906608,0.48,1244860,10949744,51507752,12.77,4549600,8497300,2892,880712,1451800,9888,13204,268132
2024-01-19T19:07:21,379300792,390036512,1910536,0.48,1244872,10950588,51508564,12.77,4549672,8497036,2944,879264,1451760,9936,12752,268164
2024-01-19T19:07:26,379284200,390020952,1926012,0.49,1244876,10951508,51506864,12.77,4549796,8495508,2516,876924,1451952,9936,13296,268148
2024-01-19T19:07:31,379275628,390013124,1933772,0.49,1244880,10952252,48795380,12.1,4549812,8494984,1164,876252,1452016,10128,12640,268196
2024-01-19T19:07:36,379314276,390052732,1894132,0.48,1244892,10953192,44892776,11.13,4549864,8446264,908,826560,1452056,9904,12308,268164
2024-01-19T19:07:41,379280928,390020188,1926604,0.49,1244900,10954000,48486872,12.02,4549976,8476360,1880,855412,1452116,9984,12868,268116
2024-01-19T19:07:46,379259064,389999008,1947404,0.49,1244904,10954604,51407584,12.75,4550052,8501204,2552,880684,1452572,9952,13308,268148
2024-01-19T19:07:51,379267056,390007436,1938960,0.49,1244908,10955016,51508200,12.77,4550088,8502252,2668,880904,1452608,9920,13280,268116
2024-01-19T19:07:56,379288552,390030524,1915616,0.49,1244920,10956616,48489600,12.02,4550168,8497116,2236,874168,1452844,9888,12672,268116
2024-01-19T19:08:01,379275700,390018644,1927780,0.49,1244928,10957552,51713136,12.82,4550316,8503028,2408,879368,1452588,9968,13408,268052
2024-01-19T19:08:06,379283672,390026900,1919304,0.49,1244936,10957816,51817568,12.85,4550316,8506452,2772,882472,1452820,9920,13268,268052
2024-01-19T19:08:11,379279240,390023556,1922464,0.49,1244940,10958928,51610428,12.8,4550360,8506076,3100,881048,1452976,9936,13316,268036
2024-01-19T19:08:16,379261572,390006772,1939560,0.49,1244948,10959788,51608708,12.8,4550488,8501596,2640,875888,1452680,9920,13280,268084
2024-01-19T19:08:21,379267140,390013088,1933584,0.49,1244952,10960508,51199216,12.7,4550560,8504220,2516,877808,1452364,9920,13292,268068
2024-01-19T19:08:26,379269412,390015656,1931072,0.49,1244956,10960788,51304172,12.72,4550564,8504248,728,877440,1452320,9920,13248,268068
2024-01-19T19:08:31,379272000,390019108,1927964,0.49,1244964,10961648,51609616,12.8,4550656,8503372,1116,875820,1451972,9856,13208,268068
2024-01-19T19:08:36,379281536,390029720,1917088,0.49,1244972,10962704,51401492,12.75,4550740,8503464,1896,875472,1452248,9904,13240,268036
2024-01-19T19:08:41,379273804,390022884,1924288,0.49,1244972,10963584,51611132,12.8,4550812,8509092,2836,879784,1451900,9904,13288,268036
2024-01-19T19:08:46,379276376,390026348,1920484,0.49,1244980,10964428,51201864,12.7,4550868,8509924,2384,879816,1452280,9920,13280,268068
2024-01-19T19:08:51,379278480,390029424,1917700,0.49,1244988,10965408,51405136,12.75,4550956,8506120,2344,875140,1451972,9952,13344,268068
2024-01-19T19:08:56,379272468,390024420,1922588,0.49,1245000,10966384,51406392,12.75,4551036,8510468,2368,878548,1452108,9920,13288,268116
2024-01-19T19:09:01,379272240,390024700,1922360,0.49,1245008,10966864,51610552,12.8,4551072,8512124,2876,879796,1452076,9920,13276,268100
2024-01-19T19:09:06,379302580,390056872,1890228,0.48,1245016,10968584,47705200,11.83,4551136,8480032,3148,845652,1452140,9856,12796,268036
2024-01-19T19:09:11,379274580,390029096,1917928,0.49,1245020,10968788,51508608,12.77,4551256,8512904,2480,878816,1452232,9888,13220,268068
2024-01-19T19:09:16,379259692,390015720,1931336,0.49,1245028,10970268,51509336,12.77,4551308,8515024,2820,879516,1452224,10128,12796,268100
2024-01-19T19:09:21,379264596,390020616,1926332,0.49,1245036,10970252,51505424,12.77,4551340,8510904,2680,874912,1452332,9904,12924,268100
2024-01-19T19:09:26,379250456,390007160,1940052,0.49,1245044,10970904,51505248,12.77,4551440,8512868,2540,876784,1452092,9936,13300,268116
2024-01-19T19:09:31,379271756,390029992,1917088,0.49,1245056,10972336,47605320,11.81,4551488,8484068,2308,846592,1452312,9936,12788,268132
2024-01-19T19:09:36,379241172,389999800,1947268,0.49,1245060,10972732,48796544,12.1,4551608,8513460,2200,875812,1452316,9888,13024,268084
2024-01-19T19:09:41,379228952,389988372,1958208,0.5,1245072,10973480,51510228,12.77,4551676,8519216,2696,880780,1452836,9904,13292,268116
2024-01-19T19:09:46,379233044,389993320,1953452,0.49,1245080,10974272,51505680,12.77,4551716,8515140,640,875840,1452700,9856,13288,268068
2024-01-19T19:09:51,379249672,390011236,1935316,0.49,1245088,10975528,51406544,12.75,4551856,8519136,1812,878852,1452944,9872,13196,268052
2024-01-19T19:09:56,379234816,389997144,1949252,0.49,1245092,10976272,51609152,12.8,4551932,8519732,2488,878788,1453116,9888,13292,268100
2024-01-19T19:10:01,379242300,390005368,1940824,0.49,1245096,10976964,51607732,12.8,4551936,8521260,808,879596,1453364,9888,13328,268100
2024-01-19T19:10:06,379240700,390004612,1942072,0.49,1245100,10977780,51606604,12.8,4552040,8516936,1044,874460,1452896,9872,12716,268132
2024-01-19T19:10:11,379235028,389999536,1947220,0.49,1245108,10978316,51509296,12.77,4552084,8523068,1968,879716,1452876,9904,13308,268068
2024-01-19T19:10:16,379217600,389983248,1963148,0.5,1245112,10979448,51612896,12.8,4552204,8524468,2424,880608,1453240,9904,13280,268052
2024-01-19T19:10:21,379245716,390012632,1933600,0.49,1245116,10980656,47914972,11.88,4552212,8495436,316,850352,1453460,9872,12728,268036
2024-01-19T19:10:26,379244196,390011444,1934608,0.49,1245120,10980956,51507440,12.77,4552328,8523948,1604,878648,1453668,9888,13264,268020
2024-01-19T19:10:31,379236160,390004864,1941164,0.49,1245124,10982416,51512504,12.77,4552420,8528996,2888,882304,1453684,9920,13396,268100
2024-01-19T19:10:36,379234788,390003556,1942444,0.49,1245132,10982440,51611304,12.8,4552464,8526632,2328,880092,1453744,9936,13372,268068
2024-01-19T19:10:41,379234360,390003660,1942064,0.49,1245144,10982860,51508908,12.77,4552460,8527556,1568,880388,1454120,9904,13276,268100
2024-01-19T19:10:46,379237932,390008972,1936872,0.49,1245152,10984468,51610352,12.8,4552644,8525072,1640,876696,1454124,9904,13600,268020
2024-01-19T19:10:51,379233632,390005456,1940728,0.49,1245160,10985228,51608816,12.8,4552720,8529148,3164,880020,1453800,10096,13040,268148
2024-01-19T19:10:56,379234168,390006256,1939772,0.49,1245172,10985476,51508228,12.77,4552736,8529848,2720,879976,1453960,9936,13384,268132
2024-01-19T19:11:01,379242300,390015124,1930684,0.49,1245180,10986192,48700424,12.08,4552796,8532064,2600,881816,1454192,10128,13048,268148
2024-01-19T19:11:06,379227648,390001876,1944656,0.49,1245188,10987512,51714540,12.82,4552928,8530732,2216,879560,1453544,9904,13296,268084
2024-01-19T19:11:11,379224812,389999748,1946796,0.49,1245192,10988196,51512392,12.77,4552976,8535320,2492,883368,1453552,9920,13348,268116
2024-01-19T19:11:16,379228716,390004388,1941724,0.49,1245204,10988816,51406856,12.75,4553000,8533720,2700,881104,1454088,9920,13296,268132
2024-01-19T19:11:21,379218992,389995880,1950208,0.49,1245212,10989964,51407240,12.75,4553092,8533080,2760,879332,1454172,9936,13660,268100
2024-01-19T19:11:26,379217976,389995904,1950628,0.49,1245220,10990896,51608956,12.8,4553232,8532916,2340,878520,1453828,9920,13300,268084
2024-01-19T19:11:31,379233788,390011940,1934724,0.49,1245220,10991124,51609436,12.8,4553232,8533180,2548,878452,1453692,9936,13344,268100
2024-01-19T19:11:36,379238728,390017480,1929364,0.49,1245224,10991740,51511632,12.77,4553264,8540072,232,884904,1453492,9920,13316,268164
2024-01-19T19:11:41,379276008,390056432,1889320,0.48,1245236,10993376,47707940,11.83,4553380,8501872,1008,844972,1454608,9888,12612,268132
2024-01-19T19:11:46,379229332,390010140,1935444,0.49,1245236,10993848,51611892,12.8,4553480,8538244,2004,881104,1454688,9920,13272,268116
2024-01-19T19:11:51,379231988,390013072,1932604,0.49,1245240,10994100,51306260,12.72,4553488,8539028,724,881552,1454616,9936,13320,268164
2024-01-19T19:11:56,379245900,390028044,1917124,0.49,1245248,10995180,51613704,12.8,4553572,8539696,2236,881324,1455096,9920,13316,268180
2024-01-19T19:12:01,379226568,390010624,1935392,0.49,1245256,10997052,51612564,12.8,4553696,8538392,2396,878128,1454280,9904,12972,268148
2024-01-19T19:12:06,379220264,390003996,1942172,0.49,1245256,10996732,51715264,12.82,4553724,8541204,3588,881388,1454124,9920,13200,268100
2024-01-19T19:12:11,379239648,390024044,1922472,0.49,1245260,10997388,51233804,12.71,4553764,8539744,836,879276,1453780,9936,13272,268068
2024-01-19T19:12:16,379257472,390042996,1903020,0.48,1245268,10998480,47252644,11.72,4553804,8503804,1776,842200,1454308,9888,12200,268132
2024-01-19T19:12:21,379230844,390017120,1929060,0.49,1245272,10999204,51300344,12.72,4553908,8536664,1528,874096,1454168,9904,13060,268116
2024-01-19T19:12:26,379226376,390013484,1932460,0.49,1245276,10999952,51512476,12.77,4553976,8545260,3412,882376,1454484,9920,13324,268132
2024-01-19T19:12:31,379227040,390015124,1930676,0.49,1245284,11000916,51409612,12.75,4554016,8546272,3156,882508,1454632,9904,13340,268132
2024-01-19T19:12:36,379231176,390019524,1926540,0.49,1245292,11001148,51304188,12.72,4554084,8547160,3800,882920,1454392,9920,13092,268196
2024-01-19T19:12:41,379267256,390057364,1888896,0.48,1245304,11002836,47607392,11.81,4554176,8514572,2200,848992,1454256,9840,12644,268148
2024-01-19T19:12:46,379242728,390032784,1913488,0.48,1245312,11002776,51817820,12.85,4554244,8549556,2824,884788,1454244,10208,13316,268196
2024-01-19T19:12:51,379240536,390031564,1914620,0.48,1245312,11003728,50996368,12.65,4554304,8544316,844,878136,1454352,9904,13308,268164
2024-01-19T19:12:56,379237692,390029420,1916952,0.49,1245320,11004404,51508476,12.77,4554368,8544328,1556,877396,1454180,9920,13312,268148
2024-01-19T19:13:01,379238292,390030984,1915592,0.49,1245328,11005340,51615448,12.8,4554460,8551028,2040,883228,1453996,9920,13308,268084
2024-01-19T19:13:06,379236400,390030044,1916604,0.49,1245332,11006256,51608660,12.8,4554556,8545936,2208,877332,1453956,9920,13316,268084
2024-01-19T19:13:11,379241632,390035716,1910564,0.48,1245340,11006664,51299280,12.72,4554560,8545740,3736,876864,1454348,9904,13260,268116
2024-01-19T19:13:16,379236556,390031372,1915040,0.48,1245348,11007368,51711828,12.82,4554616,8549404,2976,879748,1454236,9920,13272,268084
2024-01-19T19:13:21,379250496,390046848,1899608,0.48,1245356,11008868,51607372,12.8,4554724,8549004,4132,877944,1454220,9920,13372,268164
2024-01-19T19:13:26,379266992,390063764,1882976,0.48,1245360,11009300,51509148,12.77,4554808,8551224,2592,879404,1453920,9888,13348,268148
2024-01-19T19:13:31,379297080,390094372,1852400,0.47,1245368,11009780,51503080,12.77,4554832,8546788,3356,874772,1453920,9888,12852,268132
2024-01-19T19:13:36,379277020,390074728,1872120,0.47,1245376,11010196,51609080,12.8,4554884,8550172,2712,877988,1453836,9888,13276,268132
2024-01-19T19:13:41,379267488,390066292,1880244,0.48,1245376,11011476,51609016,12.8,4554960,8549184,2080,875704,1453964,9920,12912,268148
2024-01-19T19:13:46,379258936,390059028,1887052,0.48,1245384,11012740,51300400,12.72,4555060,8548512,1788,873896,1454436,9872,12816,268164
2024-01-19T19:13:51,379255440,390056324,1890092,0.48,1245392,11013520,51197312,12.7,4555120,8550632,3292,875120,1454104,9904,12944,268100
2024-01-19T19:13:56,379254312,390056016,1890576,0.48,1245396,11014312,51509792,12.77,4555188,8557792,2944,881304,1453952,9920,13324,268148
2024-01-19T19:14:01,379228372,390031132,1915672,0.49,1245400,11015308,51503564,12.77,4555268,8552792,2864,875816,1453796,9904,12844,268164
2024-01-19T19:14:06,379240128,390043044,1903208,0.48,1245400,11015436,51610936,12.8,4555328,8558012,2536,880948,1454376,9920,13304,268132
2024-01-19T19:14:11,379256612,390060132,1885820,0.48,1245404,11016028,51781336,12.84,4555364,8558312,3600,880764,1454684,9920,13312,268164
2024-01-19T19:14:16,379274988,390080476,1865608,0.47,1245412,11017928,51401288,12.75,4555484,8553816,2284,874420,1454612,9904,12944,268132
2024-01-19T19:14:21,379254028,390059832,1886684,0.48,1245416,11018456,51097840,12.67,4555540,8558904,3820,878920,1453964,10096,13176,268180
2024-01-19T19:14:26,379272580,390078776,1867692,0.47,1245416,11018792,48489952,12.02,4555584,8538992,2828,858820,1454068,9840,12656,268116
2024-01-19T19:14:31,379247404,390054356,1891760,0.48,1245416,11019536,48488260,12.02,4555632,8557572,2540,875864,1454432,9984,12820,268180
2024-01-19T19:14:36,379246648,390054748,1891608,0.48,1245420,11020672,51405684,12.75,4555772,8559012,3476,877136,1454200,9904,13268,268132
2024-01-19T19:14:41,379249168,390057872,1888872,0.48,1245424,11021220,51610536,12.8,4555816,8561148,2592,878740,1453864,9904,13268,268132
2024-01-19T19:14:46,379261128,390071528,1875572,0.47,1245428,11022860,51507908,12.77,4555892,8561828,3472,877824,1453560,9888,12968,268084
2024-01-19T19:14:51,379284380,390094636,1852340,0.47,1245428,11022728,48798432,12.1,4555904,8541812,372,857080,1453672,9888,12768,268100
2024-01-19T19:14:56,379246612,390058000,1888860,0.48,1245428,11023864,51204236,12.7,4555992,8567492,2640,882604,1453784,9888,13332,268068
2024-01-19T19:15:01,379271368,390084072,1863100,0.47,1245432,11025128,47808160,11.86,4556084,8532568,1912,846484,1453520,9872,12728,268100
2024-01-19T19:15:06,379244044,390056912,1890372,0.48,1245436,11025280,51610628,12.8,4556140,8568332,1376,882208,1453416,9824,13240,268084
2024-01-19T19:15:11,379260428,390074360,1872836,0.47,1245448,11026320,48588536,12.05,4556212,8559820,1024,872812,1453516,9888,12480,268036
2024-01-19T19:15:16,379254568,390069376,1877236,0.48,1245456,11027060,51714624,12.82,4556300,8570488,3004,882820,1454228,9888,13308,268036
2024-01-19T19:15:21,379256656,390072224,1874284,0.47,1245468,11027812,51611888,12.8,4556372,8570580,2572,882168,1454328,9904,13320,268068
2024-01-19T19:15:26,379254828,390071008,1875532,0.47,1245472,11028416,51613948,12.8,4556408,8571264,3532,882292,1454300,9952,13400,268100
2024-01-19T19:15:31,379306572,390125472,1820904,0.46,1245480,11031140,43906736,10.89,4556516,8504440,1804,812752,1454452,9920,12080,268100
2024-01-19T19:15:36,379237316,390055808,1890816,0.48,1245488,11030804,51403316,12.75,4556620,8568224,3520,876924,1454124,9968,13332,268148
2024-01-19T19:15:41,379241240,390060016,1886484,0.48,1245496,11031084,51405252,12.75,4556632,8569800,2696,878308,1454244,9984,13368,268196
2024-01-19T19:15:46,379274684,390095180,1851400,0.47,1245500,11032812,47811404,11.86,4556716,8540764,2816,847524,1454152,9856,12396,268180
2024-01-19T19:15:51,379235216,390056264,1889912,0.48,1245516,11033328,51406964,12.75,4556852,8573992,2416,880364,1454576,9952,13308,268164
2024-01-19T19:15:56,379236124,390058132,1887876,0.48,1245524,11034264,51407120,12.75,4556892,8577092,4012,882560,1454760,9952,13384,268180
2024-01-19T19:16:01,379236804,390059584,1886548,0.48,1245536,11034996,51510200,12.77,4556960,8579292,3048,884232,1454664,9920,13320,268132
2024-01-19T19:16:06,379235748,390059688,1886000,0.48,1245536,11036152,51610620,12.8,4557088,8574800,3172,878552,1455112,10160,13308,268196
2024-01-19T19:16:11,379249040,390073480,1872136,0.47,1245544,11036640,51612276,12.8,4557104,8577824,2576,881204,1455188,10016,13412,268228
2024-01-19T19:16:16,379239616,390064820,1881328,0.48,1245544,11037368,51306232,12.72,4557160,8577768,2488,881452,1454692,10240,13284,268228
2024-01-19T19:16:21,379219776,390046988,1898760,0.48,1245548,11039360,51408300,12.75,4557296,8581360,2736,882096,1455104,9936,13388,268132
2024-01-19T19:16:26,379221464,390048592,1897400,0.48,1245552,11039264,51511356,12.77,4557344,8580904,2652,881812,1454868,9920,13252,268164
2024-01-19T19:16:31,379226492,390054068,1891916,0.48,1245556,11039704,48696404,12.08,4557352,8567388,3412,868916,1454880,9920,12576,268212
2024-01-19T19:16:36,379211764,390040112,1905468,0.48,1245560,11040440,51405536,12.75,4557444,8578740,2756,878072,1455316,9968,13352,268260
2024-01-19T19:16:41,379200948,390030352,1915056,0.48,1245564,11041452,51608112,12.8,4557552,8577296,2204,876284,1455528,9936,13196,268212
2024-01-19T19:16:46,379196144,390026204,1919296,0.49,1245572,11042104,51404188,12.75,4557604,8578228,1872,876600,1455432,9904,13256,268212
2024-01-19T19:16:51,379181248,390012988,1932272,0.49,1245572,11043768,51510468,12.77,4557656,8586264,3736,883100,1455688,9920,13292,268228
2024-01-19T19:16:56,379179888,390011892,1933452,0.49,1245576,11044024,51305968,12.72,4557736,8582444,2520,879000,1455608,9968,13292,268228
2024-01-19T19:17:01,379175544,390008296,1936764,0.49,1245580,11044852,48696248,12.08,4557804,8577532,3176,873356,1455808,9968,13316,268164
2024-01-19T19:17:06,379166024,389999272,1946036,0.49,1245580,11045324,51715764,12.82,4557832,8588352,2680,883336,1455584,10032,13376,268148
2024-01-19T19:17:11,379170688,390005004,1940992,0.49,1245580,11046356,51716204,12.82,4557900,8588692,3468,882672,1454932,10000,13304,268116
2024-01-19T19:17:16,379158440,389993220,1952672,0.49,1245592,11046816,51814644,12.85,4557952,8585256,2312,879212,1455028,9968,13584,268132
2024-01-19T19:17:21,379150912,389986424,1959928,0.5,1245596,11047512,51615776,12.8,4558044,8589536,3256,882940,1454600,9968,13224,268132
2024-01-19T19:17:26,379195060,390032516,1914152,0.48,1245604,11049444,47843632,11.86,4558116,8555712,2488,847212,1454288,9952,12496,268068
2024-01-19T19:17:31,379209720,390048032,1898200,0.48,1245612,11050452,47608924,11.81,4558184,8560240,4404,850820,1454564,9968,12888,268148
2024-01-19T19:17:36,379196824,390034924,1911516,0.48,1245624,11050212,51608532,12.8,4558268,8587928,2524,878720,1454372,9952,13336,268148
2024-01-19T19:17:41,379162112,390000500,1945796,0.49,1245628,11050480,51714644,12.82,4558300,8591056,1284,881604,1454532,9952,13212,268180
2024-01-19T19:17:46,379164928,390004536,1941892,0.49,1245636,11051684,47811444,11.86,4558376,8557748,1136,847160,1454408,9936,12756,268212
2024-01-19T19:17:51,379152324,389992464,1953980,0.49,1245640,11052216,51404260,12.75,4558436,8591712,2700,880160,1454388,9984,13132,268212
2024-01-19T19:17:56,379145800,389986864,1959164,0.5,1245644,11053116,51504620,12.77,4558524,8589364,2480,877652,1454824,9968,13292,268212
2024-01-19T19:18:01,379154500,389996096,1949708,0.49,1245652,11053628,51611176,12.8,4558552,8592948,2748,881196,1455060,10256,13256,268276
2024-01-19T19:18:06,379190544,390033896,1911928,0.48,1245656,11055384,48016144,11.91,4558648,8562148,3240,848164,1455036,9952,12860,268180
2024-01-19T19:18:11,379157804,390001424,1944360,0.49,1245664,11055608,51716092,12.82,4558736,8596980,2644,882912,1455112,9968,13332,268164
2024-01-19T19:18:16,379163152,390007280,1938712,0.49,1245664,11056104,51613496,12.8,4558780,8596300,3808,881276,1454916,9984,13340,268164
2024-01-19T19:18:21,379187500,390032880,1913340,0.48,1245672,11057324,47609248,11.81,4558808,8564272,340,848476,1454712,9952,12768,268100
2024-01-19T19:18:26,379168768,390014912,1931620,0.49,1245680,11058100,51408236,12.75,4558960,8597312,2780,881056,1454380,9968,13312,268116
2024-01-19T19:18:31,379174296,390021016,1925464,0.49,1245680,11058656,51406040,12.75,4558996,8596928,2092,880020,1454452,10016,13368,268116
2024-01-19T19:18:36,379177840,390025832,1920904,0.49,1245688,11059912,51607880,12.8,4559056,8594296,2984,876216,1454204,9952,13164,268148
2024-01-19T19:18:41,379168428,390016628,1930124,0.49,1245696,11060096,51609824,12.8,4559124,8598300,2596,880076,1454204,10000,13360,268180
2024-01-19T19:18:46,379226188,390076980,1869480,0.47,1245704,11062580,44012672,10.91,4559168,8539736,3328,818668,1454596,9936,12232,268116
2024-01-19T19:18:51,379173196,390023320,1923248,0.49,1245716,11061892,48691028,12.07,4559280,8594908,2240,875028,1454496,9952,13180,268196
2024-01-19T19:18:56,379169216,390019756,1926856,0.49,1245724,11062300,51510648,12.77,4559040,8601424,3512,880860,1454452,9984,13316,268228
2024-01-19T19:19:01,379198012,390049904,1896604,0.48,1245728,11063632,44995628,11.16,4559076,8565548,600,843640,1454572,9920,13012,268196
2024-01-19T19:19:06,379159468,390011796,1935040,0.49,1245732,11064072,51403180,12.75,4559204,8601672,2348,879492,1454236,9936,13356,268148
2024-01-19T19:19:11,379159064,390011952,1934796,0.49,1245740,11064600,51712952,12.82,4559244,8601576,224,878896,1454348,9936,13320,268148
2024-01-19T19:19:16,379158308,390012460,1934312,0.49,1245748,11065860,51406120,12.75,4559312,8604828,2328,881004,1454320,9952,13356,268068
2024-01-19T19:19:21,379166892,390021528,1924600,0.49,1245748,11066292,48696784,12.08,4559392,8602652,1656,878396,1455016,9968,12916,268100
2024-01-19T19:19:26,379154704,390010352,1935436,0.49,1245748,11067240,50997536,12.65,4559424,8610048,1148,884812,1455420,9968,13308,268148
2024-01-19T19:19:31,379154672,390011072,1935360,0.49,1245760,11067988,51710992,12.82,4559528,8603428,1108,877524,1454768,9952,12956,268132
2024-01-19T19:19:36,379160096,390017180,1929252,0.49,1245768,11068668,51510088,12.77,4559576,8611596,2736,885244,1454764,10112,13560,268180
2024-01-19T19:19:41,379149468,390007476,1939016,0.49,1245768,11069576,51405472,12.75,4559644,8604064,840,877276,1454720,9984,12860,268196
2024-01-19T19:19:46,379202400,390061368,1885112,0.48,1245776,11070544,47905456,11.88,4559680,8578224,2416,850568,1454716,10192,12896,268148
2024-01-19T19:19:51,379195000,390054704,1891860,0.48,1245788,11071232,48489032,12.02,4559756,8590396,2072,861516,1454668,9968,13284,268164
2024-01-19T19:19:56,379178384,390039104,1907656,0.48,1245796,11072220,51510328,12.77,4559884,8610984,2784,881344,1454492,10032,13320,268132
2024-01-19T19:20:01,379175268,390036380,1910164,0.48,1245808,11072564,51715524,12.82,4559940,8613944,3904,883976,1454744,9984,13336,268180
2024-01-19T19:20:06,379189232,390051216,1895268,0.48,1245812,11073456,51610444,12.8,4559972,8611744,1112,881036,1454780,10000,13404,268196
2024-01-19T19:20:11,379184916,390048436,1898452,0.48,1245816,11074880,51716244,12.82,4560068,8616480,3244,884244,1454484,9984,13376,268196
2024-01-19T19:20:16,379182740,390046516,1900008,0.48,1245816,11075148,51715124,12.82,4560168,8614388,2396,882016,1454836,9984,13316,268180
2024-01-19T19:20:21,379170760,390034876,1911512,0.48,1245820,11075468,51712364,12.82,4560188,8613616,3652,880896,1454988,10000,13368,268228
2024-01-19T19:20:26,379174484,390039400,1906972,0.48,1245828,11076276,51506908,12.77,4560240,8610744,696,877364,1454988,9984,13020,268164
2024-01-19T19:20:31,379161560,390027956,1918980,0.49,1245836,11077740,51405628,12.75,4560324,8613460,1880,878616,1454432,9968,12928,268132
2024-01-19T19:20:36,379195792,390062668,1884128,0.48,1245844,11078188,51304884,12.72,4560436,8615640,1940,880500,1454596,9984,13320,268148
2024-01-19T19:20:41,379197744,390064972,1881944,0.48,1245844,11078460,51611728,12.8,4560436,8618248,3244,882844,1454556,9984,13304,268148
2024-01-19T19:20:46,379200252,390068764,1878448,0.48,1245848,11079736,48590468,12.05,4560496,8613400,2756,876744,1454264,9936,12884,268036
2024-01-19T19:20:51,379191824,390062084,1885220,0.48,1245856,11081416,48017552,11.91,4560648,8588080,3096,849880,1454232,9936,12784,268036
2024-01-19T19:20:56,379154552,390024572,1922724,0.49,1245856,11081180,51815852,12.85,4560676,8619728,2560,881692,1454236,9952,13340,268068
2024-01-19T19:21:01,379159568,390030364,1917060,0.49,1245864,11081964,51614500,12.8,4560760,8620556,1784,881788,1454092,9968,13232,268148
2024-01-19T19:21:06,379158436,390030364,1916824,0.49,1245872,11083084,51610584,12.8,4560852,8619320,1840,879656,1454332,9984,13312,268196
2024-01-19T19:21:11,379152524,390025276,1921588,0.49,1245876,11083988,51508448,12.77,4560892,8620812,3464,880260,1454572,9968,13288,268228
2024-01-19T19:21:16,379151724,390025004,1921760,0.49,1245888,11084488,51609836,12.8,4560964,8621472,2624,880500,1454688,9968,13292,268180
2024-01-19T19:21:21,379184212,390058700,1887948,0.48,1245896,11085692,44790728,11.11,4561028,8571772,1700,829688,1454800,10128,12400,268164
2024-01-19T19:21:26,379134552,390009600,1937264,0.49,1245900,11086228,51303012,12.72,4561116,8620516,1840,877948,1454604,9968,13324,268212
2024-01-19T19:21:31,379125120,390001136,1945400,0.49,1245900,11087180,51303044,12.72,4561204,8623748,2272,880332,1454948,10112,13340,268196
2024-01-19T19:21:36,379136792,390013284,1933808,0.49,1245904,11087652,51611920,12.8,4561240,8625548,2168,881524,1454392,9968,13312,268164
2024-01-19T19:21:41,379130564,390007796,1939408,0.49,1245908,11088368,51506948,12.77,4561276,8623460,2520,878880,1454300,9968,12832,268132
2024-01-19T19:21:46,379141604,390019508,1927368,0.49,1245916,11089400,51512248,12.77,4561384,8628224,3708,882772,1454260,9920,13260,268164
2024-01-19T19:21:51,379152424,390031064,1916416,0.49,1245920,11090124,51507964,12.77,4561432,8625376,2420,879120,1453664,9952,12808,268180
2024-01-19T19:21:56,379148740,390028336,1918752,0.49,1245932,11091068,51615400,12.8,4561500,8633900,2092,886800,1454056,9968,13396,268196
2024-01-19T19:22:01,379146184,390026480,1920820,0.49,1245936,11091784,51403484,12.75,4561600,8624612,1728,877044,1453824,9968,13256,268116
2024-01-19T19:22:06,379151248,390032440,1914776,0.48,1245940,11092636,51305496,12.72,4561672,8628932,3332,880504,1453948,9936,13316,268116
2024-01-19T19:22:11,379146756,390029164,1918176,0.49,1245944,11093880,51405872,12.75,4561732,8629928,896,879836,1453792,9872,12868,268132
2024-01-19T19:22:16,379134828,390017748,1929588,0.49,1245944,11094324,51613876,12.8,4561768,8633728,2408,883608,1453864,9920,13356,268116
2024-01-19T19:22:21,379138852,390022256,1925316,0.49,1245944,11094796,51610280,12.8,4561824,8631132,1772,880732,1453640,9936,13392,268100
2024-01-19T19:22:26,379125456,390009736,1937720,0.49,1245948,11095628,51610188,12.8,4561912,8631108,3296,880360,1453796,9936,13316,268212
2024-01-19T19:22:31,379139948,390024676,1922752,0.49,1245952,11096084,51405800,12.75,4561940,8633480,2656,881960,1453812,9968,13308,268196
2024-01-19T19:22:36,379129588,390015848,1931184,0.49,1245956,11097568,48591940,12.05,4562024,8631960,3356,878400,1454252,9920,12852,268148
2024-01-19T19:22:41,379143620,390030176,1916920,0.49,1245964,11097824,51710720,12.82,4562088,8629880,2176,876620,1454220,9936,13092,268148
2024-01-19T19:22:46,379140684,390027760,1919332,0.49,1245968,11098340,51612400,12.8,4562136,8634284,3700,880596,1454224,9936,13272,268132
2024-01-19T19:22:51,379134720,390021800,1924832,0.49,1245976,11098836,48695708,12.08,4562192,8634556,2464,880960,1454184,9920,13176,268164
2024-01-19T19:22:56,379127472,390016568,1930844,0.49,1245984,11100332,48488432,12.02,4562292,8632468,3256,877020,1453916,9920,12640,268132
2024-01-19T19:23:01,379137236,390026844,1920492,0.49,1245996,11100788,51400160,12.75,4562360,8630000,2520,874004,1454036,9920,13116,268132
2024-01-19T19:23:06,379113804,390004152,1942976,0.49,1246000,11101500,51404828,12.75,4562416,8635964,2424,879840,1454268,9840,13056,268132
2024-01-19T19:23:11,379120392,390011204,1936328,0.49,1246004,11101976,51337980,12.73,4562460,8638192,2564,881100,1453848,9984,13440,268164
2024-01-19T19:23:16,379118456,390010864,1936188,0.49,1246012,11103552,51510400,12.77,4562628,8639716,2832,881340,1454340,10208,13356,268148
2024-01-19T19:23:21,379118540,390011320,1936200,0.49,1246024,11103948,51613508,12.8,4562644,8641760,3620,882380,1453836,9952,13364,268116
2024-01-19T19:23:26,379122212,390015480,1932032,0.49,1246032,11104420,51508956,12.77,4562688,8642124,820,882692,1453852,9920,13336,268116
2024-01-19T19:23:31,379117868,390012356,1934948,0.49,1246044,11105624,51407112,12.75,4562744,8641316,2964,880804,1454064,9920,13240,268116
2024-01-19T19:23:36,379116536,390011568,1935744,0.49,1246048,11106164,51713656,12.82,4562836,8641376,2184,879848,1454056,9888,13188,268132
2024-01-19T19:23:41,379100492,389996260,1950516,0.49,1246052,11106836,51405920,12.75,4562900,8640356,3700,878824,1454652,9968,13416,268196
2024-01-19T19:23:46,379102884,389999444,1947300,0.49,1246056,11107616,51503008,12.77,4562940,8636640,2396,874360,1454692,9984,13376,268148
2024-01-19T19:23:51,379104540,390001940,1944984,0.49,1246064,11108428,51507076,12.77,4563024,8641592,3520,878216,1454532,9984,13336,268164
2024-01-19T19:23:56,379095204,389993900,1953224,0.49,1246072,11109664,51304760,12.72,4563152,8644224,2468,880040,1454384,9984,13372,268116
2024-01-19T19:24:01,379087696,389986648,1960428,0.5,1246072,11109916,51509412,12.77,4563156,8645304,3604,880900,1454436,9936,13240,268148
2024-01-19T19:24:06,379078236,389978128,1968952,0.5,1246084,11110832,51407336,12.75,4563236,8645464,2500,880292,1454444,9936,13300,268084
2024-01-19T19:24:11,379095460,389995732,1951332,0.49,1246088,11111192,51098932,12.67,4563248,8642972,3412,877328,1454476,9936,13036,268132
2024-01-19T19:24:16,379114812,390016260,1931152,0.49,1246088,11112356,51508828,12.77,4563380,8647452,2624,880864,1454140,9968,13444,268148
2024-01-19T19:24:21,379171172,390074660,1872600,0.47,1246092,11114440,47500892,11.78,4563412,8612168,2940,843084,1454244,9968,12344,268148
2024-01-19T19:24:26,379127324,390030172,1916880,0.49,1246100,11113756,48695568,12.08,4563500,8646388,2320,878548,1454488,9968,13144,268148
2024-01-19T19:24:31,379106276,390010252,1936884,0.49,1246100,11114876,51611928,12.8,4563580,8652632,3440,883812,1454412,9952,13324,268084
2024-01-19T19:24:36,379118756,390023228,1923668,0.49,1246108,11115360,51712176,12.82,4563620,8648940,2748,879524,1454656,9920,13284,268100
2024-01-19T19:24:41,379115044,390020964,1925892,0.49,1246116,11116816,51306436,12.72,4563688,8652984,4080,882320,1454680,9952,13336,268148
2024-01-19T19:24:46,379118756,390025088,1921940,0.49,1246128,11117168,51717624,12.83,4563816,8654136,2052,883164,1454556,9952,13276,268164
2024-01-19T19:24:51,379126272,390033396,1913752,0.48,1246132,11117956,51511512,12.77,4563864,8653824,3120,882088,1454436,9968,13004,268180
2024-01-19T19:24:56,379131236,390039192,1907348,0.48,1246140,11118768,51714964,12.82,4563932,8655812,2456,883304,1455056,10000,13408,268180
2024-01-19T19:25:01,379114680,390023640,1922224,0.49,1246148,11119768,48590336,12.05,4563932,8649220,1336,875688,1455728,10256,12700,268212
2024-01-19T19:25:06,379163148,390073356,1873268,0.47,1246160,11120988,44788388,11.11,4564060,8597648,2792,823268,1454984,9904,12556,268052
2024-01-19T19:25:11,379114528,390025084,1921776,0.49,1246164,11121280,51608904,12.8,4564156,8653444,2360,878504,1454800,9936,13268,268100
2024-01-19T19:25:16,379109028,390020084,1926936,0.49,1246168,11121768,51306724,12.72,4564192,8656716,3764,881460,1454648,9936,13344,268068
2024-01-19T19:25:21,379132428,390044744,1902292,0.48,1246172,11122992,47606092,11.81,4564288,8622444,2356,846096,1454664,9904,12756,268052
2024-01-19T19:25:26,379143156,390056784,1889264,0.48,1246184,11124812,44311576,10.99,4564316,8597388,1496,819648,1455132,9920,12212,268100
2024-01-19T19:25:31,379084768,389998352,1948252,0.49,1246188,11124232,51405636,12.75,4564412,8658788,1264,880712,1455108,9936,13328,268180
2024-01-19T19:25:36,379071088,389985620,1961120,0.5,1246192,11125164,51576812,12.79,4564452,8661252,1484,882800,1454984,9952,13332,268196
2024-01-19T19:25:41,379079384,389994716,1951576,0.49,1246196,11125908,48387404,12.0,4564532,8655604,1100,876516,1455484,9888,12508,268132
2024-01-19T19:25:46,379074960,389991364,1954376,0.49,1246200,11126980,51507396,12.77,4564656,8657960,3056,877844,1456032,9984,13380,268148
2024-01-19T19:25:51,379111056,390028244,1917704,0.49,1246224,11127736,48692760,12.08,4564712,8639252,2280,858924,1455828,9920,12760,268196
2024-01-19T19:25:56,379082448,389999856,1945976,0.49,1246224,11127960,51613244,12.8,4564736,8663896,1132,882872,1455940,9936,13320,268228
2024-01-19T19:26:01,379097624,390016320,1929912,0.49,1246224,11129208,51202468,12.7,4564848,8662380,1372,879776,1455580,9904,13220,268212
2024-01-19T19:26:06,379112916,390032468,1913756,0.48,1246228,11129936,48589932,12.05,4564892,8660540,2536,877620,1455712,9920,12800,268228
2024-01-19T19:26:11,379105580,390025604,1920344,0.49,1246236,11130388,51612344,12.8,4564952,8663620,888,880296,1456000,9920,13316,268260
2024-01-19T19:26:16,379137168,390059304,1886340,0.48,1246244,11132436,47809416,11.86,4564996,8632756,2108,847456,1456360,9904,12768,268148
2024-01-19T19:26:21,379133788,390055948,1890068,0.48,1246252,11132416,51608348,12.8,4565108,8662436,1728,877704,1456024,9920,13332,268148
2024-01-19T19:26:26,379138504,390061432,1884848,0.48,1246252,11133048,51507692,12.77,4565156,8666612,2940,880928,1455896,9856,13152,268148
2024-01-19T19:26:31,379117956,390042036,1904228,0.48,1246264,11134184,51303868,12.72,4565208,8669408,180,882516,1455916,9936,13316,268180
2024-01-19T19:26:36,379101108,390025984,1920452,0.49,1246268,11134896,51713272,12.82,4565316,8667436,1852,880092,1455824,10000,13188,268068
2024-01-19T19:26:41,379104444,390030128,1916288,0.49,1246272,11135676,51713356,12.82,4565392,8667772,1924,879612,1455868,9920,13332,268084
2024-01-19T19:26:46,379087732,390014480,1931392,0.49,1246272,11136728,51507476,12.77,4565424,8668280,3856,879144,1456424,10112,13468,268148
2024-01-19T19:26:51,379093224,390020820,1925184,0.49,1246284,11137528,51612780,12.8,4565496,8674880,3544,885012,1456328,9952,13432,268132
2024-01-19T19:26:56,379134836,390063412,1882584,0.48,1246292,11138500,48211624,11.96,4565552,8641132,540,850392,1456336,9920,12844,268116
2024-01-19T19:27:01,379098604,390028316,1918056,0.49,1246292,11139624,51505468,12.77,4565608,8670388,3092,878536,1455972,9920,13312,268164
2024-01-19T19:27:06,379094524,390023828,1922352,0.49,1246296,11139216,51716328,12.82,4565668,8676908,2368,885500,1456160,9888,13328,268196
2024-01-19T19:27:11,379078912,390009488,1936260,0.49,1246308,11140272,51508868,12.77,4565768,8674068,2280,881772,1456796,9952,13312,268196
2024-01-19T19:27:16,379093896,390025432,1920428,0.49,1246316,11141224,51404664,12.75,4565820,8672396,1836,879168,1456684,9936,13308,268180
2024-01-19T19:27:21,379088368,390020352,1925388,0.49,1246324,11141548,51510644,12.77,4565872,8675376,3208,881868,1456920,9968,13388,268180
2024-01-19T19:27:26,379094076,390027072,1918696,0.49,1246332,11142560,51717088,12.83,4565956,8679536,1084,885016,1456884,9936,13380,268164
2024-01-19T19:27:31,379086524,390020296,1925632,0.49,1246340,11143320,51615452,12.8,4566032,8681936,2724,886696,1456732,9952,13372,268132
2024-01-19T19:27:36,379111880,390046608,1899056,0.48,1246352,11144260,51510808,12.77,4566116,8676452,2520,880580,1457000,9904,13324,268116
2024-01-19T19:27:41,379109248,390044896,1900272,0.48,1246360,11145100,51402732,12.75,4566160,8672760,1864,876060,1457568,9888,13052,268164
2024-01-19T19:27:46,379093860,390030196,1915060,0.48,1246372,11145772,51612332,12.8,4566248,8678080,1472,880628,1457484,9920,13324,268148
2024-01-19T19:27:51,379082188,390019228,1926320,0.49,1246376,11146396,48589916,12.05,4566276,8671092,1428,872984,1457268,9904,12880,268180
2024-01-19T19:27:56,379073204,390011520,1934048,0.49,1246380,11147676,51403528,12.75,4566352,8678504,1200,879248,1457240,9904,13116,268164
2024-01-19T19:28:01,379080324,390019256,1926636,0.49,1246388,11148208,48692392,12.08,4566420,8662784,3140,862520,1456992,9904,12996,268132
2024-01-19T19:28:06,379068928,390008384,1937756,0.49,1246388,11148716,51712228,12.82,4566504,8680620,2296,880420,1456760,9872,13280,268148
2024-01-19T19:28:11,379073124,390013352,1932672,0.49,1246388,11149424,51714508,12.82,4566564,8683356,3232,882464,1456940,9920,13388,268212
2024-01-19T19:28:16,379072540,390013244,1932776,0.49,1246396,11149892,51509028,12.77,4566600,8681992,408,880688,1456944,9888,13340,268196
2024-01-19T19:28:21,379082260,390024564,1921052,0.49,1246396,11151476,51403608,12.75,4566700,8678776,2132,876196,1457364,9984,12840,268132
2024-01-19T19:28:26,379078928,390021672,1924264,0.49,1246408,11151860,51405924,12.75,4566776,8683880,2112,880888,1457088,9904,13676,268020
2024-01-19T19:28:31,379068964,390012904,1932748,0.49,1246416,11153064,51614604,12.8,4566820,8689128,3372,884880,1457356,10000,13616,268100
2024-01-19T19:28:36,379058296,390002564,1942872,0.49,1246420,11153336,51714004,12.82,4566912,8686140,512,881728,1457624,9904,13372,268116
2024-01-19T19:28:41,379075872,390020932,1924252,0.49,1246428,11154128,51713400,12.82,4566964,8686660,980,881492,1457868,9856,13332,268036
2024-01-19T19:28:46,379090336,390036352,1908388,0.48,1246440,11155060,51201164,12.7,4567064,8685816,3120,879812,1458324,9888,13316,268084
2024-01-19T19:28:51,379092264,390038556,1906080,0.48,1246444,11155344,48691960,12.07,4567084,8682952,504,876708,1458416,9872,13216,268084
2024-01-19T19:28:56,379079468,390027940,1917292,0.49,1246444,11157364,51503780,12.77,4567192,8685524,2484,877344,1457980,9872,12844,268004
2024-01-19T19:29:01,379072080,390020756,1924180,0.49,1246452,11157560,51510476,12.77,4567268,8688844,2260,880608,1458276,9872,13332,268020
2024-01-19T19:29:06,379067156,390016380,1928528,0.49,1246456,11158044,51714252,12.82,4567320,8691992,1348,883264,1458364,9872,13348,267988
2024-01-19T19:29:11,379073064,390023520,1921408,0.49,1246460,11159296,48486776,12.02,4567356,8687260,772,877356,1458320,9888,12840,268004
2024-01-19T19:29:16,379057080,390007884,1936716,0.49,1246464,11159592,48182584,11.95,4567444,8685576,2448,875344,1458696,9920,13200,268084
2024-01-19T19:29:21,379076284,390028008,1916892,0.49,1246464,11160460,47813656,11.86,4567520,8660500,2192,849400,1458448,9856,12756,268084
2024-01-19T19:29:26,379045112,389997320,1947980,0.49,1246464,11160980,51508220,12.77,4567564,8692024,1192,880196,1458012,9872,13336,268132
2024-01-19T19:29:31,379086184,390040080,1905572,0.48,1246476,11162676,44893412,11.13,4567656,8657128,1152,844196,1457640,9840,12696,268116
2024-01-19T19:29:36,379063420,390017696,1928168,0.49,1246480,11163016,51507984,12.77,4567740,8692780,2956,879448,1457464,9888,13352,268068
2024-01-19T19:29:41,379055464,390010440,1935456,0.49,1246492,11163704,51609772,12.8,4567812,8693420,260,879368,1457432,9888,13332,268052
2024-01-19T19:29:46,379073500,390030160,1915536,0.49,1246496,11165380,47710512,11.83,4567852,8666096,2064,850408,1457636,9920,12868,268132
2024-01-19T19:29:51,379036664,389993308,1952744,0.49,1246508,11165364,51612192,12.8,4567960,8696432,1676,881484,1457268,9920,13336,268100
2024-01-19T19:29:56,379042536,389999812,1946168,0.49,1246512,11165972,51608552,12.8,4567976,8693716,2836,877660,1457360,9936,12852,268180
2024-01-19T19:30:01,379052672,390011024,1934996,0.49,1246516,11167032,51408556,12.75,4568068,8698728,2948,881716,1457332,9904,13368,268212
2024-01-19T19:30:06,379102880,390062600,1882488,0.48,1246520,11168392,44791864,11.11,4568124,8645760,2500,827100,1458268,9968,12292,268116
2024-01-19T19:30:11,379038688,389998368,1947024,0.49,1246524,11168352,51304024,12.72,4568192,8699780,152,881528,1457960,9936,13288,268180
2024-01-19T19:30:16,379056648,390016992,1928040,0.49,1246528,11169004,51509324,12.77,4568224,8699456,2136,881164,1458328,9968,12988,268180
2024-01-19T19:30:21,379058916,390020240,1925448,0.49,1246540,11170008,51200532,12.7,4568344,8701048,1724,881348,1457636,9952,13336,268164
2024-01-19T19:30:26,379057584,390019528,1926416,0.49,1246540,11170632,51610068,12.8,4568392,8700572,2068,880252,1457376,9904,13248,268100
2024-01-19T19:30:31,379048352,390011604,1934480,0.49,1246544,11171948,51813128,12.85,4568484,8699520,3348,877444,1457224,9920,12748,268116
2024-01-19T19:30:36,379049540,390013380,1932640,0.49,1246548,11172512,51306268,12.72,4568560,8707128,2656,885084,1457308,9920,13356,268164
2024-01-19T19:30:41,379068676,390033236,1912504,0.48,1246560,11173244,51816736,12.85,4568620,8705312,3780,882612,1457564,9904,13348,268180
2024-01-19T19:30:46,379083308,390048848,1896940,0.48,1246564,11174188,48692164,12.08,4568672,8697916,2248,874248,1457548,9856,12688,268180
2024-01-19T19:30:51,379074032,390039968,1905940,0.48,1246568,11174664,51713132,12.82,4568716,8706748,3884,882676,1457344,9904,13332,268164
2024-01-19T19:30:56,379065916,390032800,1913356,0.48,1246572,11175540,51608924,12.8,4568808,8704164,1092,879356,1457164,9904,13328,268212
2024-01-19T19:31:01,379052304,390019884,1925900,0.49,1246576,11176248,51610520,12.8,4568872,8706572,2892,881020,1457520,9888,13308,268164
2024-01-19T19:31:06,379080996,390050120,1895672,0.48,1246580,11177740,47811044,11.86,4568940,8675740,2252,848732,1457560,9936,12868,268116
2024-01-19T19:31:11,379054492,390023552,1922228,0.49,1246584,11177676,51512164,12.77,4568988,8711020,1684,884344,1457568,9952,13392,268068
2024-01-19T19:31:16,379092200,390062800,1883008,0.48,1246592,11179188,44794176,11.11,4569060,8670512,768,840696,1457560,9904,12564,268084
2024-01-19T19:31:21,379052696,390023936,1921688,0.49,1246592,11180072,51507540,12.77,4569148,8711512,3116,882488,1457500,9936,13368,268052
2024-01-19T19:31:26,379080524,390051952,1893784,0.48,1246596,11180248,51408224,12.75,4569200,8710744,516,881608,1457396,9920,13360,268052
2024-01-19T19:31:31,379071544,390043900,1901784,0.48,1246600,11181160,51408504,12.75,4569264,8709612,2348,879540,1457460,9936,13324,268084
2024-01-19T19:31:36,379074180,390047476,1898332,0.48,1246612,11182060,51408716,12.75,4569364,8713096,1936,882296,1457364,9920,13424,268116
2024-01-19T19:31:41,379065048,390039224,1906468,0.48,1246612,11182932,51710168,12.82,4569384,8711188,1588,879440,1457488,9904,13352,268132
2024-01-19T19:31:46,379054988,390030308,1915128,0.49,1246612,11184060,51610400,12.8,4569448,8715096,1648,882248,1457760,9856,13284,268100
2024-01-19T19:31:51,379042500,390018064,1927580,0.49,1246616,11184308,51712100,12.82,4569508,8713232,2772,880272,1457544,9936,13640,268132
2024-01-19T19:31:56,379047792,390024080,1921704,0.49,1246624,11185020,51608136,12.8,4569596,8711680,388,877112,1457408,9952,13764,268036
2024-01-19T19:32:01,379052760,390030612,1915124,0.49,1246628,11186520,51507076,12.77,4569652,8716140,2992,880628,1457516,10080,13360,268132
2024-01-19T19:32:06,379069292,390047408,1898284,0.48,1246636,11186792,48590704,12.05,4569692,8696232,2264,860884,1457544,9856,12720,268132
2024-01-19T19:32:11,379056676,390035468,1909728,0.48,1246640,11187424,51613336,12.8,4569780,8718448,748,882588,1458080,9856,13292,268068
2024-01-19T19:32:16,379061844,390042216,1902880,0.48,1246640,11189028,44791484,11.11,4569876,8681872,1632,844572,1458156,9856,12708,268068
2024-01-19T19:32:21,379041476,390021736,1923592,0.49,1246640,11188876,51408240,12.75,4569904,8721340,2172,883604,1457964,9872,13300,268052
2024-01-19T19:32:26,379029648,390010264,1934832,0.49,1246640,11189404,51814704,12.85,4569936,8717740,3724,880008,1458024,9904,13424,268068
2024-01-19T19:32:31,379038952,390020856,1924672,0.49,1246640,11190664,51507156,12.77,4570044,8713948,2492,875132,1457620,9872,12816,268068
2024-01-19T19:32:36,379022588,390005376,1939852,0.49,1246648,11191540,51510972,12.77,4570084,8723756,4356,884184,1457920,9904,13392,268148
2024-01-19T19:32:41,379007960,389990976,1954364,0.49,1246652,11191764,51303192,12.72,4570168,8718688,2352,878416,1457808,9856,13180,268116
2024-01-19T19:32:46,379000584,389984408,1961076,0.5,1246660,11192528,51612304,12.8,4570224,8722796,3736,882400,1457700,9920,13380,268100
2024-01-19T19:32:51,379016280,390001060,1944156,0.49,1246664,11193460,51816744,12.85,4570316,8723448,2588,882084,1457988,9888,13372,268084
2024-01-19T19:32:56,378998376,389984324,1961268,0.5,1246668,11194636,51506084,12.77,4570368,8721236,3304,878756,1457600,9904,13292,268100
2024-01-19T19:33:01,378994052,389980500,1965344,0.5,1246672,11195076,51609624,12.8,4570436,8722892,2228,880008,1457404,9904,13624,268100
2024-01-19T19:33:06,378982892,389969844,1976220,0.5,1246676,11195576,51613196,12.8,4570468,8726032,1268,882680,1457184,9888,13284,268116
2024-01-19T19:33:11,379015896,390004188,1942388,0.49,1246676,11196888,51402112,12.75,4570576,8720916,1240,875988,1456700,9872,12720,268100
2024-01-19T19:33:16,379029260,390017972,1928484,0.49,1246684,11197316,51199336,12.7,4570620,8723716,1396,879288,1456804,9936,13300,268148
2024-01-19T19:33:21,379045940,390035156,1911200,0.48,1246692,11197776,51410752,12.75,4570656,8733108,672,887832,1456940,9968,13484,268180
2024-01-19T19:33:26,379065400,390055668,1890136,0.48,1246696,11198848,51611408,12.8,4570768,8726908,2624,880484,1457468,9888,13252,268116
2024-01-19T19:33:31,379050416,390041460,1904868,0.48,1246704,11199608,51610456,12.8,4570836,8727940,2228,881000,1456952,9936,13352,268100
2024-01-19T19:33:36,379074336,390066212,1880148,0.48,1246712,11200456,51509932,12.77,4570888,8731480,3564,883372,1456896,10080,13168,268148
2024-01-19T19:33:41,379074776,390067888,1877888,0.48,1246724,11201620,51510536,12.77,4570988,8732736,2984,883820,1457540,9968,13460,268116
2024-01-19T19:33:46,379061364,390054988,1890320,0.48,1246732,11202136,51514760,12.77,4571004,8737268,4164,887872,1457996,10240,13256,268132
2024-01-19T19:33:51,379050004,390045064,1900896,0.48,1246740,11203520,51614492,12.8,4571156,8736180,1892,885500,1457388,9936,13400,268100
2024-01-19T19:33:56,379045484,390040728,1905540,0.48,1246744,11203676,51508976,12.77,4571184,8732628,2460,881864,1457104,9936,13296,268100
2024-01-19T19:34:01,379041336,390037316,1908472,0.48,1246748,11204408,51405432,12.75,4571232,8729676,2652,878132,1457584,9952,13352,268148
2024-01-19T19:34:06,379041964,390038396,1906824,0.48,1246752,11204860,48592268,12.05,4571292,8731216,2528,879348,1458148,9984,13128,268116
2024-01-19T19:34:11,379044916,390043088,1901836,0.48,1246760,11206596,51411820,12.75,4571428,8738584,4100,885120,1458440,10016,13500,268132
2024-01-19T19:34:16,379049472,390047668,1897156,0.48,1246768,11206624,51612732,12.8,4571448,8736892,2808,883384,1458528,9936,13344,268116
2024-01-19T19:34:21,379062600,390061912,1882496,0.48,1246776,11207672,51303560,12.72,4571492,8737152,2312,882584,1459004,9968,13384,268132
2024-01-19T19:34:26,379064356,390064428,1880124,0.48,1246780,11208408,51713684,12.82,4571604,8736900,1944,881716,1458880,9968,13364,268196
2024-01-19T19:34:31,379052088,390053216,1891592,0.48,1246780,11209448,51714636,12.82,4571692,8737332,3348,881224,1458640,9968,13356,268228
2024-01-19T19:34:36,379079732,390081344,1863492,0.47,1246780,11209928,51609036,12.8,4571696,8735516,2436,878888,1458616,9984,13296,268212
2024-01-19T19:34:41,379078484,390080780,1863944,0.47,1246780,11210544,51505300,12.77,4571776,8737232,1864,880064,1458796,9952,13352,268212
2024-01-19T19:34:46,379076376,390079668,1865212,0.47,1246780,11211504,51610512,12.8,4571856,8737236,1616,879244,1458676,9936,13252,268148
2024-01-19T19:34:51,379056588,390060760,1883544,0.48,1246780,11212364,51402676,12.75,4571904,8736776,3152,877936,1459272,9920,13264,268228
2024-01-19T19:34:56,379048720,390053616,1891128,0.48,1246784,11213100,51304808,12.72,4571968,8739356,824,879896,1458816,9904,13328,268116
2024-01-19T19:35:01,379037936,390043864,1900896,0.48,1246792,11214032,51511664,12.77,4572048,8744252,2468,883980,1458892,9920,13376,268148
2024-01-19T19:35:06,379041448,390048564,1896404,0.48,1246800,11215192,51409448,12.75,4572112,8744456,2624,883028,1458704,9920,13364,268132
2024-01-19T19:35:11,379031612,390039572,1905808,0.48,1246804,11216016,51612772,12.8,4572200,8746072,1708,883992,1458308,9904,13352,268084
2024-01-19T19:35:16,379030456,390039036,1906540,0.48,1246816,11216632,51409840,12.75,4572248,8748176,1348,884944,1458104,9920,13444,268084
2024-01-19T19:35:21,379057668,390067760,1877300,0.48,1246824,11218092,47603464,11.81,4572304,8709208,1780,844980,1458664,10064,12824,268084
2024-01-19T19:35:26,379026472,390036780,1908672,0.48,1246836,11218272,51715316,12.82,4572408,8746844,2140,882564,1458296,9888,13364,268068
2024-01-19T19:35:31,379026688,390037804,1907384,0.48,1246840,11219100,51714100,12.82,4572468,8746940,1996,882552,1458536,10208,13728,268084
2024-01-19T19:35:36,379018472,390030500,1915008,0.48,1246840,11219984,51511756,12.77,4572528,8750004,1364,884252,1458244,9904,13372,268100
2024-01-19T19:35:41,379040176,390052932,1892256,0.48,1246844,11220708,51608944,12.8,4572600,8746296,1776,879840,1458564,9856,13292,268036
2024-01-19T19:35:46,379047976,390061392,1883864,0.48,1246852,11221220,48386404,12.0,4572636,8744648,1588,877148,1458636,9920,12916,268068
2024-01-19T19:35:51,379081992,390096564,1848496,0.47,1246872,11222340,47607684,11.81,4572668,8716184,1096,848028,1458848,9904,13300,268036
2024-01-19T19:35:56,379047008,390062280,1882472,0.48,1246880,11222912,51611524,12.8,4572816,8749036,2916,880524,1459276,9904,13460,268052
2024-01-19T19:36:01,379044208,390060068,1884948,0.48,1246888,11223516,51407172,12.75,4572844,8749688,2156,880648,1458988,9920,13348,268036
2024-01-19T19:36:06,379038060,390054540,1890844,0.48,1246896,11224004,51613108,12.8,4572904,8754100,3372,884568,1458744,9920,13376,268100
2024-01-19T19:36:11,379019464,390037244,1907776,0.48,1246900,11225304,51205888,12.7,4572988,8756260,3080,885472,1459104,9888,13308,268100
2024-01-19T19:36:16,379013860,390033116,1912140,0.48,1246908,11226712,48591320,12.05,4573096,8749152,3244,876560,1458928,9904,12884,268036
2024-01-19T19:36:21,379006948,390026184,1919100,0.49,1246920,11226688,51611928,12.8,4573136,8755228,2556,883360,1458892,9936,13416,268116
2024-01-19T19:36:26,379013732,390034608,1910720,0.48,1246928,11228328,48491124,12.03,4573184,8753192,3852,879528,1458840,9920,12940,268132
2024-01-19T19:36:31,379026908,390049592,1895916,0.48,1246936,11230112,51201748,12.7,4573256,8759004,2652,883624,1458676,9904,13024,268100
2024-01-19T19:36:36,379015620,390038008,1907096,0.48,1246940,11229668,51508120,12.77,4573376,8757304,3752,882476,1459224,9888,13352,268100
2024-01-19T19:36:41,379008620,390031304,1914000,0.48,1246952,11229916,51613212,12.8,4573436,8758580,2568,883580,1459060,9920,13364,268116
2024-01-19T19:36:46,378993960,390018244,1926844,0.49,1246952,11231388,51306724,12.72,4573180,8763856,2268,887132,1459404,9904,13360,268100
2024-01-19T19:36:51,379001908,390026104,1918476,0.49,1246964,11231304,51402836,12.75,4573292,8753272,1268,876764,1459896,9936,13308,268116
2024-01-19T19:36:56,378990176,390015188,1929392,0.49,1246968,11232076,51439492,12.76,4573352,8755580,2676,878276,1459936,9968,13400,268164
2024-01-19T19:37:01,378997452,390023252,1921836,0.49,1246972,11232892,48696028,12.08,4573416,8757384,220,878900,1459396,9904,12840,268116
2024-01-19T19:37:06,379020336,390046992,1898476,0.48,1246976,11233664,51614664,12.8,4573468,8761284,1804,883764,1459096,10272,13288,268228
2024-01-19T19:37:11,379023240,390050792,1894584,0.48,1246988,11234532,51406896,12.75,4573548,8760452,1592,880936,1459204,9984,13364,268164
2024-01-19T19:37:16,379021252,390049588,1896036,0.48,1246992,11235204,48694548,12.08,4573612,8757200,2220,876888,1459064,10112,12720,268164
2024-01-19T19:37:21,379019376,390048620,1897124,0.48,1246996,11236064,51611792,12.8,4573664,8762780,2712,881856,1458988,9968,13356,268180
2024-01-19T19:37:26,379057124,390087772,1858032,0.47,1246996,11237444,47913440,11.88,4573724,8732804,1084,849972,1458952,9936,12768,268132
2024-01-19T19:37:31,379032772,390063728,1882048,0.48,1246996,11237812,51509304,12.77,4573812,8762696,2744,880128,1458920,9984,13336,268164
2024-01-19T19:37:36,379030520,390062224,1883476,0.48,1247000,11238500,51508844,12.77,4573872,8766180,2356,882928,1459052,9984,13400,268196
2024-01-19T19:37:41,379012824,390044960,1900344,0.48,1247012,11238960,51507556,12.77,4573908,8763020,3920,879568,1459408,9984,13380,268212
2024-01-19T19:37:46,379035064,390067960,1877648,0.48,1247016,11239632,51407628,12.75,4573976,8765528,1000,881328,1459188,9920,13256,268196
2024-01-19T19:37:51,379034912,390068692,1876696,0.48,1247020,11240480,51613528,12.8,4574032,8770240,2736,885356,1459440,10000,13424,268260
2024-01-19T19:37:56,379026932,390061904,1883600,0.48,1247024,11241656,51408480,12.75,4574160,8769136,2536,883120,1459336,9968,13332,268196
2024-01-19T19:38:01,379017188,390052676,1892904,0.48,1247028,11242140,51616328,12.8,4574188,8772144,3628,885736,1459288,9984,13356,268196
2024-01-19T19:38:06,379017200,390053396,1892504,0.48,1247040,11242828,51712392,12.82,4574260,8768024,892,880940,1458976,9968,13396,268196
2024-01-19T19:38:11,379012192,390049972,1895872,0.48,1247040,11244340,51404020,12.75,4574336,8766988,2868,878340,1459104,9904,12896,268148
2024-01-19T19:38:16,379005564,390043604,1901924,0.48,1247044,11244568,51612788,12.8,4574404,8771684,2260,882892,1459448,9968,13372,268164
2024-01-19T19:38:21,379042168,390081496,1863972,0.47,1247052,11245852,47810856,11.86,4574444,8738944,1548,849076,1459504,9952,12820,268148
2024-01-19T19:38:26,379004560,390044136,1901240,0.48,1247060,11246096,48899920,12.13,4574540,8769728,1400,879596,1459592,9984,13172,268100
2024-01-19T19:38:31,379013340,390053952,1891552,0.48,1247064,11247044,51610476,12.8,4574624,8771776,3260,880724,1459548,9936,13344,268148
2024-01-19T19:38:36,379011292,390052364,1893256,0.48,1247072,11247480,51609260,12.8,4574664,8772644,552,881104,1459448,9888,13280,268116
2024-01-19T19:38:41,379038648,390080880,1864392,0.47,1247072,11248632,47711168,11.83,4574672,8744224,1736,851536,1459804,9952,12820,268148
2024-01-19T19:38:46,379024960,390067580,1877656,0.48,1247080,11249004,51509476,12.77,4574788,8773952,1424,881104,1459848,9952,13344,268212
2024-01-19T19:38:51,379036392,390079940,1865340,0.47,1247084,11249908,51712672,12.82,4574884,8775416,3188,881612,1459824,10112,13184,268228
2024-01-19T19:38:56,379033572,390077548,1867696,0.47,1247096,11250344,51471132,12.76,4574908,8774692,528,880672,1459840,9952,13360,268196
2024-01-19T19:39:01,379020312,390064712,1880736,0.48,1247100,11250736,51298984,12.72,4574948,8773228,972,878604,1459664,10144,12824,268228
2024-01-19T19:39:06,379031720,390077612,1867632,0.47,1247104,11252216,51507900,12.77,4575064,8775032,1548,879296,1459876,9936,13368,268148
2024-01-19T19:39:11,379025152,390071904,1873212,0.47,1247108,11253088,51612416,12.8,4575092,8781800,2592,885008,1459988,9872,13256,268116
2024-01-19T19:39:16,379013236,390060620,1884004,0.48,1247112,11253668,51510004,12.77,4575132,8781512,3968,884256,1460528,9984,13680,268084
2024-01-19T19:39:21,379012572,390060712,1884056,0.48,1247116,11254428,51609400,12.8,4575216,8778172,2460,880280,1460376,9872,13236,268100
2024-01-19T19:39:26,379053820,390103584,1841208,0.47,1247128,11255984,47709416,11.83,4575320,8749624,3500,850404,1460408,9952,12864,268020
2024-01-19T19:39:31,379024724,390074204,1870704,0.47,1247132,11255692,51302484,12.72,4575364,8778592,2420,879600,1460296,9936,12956,267972
2024-01-19T19:39:36,379011264,390062664,1882360,0.48,1247136,11257680,51505800,12.77,4575464,8780768,3624,879380,1460108,9920,13088,267972
2024-01-19T19:39:41,379068448,390121164,1824456,0.46,1247136,11258880,44010516,10.91,4575504,8719104,2016,816956,1459628,9856,12272,268036
2024-01-19T19:39:46,379028032,390080764,1864588,0.47,1247136,11258860,47501416,11.78,4575564,8751084,3368,849012,1459932,9904,12868,268116
2024-01-19T19:39:51,379031972,390085328,1859828,0.47,1247144,11259488,51305400,12.72,4575644,8783940,2936,881404,1460116,9920,13388,268116
2024-01-19T19:39:56,379015256,390068912,1876048,0.48,1247144,11259928,51508716,12.77,4575696,8784392,3260,881580,1460172,9920,13692,268100
2024-01-19T19:40:01,379015840,390070864,1874324,0.47,1247152,11261288,51515164,12.78,4575808,8791340,2940,887128,1459944,9952,13584,268060
2024-01-19T19:40:06,379009176,390064356,1880964,0.48,1247160,11261400,51713304,12.82,4575836,8788232,3676,883972,1459848,9936,13468,268116
2024-01-19T19:40:11,379021692,390077560,1867588,0.47,1247168,11262084,51404600,12.75,4575892,8783248,2652,878244,1460016,9888,13520,268132
2024-01-19T19:40:16,379002016,390058928,1886412,0.48,1247172,11263108,51608864,12.8,4575996,8785212,3552,879364,1459840,9904,13368,268164
2024-01-19T19:40:21,378989640,390047480,1898136,0.48,1247184,11264032,51506968,12.77,4576096,8785092,2444,878412,1459556,9904,13352,268148
2024-01-19T19:40:26,378976132,390034404,1911276,0.48,1247192,11264464,51614572,12.8,4576096,8793544,1256,886416,1459484,9904,13384,268164
2024-01-19T19:40:31,378993844,390053716,1891984,0.48,1247192,11266016,51507128,12.77,4576184,8788224,904,879600,1459512,9904,12940,268100
2024-01-19T19:40:36,379029844,390090584,1855072,0.47,1247196,11266888,47913864,11.88,4576236,8758732,2112,848868,1459548,10128,12680,268068
2024-01-19T19:40:41,379004244,390065264,1880436,0.48,1247208,11267140,51406880,12.75,4576348,8793032,2488,882916,1459520,9888,13368,268116
2024-01-19T19:40:46,379004884,390066696,1879384,0.48,1247216,11267936,51405692,12.75,4576388,8790528,2968,880184,1459128,9920,12580,268196
2024-01-19T19:40:51,379000876,390063692,1882056,0.48,1247232,11268912,51309824,12.72,4576464,8798028,568,886816,1459472,9936,13512,268220
2024-01-19T19:40:56,378966072,390029416,1916056,0.49,1247240,11269432,51712552,12.82,4576560,8791184,960,879492,1459748,9856,13340,268068
2024-01-19T19:41:01,378978776,390043072,1902416,0.48,1247240,11270364,51817492,12.85,4576632,8796144,3136,883628,1459752,9904,13420,268052
2024-01-19T19:41:06,379006092,390071460,1874032,0.47,1247244,11271436,47708516,11.83,4576644,8764940,2444,851340,1459744,9904,12908,268084
2024-01-19T19:41:11,378974428,390040300,1905112,0.48,1247256,11271888,51609796,12.8,4576736,8794608,3428,880588,1459864,9856,13344,268084
2024-01-19T19:41:16,378997104,390064440,1880824,0.48,1247264,11273348,47605788,11.81,4576836,8761832,2456,846512,1460008,9856,12824,268084
2024-01-19T19:41:21,378971620,390038980,1906552,0.48,1247272,11273292,51403144,12.75,4576904,8795120,3852,880056,1459812,9888,13404,268132
2024-01-19T19:41:26,378988612,390056736,1888960,0.48,1247276,11274020,51610412,12.8,4576960,8796528,2648,880708,1459680,9808,13284,268068
2024-01-19T19:41:31,379000228,390070140,1875524,0.47,1247288,11275652,47503936,11.78,4577028,8764576,3400,847116,1459856,9824,12784,268100
2024-01-19T19:41:36,378985152,390055764,1890144,0.48,1247296,11276340,51406784,12.75,4577140,8799224,2604,881516,1459616,9824,13008,268020
2024-01-19T19:41:41,378992480,390063220,1882468,0.48,1247300,11276416,51512908,12.77,4577164,8802732,3632,884560,1459884,9840,13752,268092
2024-01-19T19:41:46,379003216,390075144,1870580,0.47,1247304,11277636,48694400,12.08,4577252,8782548,2432,863388,1459812,9824,13308,268020
2024-01-19T19:41:51,378996116,390069496,1875680,0.48,1247308,11279044,51202180,12.7,4577372,8800996,4064,880420,1460400,9888,13452,268132
2024-01-19T19:41:56,378995784,390069164,1875680,0.48,1247312,11279048,51506820,12.77,4577404,8800952,2820,880572,1460724,9856,13428,268100
2024-01-19T19:42:01,378978700,390053716,1891096,0.48,1247312,11280640,51712216,12.82,4577452,8802296,3628,880148,1460800,9792,13004,268020
2024-01-19T19:42:06,378974440,390049524,1895432,0.48,1247324,11280708,51199992,12.7,4577496,8802980,3036,880960,1460644,9776,13308,267972
2024-01-19T19:42:11,378965332,390041708,1903636,0.48,1247324,11281860,51508768,12.77,4577640,8804556,3404,881448,1460396,9840,13436,267972
2024-01-19T19:42:16,378966364,390042996,1902512,0.48,1247328,11282120,51302576,12.72,4577648,8804052,2612,880628,1460224,9792,13352,267940
2024-01-19T19:42:21,378958468,390036196,1909216,0.48,1247336,11283088,51510876,12.77,4577732,8804580,1924,880212,1460440,10000,13448,268036
2024-01-19T19:42:26,378950776,390029460,1916428,0.49,1247344,11284040,51510488,12.77,4577824,8806064,1616,880916,1459960,9808,13316,267972
2024-01-19T19:42:31,378945004,390024700,1920688,0.49,1247348,11285052,51310260,12.72,4577872,8812240,3788,886060,1460456,9872,13212,267996
2024-01-19T19:42:36,378999412,390079744,1866400,0.47,1247356,11285656,45877540,11.38,4577900,8767164,2644,840592,1459724,9808,12376,267892
2024-01-19T19:42:41,378982520,390063628,1881896,0.48,1247360,11286412,47733724,11.84,4577988,8775800,2732,849024,1460360,9760,12716,267876
2024-01-19T19:42:46,378960540,390042068,1903676,0.48,1247368,11286872,51406668,12.75,4578052,8808556,2476,880908,1460092,9824,13356,267972
2024-01-19T19:42:51,378993020,390075424,1870516,0.47,1247372,11287740,48787504,12.1,4578120,8777288,2492,848864,1459900,9760,12776,267924
2024-01-19T19:42:56,378954616,390037692,1908260,0.48,1247384,11288400,51102900,12.67,4578184,8812616,3904,883432,1459888,9824,13324,267940
2024-01-19T19:43:01,378951888,390036764,1909528,0.48,1247392,11290196,51510248,12.77,4578328,8813892,2916,883120,1459544,9824,13392,267908
2024-01-19T19:43:06,378973512,390058520,1887720,0.48,1247396,11290316,51610092,12.8,4578364,8813444,3768,882484,1459604,9840,13384,268020
2024-01-19T19:43:11,378972812,390058508,1887416,0.48,1247400,11291000,51407564,12.75,4578428,8813412,2612,882540,1459920,9808,13312,267988
2024-01-19T19:43:16,378959564,390045908,1900092,0.48,1247408,11291756,51506776,12.77,4578480,8810252,3292,878008,1459728,9840,13148,268068
2024-01-19T19:43:21,378972524,390060968,1885020,0.48,1247412,11293848,47606924,11.81,4578552,8784616,2808,850344,1459744,9808,12812,268052
2024-01-19T19:43:26,378934080,390022180,1923844,0.49,1247424,11293460,51303840,12.72,4578648,8814744,3680,881024,1459740,9856,13436,268068
2024-01-19T19:43:31,378947340,390036104,1909968,0.48,1247432,11294108,51410256,12.75,4578672,8818676,736,884256,1459700,9824,13396,268116
2024-01-19T19:43:36,378971840,390061620,1884140,0.48,1247436,11295116,47708828,11.83,4578708,8784468,1712,849020,1460016,9824,12856,268100
2024-01-19T19:43:41,378948320,390039064,1907100,0.48,1247436,11295952,48487920,12.02,4578792,8813592,1788,877376,1459740,9776,12264,268100
2024-01-19T19:43:46,378940416,390031628,1914280,0.48,1247440,11296440,51508484,12.77,4578900,8817876,3516,881344,1459972,9824,13380,268084
2024-01-19T19:43:51,378965560,390057800,1888068,0.48,1247448,11297452,48591916,12.05,4578904,8796156,248,858516,1460020,9792,12780,268100
2024-01-19T19:43:56,378935964,390028624,1916872,0.49,1247452,11297804,51511380,12.77,4578972,8823688,2312,885852,1460456,9792,13380,268052
2024-01-19T19:44:01,378944188,390038080,1907260,0.48,1247452,11299048,48591328,12.05,4579056,8817204,1656,878244,1460600,9808,12788,268036
2024-01-19T19:44:06,378935944,390029844,1915260,0.49,1247452,11299100,51715696,12.82,4579104,8822512,3104,883876,1460792,9904,13516,268004
2024-01-19T19:44:11,378964168,390060352,1884964,0.48,1247460,11301360,48587732,12.05,4579196,8812240,1972,871088,1460596,9792,12292,267988
2024-01-19T19:44:16,378976336,390072756,1872680,0.47,1247464,11301580,47709160,11.83,4579236,8793492,1580,851544,1460488,9936,12808,268036
2024-01-19T19:44:21,378930656,390027240,1917912,0.49,1247476,11301732,51412008,12.75,4579340,8827740,1092,886364,1460772,9856,13504,268108
2024-01-19T19:44:26,378934012,390031560,1913616,0.48,1247480,11302652,51507272,12.77,4579372,8823112,1776,881168,1460788,9792,13132,268020
2024-01-19T19:44:31,378927624,390026004,1919388,0.49,1247484,11303496,51615476,12.8,4579492,8828152,2264,885108,1460556,9840,13428,268036
2024-01-19T19:44:36,378927468,390026352,1919028,0.49,1247488,11303988,51304516,12.72,4579520,8825080,2700,881576,1460576,9824,13356,268036
2024-01-19T19:44:41,378912256,390012236,1933372,0.49,1247496,11305060,51510880,12.77,4579604,8826488,3700,882036,1460364,9856,13340,268036
2024-01-19T19:44:46,378894096,389995168,1950460,0.49,1247500,11306124,51615520,12.8,4579708,8831656,2580,886140,1460368,9856,13428,268036
2024-01-19T19:44:51,378919288,390021196,1924300,0.49,1247500,11306968,51508676,12.77,4579760,8825496,3680,879420,1460492,9840,13356,268052
2024-01-19T19:44:56,378913316,390015488,1930068,0.49,1247500,11307200,51196384,12.7,4579760,8825824,2760,879364,1460464,9840,13340,268036
2024-01-19T19:45:01,378899008,390002368,1942868,0.49,1247500,11308356,51506160,12.77,4579844,8826192,2220,878632,1460816,9856,13372,268068
2024-01-19T19:45:06,378911824,390015908,1929528,0.49,1247508,11309072,48385924,12.0,4579924,8810196,1800,862060,1460616,9840,12976,268100
2024-01-19T19:45:11,378880940,389985960,1959088,0.5,1247512,11309996,51715272,12.82,4580012,8833272,3728,883756,1461012,9872,13444,268148
2024-01-19T19:45:16,378892956,389998656,1946256,0.49,1247520,11310656,51713940,12.82,4580064,8831816,2548,882228,1461160,9872,13412,268116
2024-01-19T19:45:21,378884632,389991196,1953728,0.49,1247524,11311616,51713428,12.82,4580136,8833668,3600,883212,1461048,9872,13452,268100
2024-01-19T19:45:26,378896252,390003492,1941512,0.49,1247532,11312276,51511684,12.77,4580176,8835080,884,883848,1460976,9856,13404,268132
2024-01-19T19:45:31,378888396,389996928,1948288,0.49,1247532,11313572,51405204,12.75,4580260,8836128,2992,883744,1460760,9856,13396,268100
2024-01-19T19:45:36,378882088,389991080,1954216,0.49,1247536,11314004,51613588,12.8,4580296,8839748,2256,886972,1460704,9872,13412,268116
2024-01-19T19:45:41,378884264,389993856,1951596,0.49,1247540,11314636,51511524,12.77,4580376,8836628,3476,882764,1460512,9856,13352,268148
2024-01-19T19:45:46,378888676,389999104,1946292,0.49,1247548,11315476,48796140,12.1,4580428,8831868,2132,877688,1460556,9856,12812,268068
2024-01-19T19:45:51,378863144,389974636,1970412,0.5,1247564,11316524,51202104,12.7,4580524,8837620,3544,883116,1460904,9872,13412,268084
2024-01-19T19:45:56,378862284,389974516,1970656,0.5,1247568,11317224,51612312,12.8,4580536,8842168,788,886324,1460816,9872,13456,268100
2024-01-19T19:46:01,378903472,390017216,1927700,0.49,1247576,11318724,47917072,11.88,4580636,8807856,1796,850712,1461076,9968,13064,268156
2024-01-19T19:46:06,378880564,389994316,1950100,0.49,1247588,11318724,51505328,12.77,4580732,8836156,1692,879132,1461572,9872,13212,268132
2024-01-19T19:46:11,378880924,389995276,1949328,0.49,1247596,11319280,51306608,12.72,4580772,8841504,3112,883376,1461420,10208,13352,268084
2024-01-19T19:46:16,378899484,390015344,1930116,0.49,1247604,11320696,51410072,12.75,4580916,8843192,3648,884180,1460648,9856,13036,268084
2024-01-19T19:46:21,378902768,390019104,1926212,0.49,1247608,11321196,51508168,12.77,4580960,8840844,2736,881460,1460764,9872,13344,268116
2024-01-19T19:46:26,378908148,390025336,1919864,0.49,1247612,11322036,51509444,12.77,4581020,8842720,3228,882596,1460888,9888,13384,268148
2024-01-19T19:46:31,378900656,390018876,1926628,0.49,1247612,11323060,48592400,12.05,4581092,8838704,2348,877696,1460592,9888,12908,268132
2024-01-19T19:46:36,378884320,390003564,1941908,0.49,1247620,11324048,51513356,12.77,4581172,8848716,3992,886596,1460652,9904,13428,268148
2024-01-19T19:46:41,378911204,390030896,1914588,0.48,1247624,11324472,51712380,12.82,4581224,8843516,2628,881108,1460660,9872,13332,268132
2024-01-19T19:46:46,378919248,390039304,1905636,0.48,1247632,11324864,48590068,12.05,4581256,8823268,1680,859924,1461168,9920,12940,268148
2024-01-19T19:46:51,378901908,390022796,1922136,0.49,1247640,11325696,51607212,12.8,4581300,8842680,1064,878976,1461168,10000,12948,268132
2024-01-19T19:46:56,378936484,390058284,1886476,0.48,1247640,11326756,48695040,12.08,4581400,8826364,1368,861280,1461192,9904,12624,268148
2024-01-19T19:47:01,378934800,390057316,1887292,0.48,1247644,11327416,48797144,12.1,4581492,8830416,1276,865308,1461396,9920,13196,268148
2024-01-19T19:47:06,378912728,390035880,1909120,0.48,1247656,11328108,51610064,12.8,4581544,8846268,3020,880464,1460936,9888,13332,268228
2024-01-19T19:47:11,378907120,390030920,1914164,0.48,1247664,11328716,51305664,12.72,4581600,8847052,396,880688,1460884,9952,13376,268228
2024-01-19T19:47:16,378896000,390021316,1923864,0.49,1247672,11330156,51610364,12.8,4581736,8847268,2780,879688,1460856,9920,13312,268228
2024-01-19T19:47:21,378900376,390026544,1918796,0.49,1247676,11330948,51509080,12.77,4581784,8849344,2028,880936,1460752,9904,12872,268212
2024-01-19T19:47:26,378888308,390014944,1930452,0.49,1247688,11331404,51204044,12.7,4581848,8850576,1508,881804,1460696,9936,13432,268212
2024-01-19T19:47:31,378877648,390006568,1938868,0.49,1247696,11333680,51512648,12.77,4581912,8859864,308,888764,1460656,9888,13452,268196
2024-01-19T19:47:36,378856668,389985180,1960172,0.5,1247696,11333200,51717068,12.83,4582012,8856088,2164,885812,1460812,9920,13304,268116
2024-01-19T19:47:41,378898376,390027820,1917672,0.49,1247700,11334116,51719688,12.83,4582084,8855756,1940,883952,1460684,9856,13340,268108
2024-01-19T19:47:46,378935452,390066200,1879312,0.48,1247700,11335404,47709332,11.83,4582116,8822224,1888,849784,1460680,10016,12740,268084
2024-01-19T19:47:51,378908528,390039992,1905288,0.48,1247704,11336080,51544784,12.78,4582260,8856140,1528,883008,1460948,9984,13436,267972
2024-01-19T19:47:56,378896928,390028668,1916700,0.49,1247708,11336360,50995032,12.65,4582248,8857388,1916,884108,1460852,10224,13388,268148
2024-01-19T19:48:01,378888576,390021144,1923996,0.49,1247716,11337292,51510212,12.77,4582304,8859460,1568,885120,1460968,10000,13520,268196
2024-01-19T19:48:06,378896616,390029960,1915244,0.49,1247720,11338032,51609588,12.8,4582404,8855876,1784,881176,1460936,9936,13312,268100
2024-01-19T19:48:11,378905232,390039348,1905908,0.48,1247724,11338732,51404568,12.75,4582484,8856440,1820,881028,1460952,9904,13280,268196
2024-01-19T19:48:16,378896868,390031692,1913388,0.48,1247728,11339404,51405572,12.75,4582532,8859256,2740,883084,1461160,9936,13352,268212
2024-01-19T19:48:21,378932112,390068348,1876736,0.48,1247728,11340832,47813924,11.86,4582568,8829124,2276,851580,1461140,9936,12892,268180
2024-01-19T19:48:26,378917328,390054108,1891388,0.48,1247732,11341384,51300384,12.72,4582684,8858280,1908,880212,1460716,9920,13348,268148
2024-01-19T19:48:31,378906652,390044176,1901140,0.48,1247732,11342104,51818596,12.85,4582748,8864148,3464,885444,1460920,9936,13408,268164
2024-01-19T19:48:36,378904396,390042372,1902724,0.48,1247736,11342564,51611608,12.8,4582784,8863208,828,884264,1461128,10000,13500,268196
2024-01-19T19:48:41,378894968,390034016,1910952,0.48,1247740,11343620,45571968,11.3,4582852,8855880,2144,875804,1461268,9936,13012,268180
2024-01-19T19:48:46,378881468,390021204,1923412,0.49,1247748,11344280,51405816,12.75,4582928,8860824,1880,880200,1461640,9952,13408,268164
2024-01-19T19:48:51,378865588,390006040,1938644,0.49,1247748,11344996,51610452,12.8,4582988,8862144,3384,880780,1461572,9936,13364,268212
2024-01-19T19:48:56,378881560,390022712,1922224,0.49,1247752,11345688,48490108,12.02,4583020,8850252,768,868152,1461324,9936,13108,268180
2024-01-19T19:49:01,378879200,390021160,1923904,0.49,1247756,11346488,48594088,12.05,4583088,8848108,1912,865436,1461200,10000,13008,268148
2024-01-19T19:49:06,378864844,390007748,1937568,0.49,1247756,11347440,51612976,12.8,4583196,8865796,1796,882160,1460940,9872,13268,268052
2024-01-19T19:49:11,378860948,390004676,1940224,0.49,1247764,11348244,51816224,12.85,4583268,8867096,1912,882780,1461368,9936,13400,268116
2024-01-19T19:49:16,378861996,390006232,1938456,0.49,1247768,11348744,51509816,12.77,4583300,8868548,736,883764,1461584,9936,13428,268116
2024-01-19T19:49:21,378871116,390016644,1928196,0.49,1247768,11350036,51410300,12.75,4583364,8872420,2776,886380,1461432,9968,13492,268116
2024-01-19T19:49:26,378878324,390024492,1920924,0.49,1247772,11350680,51301260,12.72,4583460,8862024,2112,875452,1460848,9952,13364,268084
2024-01-19T19:49:31,378869612,390016440,1928888,0.49,1247776,11351256,51613244,12.8,4583496,8872260,3580,884592,1461016,10288,13412,268084
2024-01-19T19:49:36,378866192,390013896,1931848,0.49,1247780,11352276,51609124,12.8,4583584,8867492,832,879556,1460452,9936,13444,268036
2024-01-19T19:49:41,378858968,390006920,1938356,0.49,1247784,11352524,51408260,12.75,4583580,8872896,1912,884372,1460916,10176,13488,268132
2024-01-19T19:49:46,378869540,390018448,1927504,0.49,1247792,11353652,51513192,12.77,4583652,8875588,1032,886584,1460060,9952,13400,268148
2024-01-19T19:49:51,378866356,390016192,1929520,0.49,1247792,11354584,48693776,12.08,4583708,8868912,996,878624,1460296,9904,12740,268052
2024-01-19T19:49:56,378850276,390000244,1945408,0.49,1247804,11354688,51408144,12.75,4583792,8872992,3004,882244,1460372,9936,13368,268132
2024-01-19T19:50:01,378869948,390021084,1924672,0.49,1247812,11355836,51712552,12.82,4583904,8872048,2564,880820,1460280,9920,13332,268052
2024-01-19T19:50:06,378865308,390017488,1927796,0.49,1247820,11356852,47606904,11.81,4583924,8842824,1580,850516,1460772,9936,12608,268068
2024-01-19T19:50:11,378835240,389987612,1957316,0.5,1247824,11357020,51308304,12.72,4584012,8876600,1308,884292,1461148,9920,13304,268068
2024-01-19T19:50:16,378836320,389989784,1955208,0.5,1247828,11358080,51514044,12.77,4584088,8876052,3324,883172,1461112,9968,13428,268236
2024-01-19T19:50:21,378833508,389987668,1957620,0.5,1247828,11358780,51507092,12.77,4584152,8874528,472,880604,1460812,9968,13404,268180
2024-01-19T19:50:26,378817100,389971916,1973292,0.5,1247836,11359380,51610456,12.8,4584192,8875656,1436,881052,1460940,9952,13372,268180
2024-01-19T19:50:31,378816324,389972404,1972700,0.5,1247844,11360644,51306496,12.72,4584276,8879856,1540,884236,1461036,9968,13424,268116
2024-01-19T19:50:36,378807560,389964892,1980256,0.5,1247848,11361840,48693692,12.08,4584352,8875316,2828,878556,1461044,9984,12900,268180
2024-01-19T19:50:41,378796944,389954448,1990588,0.5,1247856,11361996,51815124,12.85,4584436,8878164,2428,881192,1461164,9968,13356,268212
2024-01-19T19:50:46,378793020,389950744,1994140,0.51,1247860,11362296,51711868,12.82,4584448,8877824,1400,880532,1461232,9904,13580,268164
2024-01-19T19:50:51,378791436,389950988,1993624,0.5,1247872,11364116,51408984,12.75,4584544,8882224,1684,883168,1461500,9968,13420,268180
2024-01-19T19:50:56,378797456,389957212,1986896,0.5,1247876,11364304,51815956,12.85,4584636,8880904,2944,881836,1462016,9936,13676,268180
2024-01-19T19:51:01,378796836,389957060,1987368,0.5,1247876,11364772,51505424,12.77,4584672,8879888,872,880340,1461696,9904,13332,268132
2024-01-19T19:51:06,378794004,389955020,1989080,0.5,1247880,11365564,51511680,12.77,4584724,8883924,1148,883588,1462020,9888,13300,268084
2024-01-19T19:51:11,378795072,389956696,1987432,0.5,1247884,11366148,51609968,12.8,4584756,8882556,236,881684,1462012,9952,13360,268164
2024-01-19T19:51:16,378801160,389963860,1980416,0.5,1247888,11367196,51610084,12.8,4584800,8882000,1160,880892,1461888,9904,13336,268164
2024-01-19T19:51:21,378819200,389982876,1961132,0.5,1247896,11368124,51100664,12.67,4584924,8883628,2140,881048,1462196,9904,13360,268164
2024-01-19T19:51:26,378839624,390003652,1940924,0.49,1247904,11368448,51613528,12.8,4584968,8886628,2468,883540,1461648,9952,13368,268148
2024-01-19T19:51:31,378836896,390001924,1943016,0.49,1247904,11369436,51099832,12.67,4585020,8888700,724,884844,1461296,9952,13368,268132
2024-01-19T19:51:36,378828716,389994452,1951216,0.49,1247912,11370156,51609636,12.8,4585132,8885648,1296,881048,1460548,9936,13360,268052
2024-01-19T19:51:41,378820588,389987460,1958568,0.5,1247924,11371280,51407648,12.75,4585192,8889140,3592,883580,1460188,9952,13412,268132
2024-01-19T19:51:46,378816608,389983736,1962576,0.5,1247932,11371488,51713932,12.82,4585244,8890052,2544,883760,1459944,9968,13380,268132
2024-01-19T19:51:51,378839032,390007704,1938588,0.49,1247940,11372976,48108980,11.93,4585296,8857200,2016,850000,1460012,9920,12812,268084
2024-01-19T19:51:56,378811564,389980924,1965312,0.5,1247944,11373652,51716068,12.82,4585448,8892172,2260,883956,1460076,9936,13384,268084
2024-01-19T19:52:01,378831796,390001868,1944224,0.49,1247952,11374324,48039308,11.91,4585460,8856644,3244,848104,1460252,9888,12824,268116
2024-01-19T19:52:06,378839148,390009620,1935912,0.49,1247956,11374716,48695228,12.08,4585528,8887692,2392,878988,1460816,9936,13208,268148
2024-01-19T19:52:11,378840656,390012116,1933300,0.49,1247964,11375676,51507440,12.77,4585612,8889252,2112,879576,1460952,9920,13356,268068
2024-01-19T19:52:16,378853496,390025356,1920180,0.49,1247964,11376072,51609244,12.8,4585644,8890708,1284,880732,1460836,9936,13240,268084
2024-01-19T19:52:21,378849944,390023280,1922012,0.49,1247964,11377416,51306220,12.72,4585760,8892088,3376,880864,1461212,9936,13392,268164
2024-01-19T19:52:26,378872924,390046964,1898228,0.48,1247964,11378116,51409196,12.75,4585812,8895572,2568,883792,1461316,9920,13356,268164
2024-01-19T19:52:31,378882752,390057440,1887440,0.48,1247972,11378660,48696504,12.08,4585832,8893624,1624,881220,1461724,9920,12924,268116
2024-01-19T19:52:36,378897276,390072916,1872172,0.47,1247976,11379600,51510080,12.77,4585892,8898376,1576,885220,1461524,9968,13472,268116
2024-01-19T19:52:41,378892856,390069620,1875492,0.47,1247980,11380660,51615656,12.8,4586000,8899652,2392,885128,1461560,9952,13440,268212
2024-01-19T19:52:46,378885516,390063084,1881988,0.48,1247988,11381432,51098916,12.67,4586048,8896484,1948,881544,1461624,9904,13344,268148
2024-01-19T19:52:51,378882120,390059916,1884952,0.48,1247992,11381648,51509644,12.77,4586092,8895472,3148,880440,1461836,9984,13244,268252
2024-01-19T19:52:56,378914692,390093704,1851616,0.47,1248004,11382804,51408668,12.75,4586176,8899488,2776,883388,1461432,9920,13416,268148
2024-01-19T19:53:01,378903008,390082616,1862552,0.47,1248012,11383408,51710164,12.82,4586256,8896136,3484,879024,1461568,10256,13892,268132
2024-01-19T19:53:06,378905448,390085560,1859680,0.47,1248024,11383896,51410064,12.75,4586292,8901228,2612,884068,1461500,9936,13428,268100
2024-01-19T19:53:11,378900292,390081652,1863976,0.47,1248028,11385132,51610324,12.8,4586396,8900100,3500,881316,1461120,10112,13376,268084
2024-01-19T19:53:16,378912312,390094380,1850824,0.47,1248028,11385828,48795288,12.1,4586488,8881080,2688,862228,1461556,9904,13028,268068
2024-01-19T19:53:21,378890316,390073168,1871984,0.47,1248028,11386608,51608716,12.8,4586532,8900516,2808,880340,1461612,9872,12924,268052
2024-01-19T19:53:26,378884004,390067816,1877220,0.48,1248032,11387564,51508204,12.77,4586612,8901668,2600,881188,1461728,9952,13384,268132
2024-01-19T19:53:31,378881180,390065884,1879056,0.48,1248032,11388444,48796040,12.1,4586688,8899244,2348,877996,1461836,9952,13212,268132
2024-01-19T19:53:36,378863060,390048460,1896644,0.48,1248044,11389032,51404788,12.75,4586712,8903812,1556,881960,1461768,9920,13680,268148
2024-01-19T19:53:41,378865396,390051852,1894020,0.48,1248048,11390036,51510432,12.77,4586812,8905124,1404,882348,1461048,9904,13372,268132
2024-01-19T19:53:46,378868536,390056720,1889020,0.48,1248056,11391676,47811040,11.86,4586908,8873368,3028,848612,1461260,9936,12904,268148
2024-01-19T19:53:51,378842132,390030348,1915328,0.49,1248064,11391692,51613812,12.8,4586972,8908608,2596,884264,1461332,9936,13448,268148
2024-01-19T19:53:56,378829632,390018492,1927584,0.49,1248076,11392272,51513108,12.77,4587000,8909528,1716,884260,1460984,9856,13284,268148
2024-01-19T19:54:01,378825332,390016012,1930164,0.49,1248080,11394064,51307780,12.72,4587056,8913964,2060,887260,1460908,9904,13432,268164
2024-01-19T19:54:06,378817724,390008484,1937448,0.49,1248084,11394144,51405140,12.75,4587184,8907696,3376,881084,1461148,9952,13436,268148
2024-01-19T19:54:11,378809052,390000816,1945072,0.49,1248092,11395128,51512116,12.77,4587228,8913432,2928,885848,1461204,9904,13420,268132
2024-01-19T19:54:16,378806588,389998760,1946644,0.49,1248096,11395492,51613368,12.8,4587292,8912552,3784,884700,1461728,9840,13324,268100
2024-01-19T19:54:21,378835760,390029208,1916288,0.49,1248096,11396752,48589828,12.05,4587400,8881400,1984,852424,1461652,9888,12740,267988
2024-01-19T19:54:26,378822872,390016708,1928704,0.49,1248104,11397148,51401316,12.75,4587436,8908116,1268,878772,1461720,9904,13648,268084
2024-01-19T19:54:31,378824836,390019220,1926364,0.49,1248116,11397668,51307144,12.72,4587508,8912992,988,883032,1461564,9888,13336,268108
2024-01-19T19:54:36,378854044,390050088,1895372,0.48,1248120,11399320,47810816,11.86,4587276,8882500,2232,850680,1461692,9888,12824,268052
2024-01-19T19:54:41,378842804,390039272,1905620,0.48,1248120,11399736,51306944,12.72,4587392,8914964,2224,883012,1462268,9904,13352,268084
2024-01-19T19:54:46,378835496,390032936,1912092,0.48,1248120,11400684,51712448,12.82,4587412,8914572,1096,881512,1462156,10112,13196,268148
2024-01-19T19:54:51,378840320,390038216,1906648,0.48,1248120,11401128,51506032,12.77,4587468,8913808,808,880488,1462332,9888,13516,268068
2024-01-19T19:54:56,378845400,390044512,1900392,0.48,1248124,11402292,51512692,12.77,4587584,8915772,2748,881552,1462340,9952,13448,268100
2024-01-19T19:55:01,378848448,390048300,1896972,0.48,1248128,11402964,51506452,12.77,4587652,8915528,2800,880676,1462036,9888,13356,268116
2024-01-19T19:55:06,378840492,390040844,1904472,0.48,1248132,11403460,51713896,12.82,4587676,8920188,3100,884660,1461992,9840,13336,268020
2024-01-19T19:55:11,378871272,390073288,1871940,0.47,1248140,11405012,47912784,11.88,4587752,8887368,2688,850428,1462184,9888,12960,268100
2024-01-19T19:55:16,378848848,390051296,1893728,0.48,1248144,11405420,51509612,12.77,4587856,8917452,2556,880312,1462408,9888,13372,268132
2024-01-19T19:55:21,378843888,390047232,1898076,0.48,1248156,11406140,51516128,12.78,4587888,8926924,4432,888948,1462288,9904,13540,268140
2024-01-19T19:55:26,378853636,390057496,1887580,0.48,1248160,11406616,51402976,12.75,4587972,8919164,2780,880804,1462556,9888,13428,268084
2024-01-19T19:55:31,378849132,390053628,1891088,0.48,1248168,11407176,48691300,12.07,4588016,8916748,3520,877308,1462984,9888,13236,268004
2024-01-19T19:55:36,378856544,390062172,1882748,0.48,1248176,11408308,51611096,12.8,4588120,8923640,2528,883716,1462772,9888,13420,268084
2024-01-19T19:55:41,378845748,390051748,1893136,0.48,1248188,11408652,51713636,12.82,4588152,8924212,3852,883992,1462824,9904,13476,268100
2024-01-19T19:55:46,378833232,390039928,1904784,0.48,1248192,11409344,51408048,12.75,4588208,8922124,932,881384,1462996,9856,13360,268084
2024-01-19T19:55:51,378817564,390025016,1919672,0.49,1248212,11410008,51507888,12.77,4588284,8922368,1568,880824,1463092,9856,13152,268020
2024-01-19T19:55:56,378790396,389999112,1945520,0.49,1248212,11411248,51514540,12.77,4588340,8931456,2680,888688,1463172,9856,13384,268036
2024-01-19T19:56:01,378779884,389989148,1955816,0.5,1248220,11411776,51510492,12.77,4588424,8927004,3720,883912,1462852,9872,13332,268068
2024-01-19T19:56:06,378807836,390017932,1927408,0.49,1248224,11412620,51507948,12.77,4588500,8924100,2456,880212,1462460,9888,13364,268084
2024-01-19T19:56:11,378819240,390030304,1914932,0.48,1248228,11413544,48015764,11.91,4588544,8894932,3348,850124,1462604,9872,12728,268052
2024-01-19T19:56:16,378796884,390008448,1936540,0.49,1248228,11414040,51510948,12.77,4588624,8930708,2736,885524,1462856,9872,13484,268084
2024-01-19T19:56:21,378791080,390003856,1940912,0.49,1248228,11415144,51511420,12.77,4588672,8932624,4072,886320,1463184,9856,13304,268052
2024-01-19T19:56:26,378858044,390072764,1872104,0.47,1248232,11417088,43908056,10.89,4588724,8868056,2432,819868,1463080,9840,12288,268036
2024-01-19T19:56:31,378804248,390018548,1925992,0.49,1248240,11416648,51611332,12.8,4588816,8931072,3316,883456,1463420,10128,13556,268100
2024-01-19T19:56:36,378797356,390012880,1931732,0.49,1248252,11417840,51611676,12.8,4588876,8933432,3172,884532,1463368,9888,13392,268052
2024-01-19T19:56:41,378822788,390039292,1904584,0.48,1248260,11418852,47707208,11.83,4588936,8900376,3344,850064,1464064,10080,12756,268116
2024-01-19T19:56:46,378781764,389998664,1946180,0.49,1248268,11419220,51303544,12.72,4589064,8930660,2512,880580,1463116,9872,13464,268068
2024-01-19T19:56:51,378807388,390024980,1919696,0.49,1248272,11419908,51301856,12.72,4589108,8932744,2984,882028,1463284,9840,13304,267988
2024-01-19T19:56:56,378810620,390028896,1915752,0.49,1248280,11420604,51372916,12.74,4589136,8935324,2568,883976,1463292,9840,13284,268052
2024-01-19T19:57:01,378814932,390034172,1910664,0.48,1248284,11421572,51710984,12.82,4589248,8930060,2316,877856,1463096,9920,13340,268052
2024-01-19T19:57:06,378846520,390067328,1877252,0.48,1248292,11423124,47919744,11.88,4589308,8906540,3612,853440,1463360,9888,12892,268044
2024-01-19T19:57:11,378810392,390031136,1913412,0.48,1248300,11423032,51713352,12.82,4589364,8935700,2744,882132,1463412,9904,13424,268052
2024-01-19T19:57:16,378818916,390040236,1904840,0.48,1248308,11423500,51712432,12.82,4589404,8936600,3924,882648,1462984,9888,13400,268036
2024-01-19T19:57:21,378817104,390040008,1905312,0.48,1248312,11425096,48490748,12.03,4589472,8935044,2376,879680,1462724,9888,12840,268036
2024-01-19T19:57:26,378824488,390047572,1897916,0.48,1248312,11425188,51406128,12.75,4589552,8938144,3748,882620,1462644,9888,13372,268036
2024-01-19T19:57:31,378822412,390046552,1899400,0.48,1248320,11426196,51510424,12.77,4589648,8939200,2552,882860,1462220,9888,13384,268084
2024-01-19T19:57:36,378832696,390057844,1888060,0.48,1248332,11427056,51505316,12.77,4589684,8936356,3584,879236,1462404,9840,13320,268084
2024-01-19T19:57:41,378827904,390053544,1892324,0.48,1248340,11427568,51716828,12.83,4589708,8941804,356,884048,1462412,9888,12908,268092
2024-01-19T19:57:46,378823120,390050096,1895372,0.48,1248348,11428720,51301380,12.72,4589792,8937156,2308,878196,1462988,9904,13456,268132
2024-01-19T19:57:51,378816032,390043720,1901744,0.48,1248352,11429360,51713076,12.82,4589940,8941712,2196,882252,1463060,9888,13456,268100
2024-01-19T19:57:56,378807468,390035700,1909580,0.48,1248356,11429788,51609976,12.8,4589948,8940440,1528,880660,1463356,9856,13396,268116
2024-01-19T19:58:01,378809624,390038692,1906760,0.48,1248360,11430608,51711456,12.82,4590012,8941624,1116,881180,1463196,9856,13364,268068
2024-01-19T19:58:06,378792068,390022000,1923568,0.49,1248372,11431464,51709744,12.82,4590112,8939008,3088,877876,1463076,9872,13376,268036
2024-01-19T19:58:11,378794000,390025008,1920768,0.49,1248376,11432516,51403976,12.75,4590180,8943460,2444,880756,1462888,9824,12976,268020
2024-01-19T19:58:16,378795832,390027484,1918048,0.49,1248380,11433108,51410372,12.75,4590208,8947964,1768,885024,1463180,10000,13200,268052
2024-01-19T19:58:21,378788896,390021276,1924128,0.49,1248388,11433840,51611188,12.8,4590312,8944424,1484,880960,1463296,9888,13396,268004
2024-01-19T19:58:26,378783392,390017004,1928116,0.49,1248396,11435056,51611160,12.8,4590364,8949408,3232,883792,1463588,9968,13244,268052
2024-01-19T19:58:31,378789596,390023444,1921944,0.49,1248408,11435372,51508936,12.77,4590448,8945232,2652,880456,1463228,9872,13160,268068
2024-01-19T19:58:36,378790096,390025492,1920244,0.49,1248416,11436864,50990112,12.64,4590512,8945904,704,879440,1462928,9840,12940,268052
2024-01-19T19:58:41,378793900,390029372,1916004,0.49,1248424,11436956,51410228,12.75,4590572,8949564,496,883176,1463264,9824,13016,268028
2024-01-19T19:58:46,378813964,390049992,1895748,0.48,1248424,11437468,48696568,12.08,4590644,8947920,1644,881148,1462944,9888,13176,268004
2024-01-19T19:58:51,378811732,390049108,1896872,0.48,1248432,11438812,51305628,12.72,4590712,8952352,3752,884436,1462700,9824,13364,268004
2024-01-19T19:58:56,378830564,390068208,1877340,0.48,1248436,11439076,51508780,12.77,4590776,8952584,2748,884364,1463132,9888,13432,268020
2024-01-19T19:59:01,378840928,390080604,1864888,0.47,1248440,11441080,47610228,11.81,4590844,8922768,4456,852092,1463212,9888,12956,268132
2024-01-19T19:59:06,378827328,390066864,1878408,0.48,1248440,11440948,51508980,12.77,4590948,8954228,2584,884212,1463424,9824,13320,268132
2024-01-19T19:59:11,378813732,390053892,1891528,0.48,1248444,11441548,51301864,12.72,4590976,8952240,3768,881224,1463296,9872,13364,268164
2024-01-19T19:59:16,378811656,390053028,1892744,0.48,1248448,11442740,51612656,12.8,4591036,8955492,3172,883668,1462960,9856,13412,268148
2024-01-19T19:59:21,378811912,390053904,1891840,0.48,1248452,11443376,51711348,12.82,4591120,8952604,3624,880308,1462968,9872,13036,268100
2024-01-19T19:59:26,378826788,390069880,1875976,0.48,1248456,11444416,47607184,11.81,4591196,8923940,2628,850640,1462912,9920,12932,268116
2024-01-19T19:59:31,378810560,390054792,1890528,0.48,1248468,11445500,48009604,11.91,4591248,8927412,3400,853240,1463492,9888,12868,268084
2024-01-19T19:59:36,378793396,390037708,1907868,0.48,1248472,11445520,51608088,12.8,4591316,8953136,2380,879036,1463292,9840,13148,268084
2024-01-19T19:59:41,378810632,390056788,1888756,0.48,1248476,11447200,47570504,11.8,4591412,8925384,3772,849608,1463484,9888,12960,268084
2024-01-19T19:59:46,378767460,390013668,1931836,0.49,1248476,11447248,51715832,12.82,4591468,8961532,2576,885636,1463528,9888,13404,268052
2024-01-19T19:59:51,378768256,390014768,1930472,0.49,1248480,11447544,48696156,12.08,4591496,8957144,3684,880984,1463796,9872,13296,268052
2024-01-19T19:59:56,378770288,390018584,1926612,0.49,1248484,11449312,48384112,12.0,4591568,8938428,844,860636,1463852,9856,12816,268068
2024-01-19T20:00:01,378746272,389994864,1950288,0.49,1248488,11449512,51612260,12.8,4591648,8962964,2828,885356,1463988,10096,13240,268600
2024-01-19T20:00:06,378742608,389992136,1952964,0.49,1248492,11450452,51305916,12.72,4591724,8964900,2772,886044,1464032,9872,13432,268584
2024-01-19T20:00:11,378766924,390017672,1927568,0.49,1248496,11451548,47917668,11.88,4591776,8932364,3192,852308,1464012,10016,12816,268704
2024-01-19T20:00:16,378752764,390003552,1941880,0.49,1248496,11451580,51505892,12.77,4591832,8959328,2876,879476,1463828,9888,13692,268632
2024-01-19T20:00:21,378765660,390017708,1927944,0.49,1248500,11452808,51507676,12.77,4591944,8962656,2584,881800,1463636,9840,13120,268536
2024-01-19T20:00:26,378759992,390012636,1932404,0.49,1248504,11453444,51614216,12.8,4591980,8966656,2080,885184,1464204,9904,13220,268616
2024-01-19T20:00:31,378788316,390042224,1903012,0.48,1248508,11454696,47501256,11.78,4592020,8931620,976,848924,1464016,9888,12944,268632
2024-01-19T20:00:36,378797596,390052124,1893332,0.48,1248520,11455348,47913616,11.88,4592076,8934064,2208,850716,1463752,9840,12832,268600
2024-01-19T20:00:41,378806836,390062364,1883160,0.48,1248524,11456336,41977020,10.41,4592156,8910832,1516,826712,1463692,9872,12176,268600
2024-01-19T20:00:46,378750924,390006632,1939192,0.49,1248532,11456516,51506968,12.77,4592264,8964840,3740,880484,1463384,9888,13412,268728
2024-01-19T20:00:51,378749168,390005144,1940660,0.49,1248540,11456756,51197424,12.7,4592292,8960868,408,876320,1463424,9888,13292,268712
2024-01-19T20:00:56,378763216,390020784,1924856,0.49,1248548,11458340,48798696,12.1,4592400,8953612,2584,867556,1463588,9808,12724,268680
2024-01-19T20:01:01,378750992,390009008,1936716,0.49,1248548,11458748,51612800,12.8,4592456,8971976,2056,885536,1463544,9824,13324,268664
2024-01-19T20:01:06,378737824,389996416,1949100,0.49,1248556,11459224,51815232,12.85,4592488,8969752,3612,882940,1463844,9872,13432,268616
2024-01-19T20:01:11,378776068,390036708,1908864,0.48,1248560,11461248,47601036,11.8,4592552,8933596,1136,844808,1463808,9856,12560,268632
2024-01-19T20:01:16,378727568,389988120,1957176,0.5,1248572,11461200,51403456,12.75,4592676,8968732,3100,880092,1464032,9904,13412,268600
2024-01-19T20:01:21,378731312,389992336,1953056,0.49,1248576,11461672,51608856,12.8,4592716,8971220,2356,882088,1463932,9872,13408,268632
2024-01-19T20:01:26,378741320,390003684,1941976,0.49,1248588,11463024,48487872,12.02,4592748,8951744,1504,861268,1463640,9872,12704,268632
2024-01-19T20:01:31,378750448,390013076,1932696,0.49,1248592,11463184,49858712,12.36,4592852,8940836,1176,850404,1463628,9920,13260,268648
2024-01-19T20:01:36,378725876,389989588,1956344,0.5,1248604,11464240,51614700,12.8,4592936,8977756,3172,886348,1463484,9872,13436,268664
2024-01-19T20:01:41,378739276,390004092,1942016,0.49,1248608,11465340,51615376,12.8,4592972,8977016,1984,883420,1463308,9904,13428,268640
2024-01-19T20:01:46,378758380,390023272,1922808,0.49,1248612,11465388,48594348,12.05,4593024,8958604,1012,865944,1463360,10064,13216,268680
2024-01-19T20:01:51,378749340,390015052,1930632,0.49,1248620,11466272,51304324,12.72,4593128,8972672,896,879360,1463684,9856,13040,268648
2024-01-19T20:01:56,378742112,390008752,1936844,0.49,1248628,11467196,51408096,12.75,4593196,8978872,2772,884260,1463768,10192,13760,268680
2024-01-19T20:02:01,378758628,390026616,1918488,0.49,1248636,11468472,51610580,12.8,4593280,8976996,2848,881612,1464324,9888,13044,268680
2024-01-19T20:02:06,378741508,390010524,1934396,0.49,1248640,11469368,51512608,12.77,4593396,8982200,2424,886048,1464636,9856,13344,268632
2024-01-19T20:02:11,378730788,390000380,1944332,0.49,1248640,11469920,51098224,12.67,4593408,8980656,920,883836,1464868,9904,13384,268680
2024-01-19T20:02:16,378718076,389988400,1956100,0.5,1248644,11470616,51406856,12.75,4593460,8980348,980,883140,1465112,9904,13432,268648
2024-01-19T20:02:21,378729404,390001116,1943892,0.49,1248652,11471940,51405972,12.75,4593568,8979716,3020,881076,1464660,9872,13200,268680
2024-01-19T20:02:26,378720272,389992668,1952472,0.49,1248656,11472612,51616132,12.8,4593656,8986004,2584,886788,1464536,9888,13416,268664
2024-01-19T20:02:31,378736344,390009276,1935772,0.49,1248656,11473112,51613588,12.8,4593676,8982308,3960,882628,1464664,9888,13416,268672
2024-01-19T20:02:36,378736772,390010284,1934748,0.49,1248660,11473708,51513292,12.77,4593716,8985248,908,885012,1464660,9936,13536,268704
2024-01-19T20:02:41,378744904,390020228,1924804,0.49,1248672,11475500,51510640,12.77,4593868,8985252,3220,883412,1464668,9888,13452,268632
2024-01-19T20:02:46,378736608,390012348,1932732,0.49,1248676,11475928,51303324,12.72,4593896,8986196,2444,883984,1464604,9872,13424,268632
2024-01-19T20:02:51,378741060,390017360,1927616,0.49,1248688,11476412,51303780,12.72,4593960,8985260,3704,882644,1464772,9888,13412,268600
2024-01-19T20:02:56,378776648,390053432,1891512,0.48,1248696,11476880,48988900,12.15,4594012,8955392,652,852192,1464812,9904,12900,268632
2024-01-19T20:03:01,378720644,389999068,1945616,0.49,1248704,11478448,51509468,12.77,4594136,8988772,3164,884156,1465136,9888,13452,268664
2024-01-19T20:03:06,378733480,390011908,1932648,0.49,1248712,11478444,48693304,12.08,4594168,8968144,1992,862644,1465264,9936,13276,268616
2024-01-19T20:03:11,378729240,390008948,1936104,0.49,1248712,11479680,51507992,12.77,4594208,8989344,1936,883596,1464812,9904,13420,268616
2024-01-19T20:03:16,378707516,389988224,1956588,0.5,1248716,11480684,51405908,12.75,4594256,8991732,996,885072,1465044,9904,13216,268648
2024-01-19T20:03:21,378686804,389968496,1976340,0.5,1248720,11481548,51512828,12.77,4594340,8995484,2984,887872,1465136,9888,13404,268680
2024-01-19T20:03:26,378738972,390021660,1923104,0.49,1248728,11482500,47707820,11.83,4594408,8958232,548,849968,1465244,9920,12924,268648
2024-01-19T20:03:31,378718240,390001104,1943272,0.49,1248732,11482656,51302676,12.72,4594484,8991088,1760,882572,1465648,10048,13528,268696
2024-01-19T20:03:36,378708592,389992336,1952672,0.49,1248732,11483524,51507180,12.77,4594564,8991092,1416,881532,1465028,9904,13376,268664
2024-01-19T20:03:41,378706808,389991056,1954068,0.49,1248732,11484020,51406860,12.75,4594560,8992060,1656,882648,1464920,9856,13208,268648
2024-01-19T20:03:46,378711112,389996808,1947996,0.49,1248740,11485460,51407748,12.75,4594672,8995068,1544,883636,1465240,9952,13548,268648
2024-01-19T20:03:51,378704172,389990324,1954228,0.49,1248744,11485892,51403668,12.75,4594740,8994620,2396,883124,1465512,9888,13312,268568
2024-01-19T20:03:56,378706116,389993108,1951388,0.49,1248748,11486632,51304420,12.72,4594804,8996540,2248,884560,1465664,9984,13528,268584
2024-01-19T20:04:01,378700772,389988248,1956312,0.5,1248748,11487120,51611724,12.8,4594848,8996256,720,883724,1465596,9904,13312,268568
2024-01-19T20:04:06,378736336,390025688,1918688,0.49,1248756,11489000,47911784,11.88,4594920,8963548,2048,849312,1465768,9920,12860,268504
2024-01-19T20:04:11,378711820,390001596,1942816,0.49,1248760,11489400,51305676,12.72,4595036,8998028,1976,883416,1465752,9904,13452,268616
2024-01-19T20:04:16,378737824,390028196,1916308,0.49,1248772,11489928,51717188,12.83,4595084,9002060,1656,886880,1465716,9888,13396,268680
2024-01-19T20:04:21,378740228,390030976,1913500,0.48,1248780,11490316,51408084,12.75,4595108,8998932,528,883568,1465724,9920,13400,268664
2024-01-19T20:04:26,378729872,390022524,1922244,0.49,1248792,11492164,51610756,12.8,4595272,8997840,3028,880528,1465476,9936,13412,268616
2024-01-19T20:04:31,378728448,390021352,1923504,0.49,1248796,11492420,51508168,12.77,4595284,9000672,2128,883192,1465380,9904,13384,268600
2024-01-19T20:04:36,378722848,390016244,1928876,0.49,1248804,11492884,51511912,12.77,4595320,9002204,1496,884312,1465136,9904,13376,268568
2024-01-19T20:04:41,378730872,390026248,1919280,0.49,1248808,11494804,48488184,12.02,4595416,8985992,1160,866276,1464784,9936,12924,268584
2024-01-19T20:04:46,378728908,390024584,1920484,0.49,1248816,11494984,51405184,12.75,4595504,9001712,3184,881908,1465356,9920,13372,268600
2024-01-19T20:04:51,378721920,390018292,1926720,0.49,1248824,11495688,51613132,12.8,4595564,9005412,2624,884528,1465396,9920,13432,268616
2024-01-19T20:04:56,378729668,390027252,1917596,0.49,1248832,11496772,51507636,12.77,4595604,9005884,2164,884272,1465680,9904,13404,268600
2024-01-19T20:05:01,378724140,390022556,1922296,0.49,1248832,11497608,51507964,12.77,4595716,9002992,1628,880656,1465672,9920,12864,268696
2024-01-19T20:05:06,378719892,390018824,1925784,0.49,1248836,11497944,51506300,12.77,4595760,9005640,1452,883044,1466092,9920,13364,268696
2024-01-19T20:05:11,378746404,390046024,1898568,0.48,1248844,11498608,48490024,12.02,4595784,8986212,812,862808,1466124,9872,12896,268632
2024-01-19T20:05:16,378730028,390030812,1914296,0.48,1248852,11499696,51406924,12.75,4595924,9008872,2508,885184,1465676,10320,13416,268632
2024-01-19T20:05:21,378732340,390033864,1910724,0.48,1248864,11500384,51510776,12.77,4595992,9011508,2084,886684,1466236,9936,13524,268648
2024-01-19T20:05:26,378721020,390022972,1921796,0.49,1248868,11500772,51510728,12.77,4596016,9011100,2040,885592,1466092,10352,13460,268704
2024-01-19T20:05:31,378744244,390047764,1897232,0.48,1248880,11502364,51304388,12.72,4596132,9010796,1472,884200,1465828,9920,13424,268648
2024-01-19T20:05:36,378746004,390050028,1895120,0.48,1248884,11502840,51609924,12.8,4596196,9009804,2320,882560,1465700,9872,12820,268552
2024-01-19T20:05:41,378740388,390044936,1899984,0.48,1248892,11503348,51096440,12.67,4596264,9011508,0,883916,1465936,9936,13428,268632
2024-01-19T20:05:46,378742876,390047724,1897200,0.48,1248896,11503620,51202872,12.7,4596292,9010324,572,882576,1465956,9904,13264,268616
2024-01-19T20:05:51,378735104,390042388,1902572,0.48,1248908,11505992,51514016,12.77,4596420,9019500,2760,889444,1465972,9920,13476,268632
2024-01-19T20:05:56,378741460,390048816,1895684,0.48,1248908,11506056,51611996,12.8,4596512,9012472,2596,882588,1466440,9920,13400,268632
2024-01-19T20:06:01,378761400,390069032,1875412,0.47,1248912,11506316,51613976,12.8,4596508,9017968,3880,887616,1466508,9920,13428,268680
2024-01-19T20:06:06,378766332,390074944,1869108,0.47,1248916,11507276,51409180,12.75,4596604,9018436,1304,887300,1466916,9904,13436,268648
2024-01-19T20:06:11,378765392,390075276,1869632,0.47,1248924,11508500,51408620,12.75,4596724,9016264,3248,883612,1466100,9920,13452,268616
2024-01-19T20:06:16,378774104,390084552,1860472,0.47,1248924,11508972,51438836,12.76,4596764,9015980,2612,883184,1466076,9936,13508,268568
2024-01-19T20:06:21,378762632,390073996,1870376,0.47,1248928,11509876,51607188,12.8,4596800,9013396,2140,879768,1466736,9904,13336,268600
2024-01-19T20:06:26,378760976,390072852,1871768,0.47,1248928,11510380,51613076,12.8,4596876,9021640,1448,887584,1466496,9904,13428,268664
2024-01-19T20:06:31,378782612,390095680,1848780,0.47,1248928,11511592,48590684,12.05,4596964,8995948,3360,860372,1466636,9888,12696,268680
2024-01-19T20:06:36,378761028,390074352,1869976,0.47,1248928,11511832,51407660,12.75,4596992,9020620,2644,885236,1466784,9888,13372,268680
2024-01-19T20:06:41,378782780,390097148,1846828,0.47,1248932,11512764,51711720,12.82,4597044,9017316,3468,881156,1467244,9904,13224,268680
2024-01-19T20:06:46,378769200,390084548,1859588,0.47,1248936,11513704,51508984,12.77,4597132,9018248,896,881152,1467120,9888,13400,268664
2024-01-19T20:06:51,378786488,390103056,1840912,0.47,1248944,11514832,47705532,11.83,4597164,8986276,2792,847616,1467372,9904,12980,268648
2024-01-19T20:06:56,378743792,390060648,1883464,0.48,1248948,11515080,51716644,12.83,4597268,9024844,928,886428,1467264,9920,13504,268680
2024-01-19T20:07:01,378722452,390040272,1903820,0.48,1248956,11515896,51508308,12.77,4597324,9022404,1804,883796,1467424,10224,13576,268664
2024-01-19T20:07:06,378723612,390042268,1902336,0.48,1248956,11516784,51305836,12.72,4597404,9023036,1388,883252,1466860,9936,13504,268672
2024-01-19T20:07:11,378709212,390028464,1916572,0.49,1248964,11517348,51511204,12.77,4597444,9026208,1644,885868,1466452,10224,13356,268768
2024-01-19T20:07:16,378705708,390026464,1918508,0.49,1248976,11518808,51405576,12.75,4597500,9023248,860,881280,1466548,9888,13348,268696
2024-01-19T20:07:21,378708540,390029848,1915472,0.49,1248976,11519336,48692288,12.08,4597600,9004732,1924,862280,1466224,9840,12808,268648
2024-01-19T20:07:26,378668292,389989832,1955328,0.5,1248984,11520024,51615984,12.8,4597704,9030288,992,887556,1465920,9936,13492,268696
2024-01-19T20:07:31,378689068,390011584,1933776,0.49,1248988,11520992,51712924,12.82,4597756,9026456,588,882628,1465724,9888,13048,268712
2024-01-19T20:07:36,378694248,390017684,1927688,0.49,1249000,11521836,51402576,12.75,4597808,9022268,2160,877544,1465776,9904,12796,268760
2024-01-19T20:07:41,378693376,390017616,1927496,0.49,1249000,11522640,48694372,12.08,4597904,9024904,648,879600,1466036,9904,12852,268712
2024-01-19T20:07:46,378706780,390031684,1913196,0.48,1249000,11523476,51610000,12.8,4597984,9027780,2764,881288,1466096,9952,13480,268696
2024-01-19T20:07:51,378703868,390029272,1915704,0.49,1249004,11523940,51202548,12.7,4598012,9029480,404,883040,1466032,9936,13420,268712
2024-01-19T20:07:56,378701580,390028748,1915912,0.49,1249012,11525740,51515136,12.78,4598072,9038104,3104,889820,1466304,9904,13492,268664
2024-01-19T20:08:01,378691260,390018704,1926276,0.49,1249016,11525956,51615836,12.8,4598196,9033112,2124,884668,1466040,9936,13516,268640
2024-01-19T20:08:06,378695380,390023700,1921188,0.49,1249028,11526828,51512200,12.77,4598216,9036344,3856,886680,1466124,9888,13400,268600
2024-01-19T20:08:11,378691520,390020164,1924876,0.49,1249036,11527156,51613156,12.8,4598288,9034168,524,884696,1465960,9920,13460,268536
2024-01-19T20:08:16,378681764,390011536,1933140,0.49,1249044,11528240,51303752,12.72,4598388,9037316,2408,886356,1466360,9888,13000,268552
2024-01-19T20:08:21,378684084,390014780,1930224,0.49,1249044,11529140,51407224,12.75,4598484,9035272,2252,884512,1466056,9936,13504,268552
2024-01-19T20:08:26,378691736,390023052,1922708,0.49,1249052,11529748,51613868,12.8,4598508,9036336,3792,884484,1465304,9936,13464,268584
2024-01-19T20:08:31,378702792,390035072,1910568,0.48,1249052,11530704,48389560,12.0,4598548,9033800,2828,881000,1465432,9920,13220,268600
2024-01-19T20:08:36,378718040,390050524,1895332,0.48,1249060,11530912,51711336,12.82,4598616,9033632,3248,880632,1465204,9904,13088,268680
2024-01-19T20:08:41,378725660,390059736,1886128,0.48,1249060,11532496,51607936,12.8,4598700,9034620,2252,879784,1465204,9936,12904,268680
2024-01-19T20:08:46,378728188,390062388,1883024,0.48,1249068,11532636,51304496,12.72,4598748,9038048,3612,883024,1465632,9904,13004,268696
2024-01-19T20:08:51,378741928,390077132,1868364,0.47,1249068,11534104,47907660,11.88,4598820,9008520,2228,853196,1465084,9872,12856,268616
2024-01-19T20:08:56,378706692,390042628,1903396,0.48,1249072,11534276,51683584,12.82,4598892,9042768,3384,886572,1465112,10016,13412,268680
2024-01-19T20:09:01,378700556,390037232,1908984,0.48,1249084,11534980,51405936,12.75,4598964,9038244,2812,881512,1464944,9888,13464,268664
2024-01-19T20:09:06,378739388,390076588,1869480,0.47,1249092,11535496,51404900,12.75,4598988,9037608,2784,880392,1465092,9840,13332,268632
2024-01-19T20:09:11,378708464,390046844,1898936,0.48,1249104,11536640,51507996,12.77,4599100,9040188,3332,881992,1465404,9872,13356,268616
2024-01-19T20:09:16,378707084,390046424,1899336,0.48,1249112,11537608,51409632,12.75,4599132,9046132,3196,886984,1465408,9888,13464,268680
2024-01-19T20:09:21,378705956,390046192,1899800,0.48,1249112,11538484,51305168,12.72,4599232,9045136,3648,885124,1465196,9856,13448,268552
2024-01-19T20:09:26,378692068,390032724,1913104,0.48,1249116,11538900,51507780,12.77,4599292,9044268,2320,883984,1465360,9888,13740,268584
2024-01-19T20:09:31,378697408,390039060,1906920,0.48,1249124,11539884,51305252,12.72,4599388,9044876,3384,883716,1465212,9840,13424,268600
2024-01-19T20:09:36,378700876,390043440,1902456,0.48,1249128,11540788,51621068,12.8,4599436,9054360,3308,892376,1465300,9904,13660,268624
2024-01-19T20:09:41,378683636,390027204,1918560,0.49,1249140,11541764,51511456,12.77,4599520,9048896,3948,885956,1465448,9856,13452,268600
2024-01-19T20:09:46,378690396,390035420,1910856,0.48,1249144,11543220,51301424,12.72,4599628,9046016,2280,881700,1464932,9856,13076,268568
2024-01-19T20:09:51,378676124,390020808,1925524,0.49,1249148,11542840,51510100,12.77,4599636,9047960,3540,884032,1464912,9888,13424,268584
2024-01-19T20:09:56,378674060,390019532,1927000,0.49,1249152,11543620,51711752,12.82,4599696,9045424,612,880840,1464716,9904,13016,268616
2024-01-19T20:10:01,378723080,390070256,1875952,0.48,1249156,11545300,47708136,11.83,4599792,9015572,2980,849360,1465060,9888,12964,268600
2024-01-19T20:10:06,378675652,390023004,1923432,0.49,1249164,11545472,51508988,12.77,4599876,9049928,2380,883536,1464828,9824,13364,268616
2024-01-19T20:10:11,378666568,390014364,1931936,0.49,1249176,11545880,51508900,12.77,4599888,9051492,1380,884796,1464988,9872,13436,268648
2024-01-19T20:10:16,378694468,390044596,1901800,0.48,1249180,11548188,47503836,11.78,4599972,9020220,1868,851280,1464912,9904,13032,268616
2024-01-19T20:10:21,378685592,390035312,1910756,0.48,1249192,11547752,48692080,12.07,4600072,9028840,2736,860276,1465256,9856,12988,268616
2024-01-19T20:10:26,378697344,390048304,1897776,0.48,1249196,11548988,47705764,11.83,4600108,9019304,2096,849588,1465244,9872,12816,268616
2024-01-19T20:10:31,378664032,390014952,1930796,0.49,1249208,11548864,51408628,12.75,4600148,9054016,1308,884484,1465648,10128,13608,268648
2024-01-19T20:10:36,378685316,390038196,1907644,0.48,1249216,11550968,47810644,11.86,4600272,9018668,1140,847692,1465404,9856,12312,268600
2024-01-19T20:10:41,378651900,390004764,1940392,0.49,1249220,11550960,51307084,12.72,4600352,9055880,2464,884948,1466076,10080,13224,268648
2024-01-19T20:10:46,378654704,390008508,1937072,0.49,1249220,11552064,51612088,12.8,4600432,9055220,2304,882916,1465488,9920,13140,268632
2024-01-19T20:10:51,378666808,390020884,1924264,0.49,1249220,11552288,48796332,12.1,4600460,9038640,2360,866040,1465968,9856,12968,268600
2024-01-19T20:10:56,378637200,389992616,1952640,0.49,1249224,11553620,48589332,12.05,4600540,9050792,1892,876756,1465864,9856,13212,268664
2024-01-19T20:11:01,378641152,389997440,1947996,0.49,1249228,11554488,51612768,12.8,4600604,9059280,1548,884668,1465684,9904,13412,268680
2024-01-19T20:11:06,378667496,390025892,1919524,0.49,1249232,11556556,48592872,12.05,4600620,9043616,1660,866852,1465740,9904,12948,268712
2024-01-19T20:11:11,378678080,390036880,1908696,0.48,1249244,11556952,51709976,12.82,4600740,9058688,1716,881728,1465576,9920,13468,268728
2024-01-19T20:11:16,378662212,390022444,1923340,0.49,1249256,11558364,51508200,12.77,4600832,9059256,3380,880512,1465376,9904,13016,268728
2024-01-19T20:11:21,378688012,390050000,1895876,0.48,1249264,11560112,45975764,11.4,4600896,9029296,2912,849256,1465284,9888,13016,268712
2024-01-19T20:11:26,378661260,390023120,1922384,0.49,1249268,11559932,51511208,12.77,4600988,9064484,3432,884856,1465704,9888,13384,268712
2024-01-19T20:11:31,378656744,390019328,1926088,0.49,1249272,11560660,48691868,12.07,4601056,9059628,2284,879276,1465784,9920,13072,268680
2024-01-19T20:11:36,378640592,390004084,1941420,0.49,1249276,11561528,51714536,12.82,4601112,9064296,3688,882876,1465732,9936,13484,268664
2024-01-19T20:11:41,378632356,389997532,1947984,0.49,1249280,11563216,51509720,12.77,4601176,9070468,3452,887548,1465712,9904,13468,268632
2024-01-19T20:11:46,378620584,389985608,1959672,0.5,1249288,11563036,51609780,12.8,4601244,9065764,3708,883180,1465968,9904,13436,268664
2024-01-19T20:11:51,378647552,390014044,1931236,0.49,1249292,11564508,47710800,11.83,4601256,9040144,824,855948,1465960,9904,12940,268664
2024-01-19T20:11:56,378622080,389989404,1956008,0.5,1249304,11565288,48693908,12.08,4601388,9066168,2920,881392,1465868,9888,13076,268584
2024-01-19T20:12:01,378637356,390005340,1940248,0.49,1249308,11565892,51545368,12.78,4601496,9068940,2524,883764,1465744,9824,13068,268624
2024-01-19T20:12:06,378651332,390019224,1926728,0.49,1249312,11565984,51304692,12.72,4601500,9067060,1408,881748,1465192,9872,13380,268584
2024-01-19T20:12:11,378680772,390048928,1897108,0.48,1249320,11566244,48591852,12.05,4601520,9050000,264,864400,1465104,9936,12972,268600
2024-01-19T20:12:16,378651572,390021120,1924088,0.49,1249328,11567564,51817780,12.85,4601620,9070848,2256,883856,1465996,10144,12960,268632
2024-01-19T20:12:21,378657080,390027840,1917992,0.49,1249328,11568776,51613620,12.8,4601748,9072256,2312,884492,1465372,9952,13592,268600
2024-01-19T20:12:26,378665512,390037328,1908380,0.48,1249328,11569832,51816356,12.85,4601464,9073216,2800,883932,1465496,10096,13228,268680
2024-01-19T20:12:31,378672368,390044304,1901300,0.48,1249328,11569976,51404060,12.75,4601536,9070488,2468,881188,1465576,9952,13524,268632
2024-01-19T20:12:36,378670164,390042964,1902428,0.48,1249328,11570824,51611268,12.8,4601600,9072496,2292,882384,1465804,9904,13420,268600
2024-01-19T20:12:41,378649768,390023288,1922336,0.49,1249328,11571556,51816796,12.85,4601668,9075240,3620,884072,1465560,9920,13468,268584
2024-01-19T20:12:46,378648116,390021928,1923804,0.49,1249336,11571812,50994676,12.65,4601688,9075348,268,884236,1465480,9984,13532,268616
2024-01-19T20:12:51,378628580,390003416,1942372,0.49,1249348,11572788,51506692,12.77,4601768,9071820,2156,879432,1465460,9824,13644,268632
2024-01-19T20:12:56,378626516,390002368,1943700,0.49,1249352,11573784,51404696,12.75,4601860,9074344,2020,881516,1465196,9904,13464,268552
2024-01-19T20:13:01,378635244,390012260,1933732,0.49,1249364,11574916,51511412,12.77,4601924,9078776,4012,885108,1465292,9984,13532,268616
2024-01-19T20:13:06,378628656,390005956,1939928,0.49,1249372,11575192,51710980,12.82,4601980,9075584,2580,881344,1465400,9904,13516,268648
2024-01-19T20:13:11,378617604,389996412,1949756,0.49,1249372,11576720,51609704,12.8,4602068,9077684,3340,882256,1465096,9920,12984,268648
2024-01-19T20:13:16,378609160,389988308,1957956,0.5,1249372,11577036,51203724,12.7,4602096,9082104,3324,886204,1465024,9888,13344,268664
2024-01-19T20:13:21,378605064,389984936,1960940,0.5,1249380,11577672,51511076,12.77,4602200,9082124,3592,885668,1465492,9984,13504,268760
2024-01-19T20:13:26,378627172,390008744,1937116,0.49,1249380,11579364,47611068,11.81,4602248,9052480,3692,854412,1465516,9920,12948,268728
2024-01-19T20:13:31,378616736,389998116,1947092,0.49,1249388,11579228,51711068,12.82,4602352,9078540,3348,880744,1466104,9952,13428,268712
2024-01-19T20:13:36,378613076,389995524,1950016,0.49,1249396,11580268,51716260,12.82,4602388,9084352,3012,885556,1465792,9904,13460,268728
2024-01-19T20:13:41,378620300,390003148,1942348,0.49,1249408,11580624,51304928,12.72,4602456,9081272,3700,882204,1465868,9888,13348,268728
2024-01-19T20:13:46,378620944,390004296,1941276,0.49,1249416,11581096,51715236,12.82,4602500,9085460,2700,885828,1465816,9920,13436,268744
2024-01-19T20:13:51,378627496,390011540,1934500,0.49,1249428,11581740,51406000,12.75,4602576,9082120,1792,881464,1465384,9936,13332,268680
2024-01-19T20:13:56,378623240,390008460,1937732,0.49,1249432,11582916,48697908,12.08,4602636,9080556,1952,879376,1465228,9952,13280,268664
2024-01-19T20:14:01,378596320,389982432,1963676,0.5,1249440,11583772,51204496,12.7,4602740,9085388,3312,884584,1465340,10384,13372,268712
2024-01-19T20:14:06,378632196,390019356,1926548,0.49,1249448,11584788,49863128,12.37,4602772,9059104,1100,855588,1465568,9952,12916,268712
2024-01-19T20:14:11,378594712,389982596,1962796,0.5,1249452,11585496,51407924,12.75,4602884,9088532,2508,885084,1466092,10192,13784,268680
2024-01-19T20:14:16,378582564,389971444,1974592,0.5,1249460,11586456,51614788,12.8,4602972,9087836,2240,883360,1465476,9968,13504,268704
2024-01-19T20:14:21,378584972,389974584,1971388,0.5,1249468,11587160,51508344,12.77,4603036,9087648,2552,882512,1465560,9920,13372,268664
2024-01-19T20:14:26,378585072,389975788,1969844,0.5,1249472,11588244,51306180,12.72,4603076,9089796,776,883628,1465916,9952,13420,268760
2024-01-19T20:14:31,378592860,389984544,1961092,0.5,1249476,11589212,51507356,12.77,4603156,9089300,1136,882288,1465908,9936,12800,268760
2024-01-19T20:14:36,378610644,390002868,1942928,0.49,1249488,11589744,51409160,12.75,4603248,9091076,2892,883604,1465744,9952,13200,268696
2024-01-19T20:14:41,378608652,390002152,1944004,0.49,1249496,11590956,51509852,12.77,4603324,9095812,2888,887036,1465440,9968,13480,268712
2024-01-19T20:14:46,378639288,390033728,1912200,0.48,1249504,11591880,45674952,11.33,4603408,9069660,3212,860032,1465676,9952,12272,268728
2024-01-19T20:14:51,378620032,390015120,1930408,0.49,1249508,11592532,51406036,12.75,4603456,9091608,2848,881528,1466068,9952,13052,268680
2024-01-19T20:14:56,378587236,389983060,1962268,0.5,1249512,11593252,51407152,12.75,4603568,9093360,3628,882592,1466280,9936,13404,268728
2024-01-19T20:15:01,378619464,390016200,1929160,0.49,1249512,11594156,48589436,12.05,4603624,9072268,2028,860660,1466256,9920,12944,268680
2024-01-19T20:15:06,378591100,389988624,1956720,0.5,1249516,11595088,51720000,12.83,4603716,9099844,3544,887480,1466124,9936,13480,268752
2024-01-19T20:15:11,378570184,389968468,1977260,0.5,1249520,11595828,51506816,12.77,4603744,9095092,2508,881884,1465756,9952,13088,268744
2024-01-19T20:15:16,378615268,390014248,1930704,0.49,1249528,11596620,44894224,11.13,4603752,9062668,1444,848680,1466428,9936,12636,268728
2024-01-19T20:15:21,378613092,390013448,1932372,0.49,1249532,11597920,45880848,11.38,4603904,9060048,1676,844864,1465632,9872,12096,268664
2024-01-19T20:15:26,378582512,389983036,1962848,0.5,1249532,11598092,51613624,12.8,4603972,9100336,3460,885064,1465564,9952,13436,268680
2024-01-19T20:15:31,378585240,389986020,1959900,0.5,1249536,11598340,51712780,12.82,4603968,9099860,332,884312,1465532,9952,13452,268696
2024-01-19T20:15:36,378569336,389971868,1973992,0.5,1249544,11600096,51301856,12.72,4604112,9096096,2812,879028,1465580,9936,13076,268744
2024-01-19T20:15:41,378575020,389978036,1967168,0.5,1249548,11600560,51509048,12.77,4604176,9100348,2116,883436,1466252,9936,13416,268712
2024-01-19T20:15:46,378594356,389997780,1947684,0.49,1249556,11600932,51606212,12.8,4604200,9096832,1460,878764,1466020,10128,13404,268776
2024-01-19T20:15:51,378593392,389997156,1948152,0.49,1249572,11601508,51406228,12.75,4604256,9102720,948,884468,1465924,9968,13520,268760
2024-01-19T20:15:56,378597008,390002308,1943172,0.49,1249576,11603024,51613084,12.8,4604356,9107120,3444,887244,1465768,10096,13828,268728
2024-01-19T20:16:01,378607820,390013920,1931068,0.49,1249584,11603764,51510984,12.77,4604476,9105192,2396,884980,1466312,9936,13412,268760
2024-01-19T20:16:06,378603128,390009496,1935584,0.49,1249592,11604012,51608220,12.8,4604472,9103568,684,882948,1466232,9920,13348,268680
2024-01-19T20:16:11,378620488,390028100,1917008,0.49,1249600,11605208,48589672,12.05,4604540,9084368,1360,862564,1466244,9920,12804,268680
2024-01-19T20:16:16,378597052,390005132,1940452,0.49,1249604,11605636,51510256,12.77,4604640,9106448,1832,884360,1465804,9888,13404,268680
2024-01-19T20:16:21,378627264,390036280,1908908,0.48,1249612,11606544,51302432,12.72,4604736,9103516,3628,880544,1466220,9936,13440,268696
2024-01-19T20:16:26,378627924,390037676,1907548,0.48,1249616,11607268,50998624,12.65,4604744,9110192,1336,886332,1466192,9936,13452,268712
2024-01-19T20:16:31,378607308,390017796,1927896,0.49,1249628,11608004,51611264,12.8,4604820,9108448,2176,884032,1465712,9904,13368,268712
2024-01-19T20:16:36,378615464,390026636,1919288,0.49,1249636,11608684,51505984,12.77,4604896,9107456,1844,882492,1465476,9984,13488,268648
2024-01-19T20:16:41,378630568,390042436,1902856,0.48,1249648,11609392,51613864,12.8,4604964,9112280,2032,886548,1466084,9984,13484,268664
2024-01-19T20:16:46,378634220,390046640,1898352,0.48,1249652,11610084,51511016,12.77,4605012,9110852,1612,884128,1466240,9984,13444,268648
2024-01-19T20:16:51,378615496,390028760,1916240,0.49,1249656,11610896,51407160,12.75,4605084,9109056,2016,882068,1466260,9984,13400,268712
2024-01-19T20:16:56,378624788,390039204,1905712,0.48,1249656,11612068,51406320,12.75,4605156,9112776,1484,884704,1466324,10032,13556,268664
2024-01-19T20:17:01,378617068,390032204,1912588,0.48,1249664,11612720,51404812,12.75,4605236,9111560,2752,882712,1466508,9984,13412,268712
2024-01-19T20:17:06,378601304,390017228,1927552,0.49,1249664,11613536,51511884,12.77,4605320,9113720,2520,884360,1466492,10048,13496,268736
2024-01-19T20:17:11,378625020,390041888,1902620,0.48,1249668,11614420,51613068,12.8,4605364,9114392,3404,883760,1466820,10032,13420,268760
2024-01-19T20:17:16,378629700,390046912,1897772,0.48,1249676,11614740,51407336,12.75,4605392,9115424,2700,884924,1466660,10016,13488,268696
2024-01-19T20:17:21,378609948,390028648,1916376,0.49,1249680,11616188,51715364,12.82,4605536,9117268,3364,885372,1466356,9984,13480,268712
2024-01-19T20:17:26,378604424,390023596,1921536,0.49,1249680,11616660,51305760,12.72,4605572,9116360,2556,884064,1466248,9984,13380,268680
2024-01-19T20:17:31,378593380,390013552,1931292,0.49,1249684,11617620,51611712,12.8,4605628,9118696,3296,885332,1466572,10064,13524,268728
2024-01-19T20:17:36,378583328,390004684,1940164,0.49,1249688,11618812,51407676,12.75,4605668,9121000,3340,886600,1466556,10000,13512,268712
2024-01-19T20:17:41,378591340,390013368,1931548,0.49,1249688,11619504,51606240,12.8,4605784,9113356,2600,878280,1466468,10240,13240,268680
2024-01-19T20:17:46,378582836,390005380,1939484,0.49,1249700,11619980,51714504,12.82,4605844,9118932,2324,883524,1466548,9984,13440,268712
2024-01-19T20:17:51,378584540,390007852,1937052,0.49,1249708,11620736,51612068,12.8,4605912,9121220,2396,885076,1466512,9968,13348,268616
2024-01-19T20:17:56,378608200,390032900,1911988,0.48,1249720,11622092,47604224,11.81,4605948,9086944,3316,849536,1466548,9984,12852,268696
2024-01-19T20:18:01,378578168,390003140,1941952,0.49,1249724,11622264,51408408,12.75,4606048,9123928,2656,886472,1466440,10016,13384,268712
2024-01-19T20:18:06,378604464,390030480,1914484,0.48,1249736,11623316,51406728,12.75,4606136,9122564,3480,884152,1466548,9984,13480,268632
2024-01-19T20:18:11,378602728,390029492,1915368,0.49,1249740,11624064,51505244,12.77,4606200,9120584,2588,881340,1466648,10000,13456,268680
2024-01-19T20:18:16,378594556,390022036,1922952,0.49,1249752,11624760,51304624,12.72,4606264,9121376,3676,881708,1466528,9984,13436,268712
2024-01-19T20:18:21,378598400,390026684,1918528,0.49,1249760,11625520,51616264,12.8,4606360,9125388,2540,884988,1466340,10032,13556,268736
2024-01-19T20:18:26,378597060,390026172,1918716,0.49,1249772,11626316,51818592,12.85,4606396,9127840,3680,886496,1466684,10000,13460,268776
2024-01-19T20:18:31,378593028,390022628,1922280,0.49,1249780,11626796,51506336,12.77,4606440,9124532,2796,882756,1466664,10016,13400,268744
2024-01-19T20:18:36,378579028,390010320,1934496,0.49,1249792,11628460,51611660,12.8,4606568,9128984,4012,885764,1466772,10016,13524,268664
2024-01-19T20:18:41,378573068,390004568,1940596,0.49,1249796,11628624,51715996,12.82,4606636,9130644,2576,887320,1466464,9968,13444,268680
2024-01-19T20:18:46,378564540,389997204,1947828,0.49,1249804,11629760,51614252,12.8,4606640,9132032,1872,887100,1466616,9952,13396,268648
2024-01-19T20:18:51,378578664,390012204,1932760,0.49,1249808,11630600,48800232,12.1,4606740,9129456,1628,883760,1466716,9936,12904,268648
2024-01-19T20:18:56,378567368,390001812,1942996,0.49,1249812,11631444,51614172,12.8,4606880,9131272,3492,885352,1466928,9952,13460,268680
2024-01-19T20:19:01,378567644,390002336,1942544,0.49,1249820,11631692,51510412,12.77,4606884,9132860,2560,886808,1466848,9952,13428,268696
2024-01-19T20:19:06,378570936,390006536,1938348,0.49,1249832,11632388,51415024,12.75,4606900,9137380,1884,890432,1467044,9968,13576,268720
2024-01-19T20:19:11,378567472,390004284,1940528,0.49,1249836,11633516,51507188,12.77,4607028,9128208,1892,880292,1467196,9920,13348,268648
2024-01-19T20:19:16,378582276,390020052,1924840,0.49,1249848,11634408,51301356,12.72,4607112,9128324,3200,879524,1467176,10176,13080,268744
2024-01-19T20:19:21,378590464,390028412,1916552,0.49,1249856,11634584,51506964,12.77,4607136,9131488,2552,882816,1467092,9952,13428,268744
2024-01-19T20:19:26,378575952,390015132,1929208,0.49,1249860,11635676,51614240,12.8,4607208,9137040,3920,887148,1467852,9936,13480,268792
2024-01-19T20:19:31,378566480,390006400,1937400,0.49,1249868,11636392,51614472,12.8,4607296,9137968,2828,887372,1468408,9936,13388,268712
2024-01-19T20:19:36,378565544,390007080,1936884,0.49,1249876,11637988,51712644,12.82,4607384,9136344,2640,884316,1468256,9888,13016,268648
2024-01-19T20:19:41,378581464,390022600,1921524,0.49,1249876,11637568,51199908,12.7,4607408,9134308,1364,882528,1468116,9952,13444,268696
2024-01-19T20:19:46,378605640,390048460,1896428,0.48,1249884,11639240,48794036,12.1,4607484,9115192,1648,862012,1467356,9936,12772,268664
2024-01-19T20:19:51,378563276,390007216,1937760,0.49,1249884,11640352,51610404,12.8,4607580,9136236,2572,881920,1467276,9920,12920,268728
2024-01-19T20:19:56,378560924,390004844,1939616,0.49,1249888,11640324,51612504,12.8,4607640,9141380,2696,887252,1467796,9952,13464,268696
2024-01-19T20:20:01,378544620,389988796,1955484,0.5,1249892,11640604,51209068,12.7,4607648,9147388,3664,892960,1467948,9952,13540,268768
2024-01-19T20:20:06,378561208,390007132,1937444,0.49,1249892,11642300,51508496,12.77,4607840,9136996,1940,881080,1467704,9936,13304,268632
2024-01-19T20:20:11,378542948,389989688,1954844,0.5,1249900,11643120,51406164,12.75,4607872,9138808,3044,882100,1467736,9936,13512,268664
2024-01-19T20:20:16,378559624,390007692,1937084,0.49,1249904,11644404,48695592,12.08,4607912,9125484,2476,867480,1467532,9936,12728,268632
2024-01-19T20:20:21,378531408,389980200,1964356,0.5,1249912,11645348,51513904,12.77,4608036,9147184,3804,888420,1467524,9904,13468,268664
2024-01-19T20:20:26,378526392,389975424,1969616,0.5,1249920,11645592,51407968,12.75,4608104,9144852,2596,885952,1467028,10000,13568,268712
2024-01-19T20:20:31,378520448,389970252,1974892,0.5,1249932,11646352,51510708,12.77,4608168,9146316,3296,886792,1466924,9920,13448,268728
2024-01-19T20:20:36,378526660,389977360,1967424,0.5,1249940,11647232,51613168,12.8,4608256,9146048,2464,885644,1467292,9920,13428,268696
2024-01-19T20:20:41,378530104,389981636,1962876,0.5,1249952,11648008,51512588,12.77,4608324,9148340,3632,887632,1467608,9952,13452,268696
2024-01-19T20:20:46,378539800,389992284,1952220,0.49,1249956,11648932,51717500,12.83,4608384,9152100,3112,890116,1467640,9952,13548,268728
2024-01-19T20:20:51,378522784,389979720,1964872,0.5,1250012,11653128,51510824,12.77,4683544,9076700,3208,885568,1467752,9936,12992,268648
2024-01-19T20:20:56,378523280,389981132,1963412,0.5,1250016,11654032,51302952,12.72,4683616,9076460,2992,883920,1467808,9888,12572,268600
2024-01-19T20:21:01,378544904,390003580,1940772,0.49,1250024,11654812,48795760,12.1,4683692,9063440,2620,871832,1468036,9840,12156,268600
2024-01-19T20:21:06,378554980,390013856,1930708,0.49,1250024,11654992,48695400,12.08,4683728,9058432,2156,865564,1467844,9904,12600,268600
2024-01-19T20:21:11,378528260,389988432,1956072,0.5,1250024,11656292,51408600,12.75,4683740,9079476,3476,885768,1467900,10224,12420,268584
2024-01-19T20:21:16,378527912,389988788,1956148,0.5,1250028,11656984,51614608,12.8,4683892,9081660,2300,887032,1467476,9888,12952,268584
2024-01-19T20:21:21,378537192,389998776,1946276,0.49,1250028,11657688,51405848,12.75,4683944,9078272,2332,882956,1467364,9840,12792,268536
2024-01-19T20:21:26,378526232,389988492,1956312,0.5,1250032,11658324,51718256,12.83,4683992,9082372,3356,886444,1467648,9936,13076,268624
2024-01-19T20:21:31,378514888,389978284,1967076,0.5,1250040,11659448,51299264,12.72,4684072,9074784,1148,877664,1467096,9904,12904,268552
2024-01-19T20:21:36,378507436,389971340,1973968,0.5,1250048,11659932,51610412,12.8,4684144,9080180,2048,882748,1467164,9920,13056,268552
2024-01-19T20:21:41,378503692,389968488,1977196,0.5,1250060,11660812,51300400,12.72,4684216,9081764,2408,883572,1466788,9888,12940,268552
2024-01-19T20:21:46,378510324,389976124,1969652,0.5,1250060,11661768,51408880,12.75,4684296,9083368,1224,883904,1466744,9872,12888,268632
2024-01-19T20:21:51,378500744,389967272,1978100,0.5,1250068,11662456,51506776,12.77,4684364,9080280,1428,880508,1467180,9872,13208,268616
2024-01-19T20:21:56,378488176,389955900,1989380,0.5,1250076,11663652,51507584,12.77,4684460,9082660,2728,881856,1467264,9872,12892,268696
2024-01-19T20:22:01,378483632,389951844,1993524,0.5,1250076,11664136,51409468,12.75,4684488,9087236,600,885968,1467180,9872,12936,268680
2024-01-19T20:22:06,378516728,389986464,1958792,0.5,1250084,11665600,47707652,11.83,4684540,9052820,1620,849988,1467344,9872,12388,268680
2024-01-19T20:22:11,378486836,389957060,1988292,0.5,1250096,11666004,51610208,12.8,4684656,9087704,2056,884808,1467320,9936,13188,268648
2024-01-19T20:22:16,378524200,389995684,1949696,0.49,1250100,11667244,47810840,11.86,4684688,9055412,2788,851176,1467308,9856,12332,268664
2024-01-19T20:22:21,378507680,389979528,1965960,0.5,1250108,11667604,51612244,12.8,4684756,9092424,3040,887460,1467196,9872,12996,268648
2024-01-19T20:22:26,378491636,389964364,1980992,0.5,1250112,11668412,51307232,12.72,4684820,9092440,3576,887160,1467396,9888,12972,268648
2024-01-19T20:22:31,378476440,389949628,1995552,0.51,1250116,11668868,51610480,12.8,4684892,9089972,2468,884244,1467572,9888,13016,268648
2024-01-19T20:22:36,378461856,389935720,2009312,0.51,1250124,11669448,51511220,12.77,4684936,9091364,780,885108,1467808,9888,12916,268712
2024-01-19T20:22:41,378458240,389933060,2012168,0.51,1250136,11670380,51612092,12.8,4685044,9091416,1120,884416,1467624,9904,13028,268712
2024-01-19T20:22:46,378455292,389930828,2014652,0.51,1250144,11671120,51513032,12.77,4685092,9095456,2248,887760,1467340,9872,12932,268680
2024-01-19T20:22:51,378467508,389944260,2001236,0.51,1250156,11672312,51405208,12.75,4685148,9092180,2508,883328,1467336,9920,12552,268664
2024-01-19T20:22:56,378487216,389964280,1981420,0.5,1250164,11672620,48580916,12.05,4685232,9059600,2420,850300,1467128,9904,11852,268664
2024-01-19T20:23:01,378456304,389933880,2011868,0.51,1250168,11673132,51711672,12.82,4685296,9092960,524,883516,1467076,9856,12972,268632
2024-01-19T20:23:06,378472468,389950912,1995380,0.51,1250176,11673980,51608812,12.8,4685356,9092004,968,881612,1466544,9840,12888,268520
2024-01-19T20:23:11,378493084,389971996,1973592,0.5,1250180,11674376,51406940,12.75,4685384,9093280,808,882680,1467316,9904,12816,268616
2024-01-19T20:23:16,378538564,390019880,1925760,0.49,1250180,11676776,44010592,10.91,4685460,9032648,576,819652,1467268,9904,11880,268584
2024-01-19T20:23:21,378470456,389951212,1994188,0.51,1250180,11676152,51511508,12.77,4685536,9097760,1752,885400,1467572,9904,13000,268696
2024-01-19T20:23:26,378486072,389967552,1977568,0.5,1250188,11676892,51506884,12.77,4685600,9095436,1916,882340,1467828,9872,12924,268680
2024-01-19T20:23:31,378476368,389959292,1985548,0.5,1250196,11678260,50998684,12.65,4685644,9103508,736,889048,1468176,9856,12940,268712
2024-01-19T20:23:36,378473464,389957020,1987964,0.5,1250204,11678888,51616476,12.8,4685788,9101796,1664,887028,1468028,9872,12948,268664
2024-01-19T20:23:41,378490908,389974896,1970084,0.5,1250204,11679284,51302044,12.72,4685796,9098332,2384,883072,1468068,9856,12948,268664
2024-01-19T20:23:46,378486436,389970960,1974068,0.5,1250216,11679812,51509340,12.77,4685836,9101200,812,885504,1468016,9856,12968,268680
2024-01-19T20:23:51,378557968,390044696,1900188,0.48,1250224,11681864,47606312,11.81,4685908,9069060,2256,850816,1468304,9856,12352,268680
2024-01-19T20:23:56,378553336,390039796,1905560,0.48,1250232,11681584,51712880,12.82,4686024,9100044,1956,882756,1467836,9888,12844,268648
2024-01-19T20:24:01,378539800,390027096,1917968,0.49,1250232,11682376,51407100,12.75,4686080,9103156,2992,885072,1468172,9872,12956,268648
2024-01-19T20:24:06,378536752,390024940,1920328,0.49,1250244,11683264,51508484,12.77,4686128,9104140,1140,885360,1467960,9872,12992,268648
2024-01-19T20:24:11,378525532,390013872,1931620,0.49,1250252,11683400,51507704,12.77,4686156,9103680,1556,883636,1467744,9840,12920,268584
2024-01-19T20:24:16,378531088,390020152,1925020,0.49,1250264,11684124,51405636,12.75,4686224,9105780,876,886124,1468052,9888,12964,268504
2024-01-19T20:24:21,378512176,390002300,1942828,0.49,1250264,11685060,51609160,12.8,4686308,9104264,1988,883652,1468220,9872,12844,268552
2024-01-19T20:24:26,378513648,390004796,1940672,0.49,1250268,11686092,51205952,12.7,4686376,9104764,916,883288,1467868,9872,12904,268520
2024-01-19T20:24:31,378524668,390017076,1928248,0.49,1250276,11687392,51301128,12.72,4686396,9103588,1664,880748,1467964,10016,12456,268648
2024-01-19T20:24:36,378524120,390016900,1928176,0.49,1250280,11687772,51302572,12.72,4686492,9103820,800,880892,1468200,9856,12564,268616
2024-01-19T20:24:41,378519088,390012888,1932572,0.49,1250284,11688520,51610500,12.8,4686564,9109028,1940,885236,1468084,10032,12828,268584
2024-01-19T20:24:46,378533196,390027780,1917240,0.49,1250296,11689296,48590492,12.05,4686620,9087084,768,862496,1468520,9872,12548,268536
2024-01-19T20:24:51,378509000,390004948,1940036,0.49,1250300,11690624,48489436,12.02,4686708,9109068,2200,883288,1468588,9856,12788,268440
2024-01-19T20:24:56,378512436,390009204,1935576,0.49,1250308,11691436,51512076,12.77,4686808,9113580,2652,887160,1468792,9904,12932,268552
2024-01-19T20:25:01,378521700,390018976,1926184,0.49,1250316,11691940,51303636,12.72,4686840,9110640,652,883536,1468408,9888,12932,268600
2024-01-19T20:25:06,378521144,390019304,1925580,0.49,1250324,11692804,51407424,12.75,4686920,9111304,1940,883520,1468696,9904,12944,268568
2024-01-19T20:25:11,378551676,390051244,1893496,0.48,1250332,11694232,47706952,11.83,4687016,9078196,2180,849168,1468812,9920,12796,268536
2024-01-19T20:25:16,378537352,390037464,1907616,0.48,1250336,11694668,51611284,12.8,4687096,9114568,3052,885020,1468576,9936,13008,268584
2024-01-19T20:25:21,378532676,390033912,1911396,0.48,1250336,11695804,51405032,12.75,4687124,9113296,940,882112,1468336,9888,12616,268584
2024-01-19T20:25:26,378510700,390012352,1932880,0.49,1250344,11696352,51613976,12.8,4687256,9115552,2280,884664,1468272,9920,13044,268616
2024-01-19T20:25:31,378509908,390012540,1932836,0.49,1250348,11697312,51474348,12.76,4687316,9113252,808,881356,1468144,9920,12420,268616
2024-01-19T20:25:36,378498920,390001884,1943428,0.49,1250348,11697616,51611548,12.8,4687340,9117256,1840,885040,1468236,9952,12948,268632
2024-01-19T20:25:41,378500096,390004412,1940864,0.49,1250348,11698960,51406412,12.75,4687380,9120012,980,886580,1468280,9984,13048,268632
2024-01-19T20:25:46,378505316,390011356,1933640,0.49,1250352,11700680,47711528,11.83,4687496,9089116,2600,853552,1468560,9920,12420,268648
2024-01-19T20:25:51,378509588,390015460,1929388,0.49,1250352,11700480,48693452,12.08,4687544,9099684,2172,864804,1468740,9920,12900,268664
2024-01-19T20:25:56,378480956,389987420,1957384,0.5,1250352,11701256,51512656,12.77,4687576,9125028,1448,889352,1468600,9936,12964,268696
2024-01-19T20:26:01,378509376,390016112,1928604,0.49,1250352,11701488,48591020,12.05,4687640,9097076,916,861044,1468728,9920,12624,268664
2024-01-19T20:26:06,378477080,389985344,1959564,0.5,1250352,11703020,51508216,12.77,4687772,9121236,2832,884096,1468532,9936,12976,268648
2024-01-19T20:26:11,378485192,389994064,1950896,0.49,1250352,11703612,51407032,12.75,4687776,9120480,380,882704,1468496,9904,12404,268648
2024-01-19T20:26:16,378496392,390005608,1939508,0.49,1250352,11703952,51610624,12.8,4687828,9121776,1544,884348,1468344,10064,13068,268712
2024-01-19T20:26:21,378532916,390043052,1902200,0.48,1250364,11704824,48381836,12.0,4687892,9098964,592,860208,1468244,9872,11964,268632
2024-01-19T20:26:26,378499588,390010760,1934520,0.49,1250372,11705952,51716048,12.82,4688020,9126636,2432,886724,1468116,9936,12964,268680
2024-01-19T20:26:31,378520268,390032324,1912864,0.48,1250384,11706832,51407652,12.75,4688028,9125912,944,885228,1468200,9936,12976,268696
2024-01-19T20:26:36,378517600,390029784,1915680,0.49,1250388,11706912,51302612,12.72,4688096,9125164,1280,884420,1467968,9936,12908,268616
2024-01-19T20:26:41,378483428,389997128,1948048,0.49,1250388,11708396,51304400,12.72,4688188,9129008,2016,886912,1468288,9968,13000,268712
2024-01-19T20:26:46,378498480,390012716,1932916,0.49,1250392,11708932,51509616,12.77,4688276,9127612,2696,885016,1467828,9936,12964,268664
2024-01-19T20:26:51,378489736,390004636,1940932,0.49,1250400,11709596,51513664,12.77,4688280,9133004,852,889720,1467884,9952,13012,268744
2024-01-19T20:26:56,378490880,390006288,1939544,0.49,1250404,11710064,51508884,12.77,4688372,9128352,1372,884728,1467656,9952,12976,268664
2024-01-19T20:27:01,378484652,390001140,1944636,0.49,1250412,11711132,51713024,12.82,4688452,9127872,2304,883220,1467716,9952,12340,268712
2024-01-19T20:27:06,378506472,390024432,1921316,0.49,1250412,11712584,47710796,11.83,4688524,9099728,2276,853636,1467764,9952,12396,268696
2024-01-19T20:27:11,378500624,390019264,1926400,0.49,1250416,11713252,47812916,11.86,4688580,9099248,3068,853088,1467856,9952,12436,268712
2024-01-19T20:27:16,378477296,389995728,1949928,0.49,1250428,11713016,51512944,12.77,4688624,9136864,2776,890420,1467880,9968,12908,268728
2024-01-19T20:27:21,378471232,389991332,1954604,0.5,1250432,11714660,51410992,12.75,4688748,9136688,2292,888704,1467620,9952,12956,268680
2024-01-19T20:27:26,378487464,390007860,1938128,0.49,1250436,11714952,51613268,12.8,4688804,9134692,1968,886512,1467568,9952,12968,268728
2024-01-19T20:27:31,378516616,390037760,1907264,0.48,1250440,11716196,48008532,11.91,4688832,9101452,2864,852516,1468032,10000,12452,268728
2024-01-19T20:27:36,378552968,390075620,1870144,0.47,1250452,11717184,47815016,11.86,4688928,9105400,2792,855080,1467800,9936,12448,268712
2024-01-19T20:27:41,378532972,390056404,1888804,0.48,1250456,11717924,51098048,12.67,4689044,9132840,3144,881940,1468392,9904,12828,268664
2024-01-19T20:27:46,378534852,390058792,1886112,0.48,1250468,11718424,51305304,12.72,4689092,9134968,2616,883620,1468692,9952,12940,268696
2024-01-19T20:27:51,378516368,390040484,1904500,0.48,1250472,11718596,48797188,12.1,4689120,9133340,1640,881808,1468612,9984,12848,268728
2024-01-19T20:27:56,378536028,390061636,1883896,0.48,1250480,11720036,49746588,12.34,4689224,9104828,1412,851932,1468108,9920,12380,268680
2024-01-19T20:28:01,378533920,390060332,1884620,0.48,1250488,11720864,51406692,12.75,4689312,9136444,2856,882420,1468656,10160,13024,268696
2024-01-19T20:28:06,378536096,390063008,1881924,0.48,1250492,11721332,51611224,12.8,4689348,9137884,588,883868,1468704,9936,12980,268680
2024-01-19T20:28:11,378526512,390054416,1890536,0.48,1250496,11722324,51506884,12.77,4689416,9135504,1856,880552,1468680,10096,13020,268744
2024-01-19T20:28:16,378524756,390053184,1891640,0.48,1250508,11722840,51510364,12.77,4689456,9140648,1820,885096,1468804,9920,12912,268744
2024-01-19T20:28:21,378520028,390049708,1895016,0.48,1250512,11724008,51713780,12.82,4689588,9139692,2644,883184,1468984,9904,12952,268632
2024-01-19T20:28:26,378531180,390061168,1883164,0.48,1250524,11724256,48796736,12.1,4689612,9122652,2140,865656,1469424,9920,12780,268648
2024-01-19T20:28:31,378509132,390039788,1904676,0.48,1250528,11724932,51611176,12.8,4689668,9141432,2864,884060,1469280,9936,13000,268648
2024-01-19T20:28:36,378542964,390075288,1869228,0.47,1250536,11726500,47913708,11.88,4689728,9112524,2972,853624,1469320,9920,12412,268632
2024-01-19T20:28:41,378560740,390093020,1851368,0.47,1250544,11726404,45775480,11.35,4689812,9101820,2120,843132,1469492,9920,12372,268616
2024-01-19T20:28:46,378516992,390050264,1894084,0.48,1250548,11727588,51404916,12.75,4689916,9145276,3064,885636,1469336,9936,13016,268648
2024-01-19T20:28:51,378525596,390059468,1884964,0.48,1250556,11728184,51509472,12.77,4689936,9147968,2560,887548,1469248,9904,12956,268664
2024-01-19T20:28:56,378517648,390052224,1892392,0.48,1250556,11728900,51715704,12.82,4690004,9148068,3200,886976,1469052,9920,12988,268680
2024-01-19T20:29:01,378516388,390051688,1893636,0.48,1250564,11729600,51508556,12.77,4690092,9144056,2340,881936,1468360,9904,12840,268664
2024-01-19T20:29:06,378500576,390036612,1908980,0.48,1250572,11730372,51713812,12.82,4690144,9147792,3172,885488,1468048,9920,12948,268648
2024-01-19T20:29:11,378491612,390028508,1917336,0.49,1250576,11731180,51407052,12.75,4690184,9149452,3008,886388,1467844,9904,13032,268616
2024-01-19T20:29:16,378491384,390028972,1916624,0.49,1250580,11731852,51412968,12.75,4690240,9149500,3476,885708,1468108,9920,12928,268624
2024-01-19T20:29:21,378495940,390034472,1911272,0.48,1250592,11732780,51616644,12.8,4690368,9152440,2572,887872,1467964,9968,13064,268624
2024-01-19T20:29:26,378487952,390027012,1918940,0.49,1250600,11733268,51510712,12.77,4690392,9149104,3212,883996,1467788,9936,12904,268648
2024-01-19T20:29:31,378482688,390022440,1923592,0.49,1250608,11733956,51510980,12.77,4690464,9150620,2580,885020,1467704,9920,12924,268664
2024-01-19T20:29:36,378492744,390033732,1912156,0.48,1250612,11735168,51509212,12.77,4690496,9152304,1436,885436,1467868,9952,13160,268728
2024-01-19T20:29:41,378463376,390004928,1940756,0.49,1250616,11735692,51303492,12.72,4690620,9148836,1600,881656,1468108,9936,12932,268696
2024-01-19T20:29:46,378455636,389997436,1948432,0.49,1250620,11736208,51816308,12.85,4690644,9153480,2708,885692,1467652,9936,13004,268760
2024-01-19T20:29:51,378453672,389996620,1949080,0.49,1250624,11737308,51306292,12.72,4690720,9155112,2996,886460,1467864,9984,13024,268712
2024-01-19T20:29:56,378476840,390021176,1923556,0.49,1250628,11738680,47708696,11.83,4690800,9122728,3064,852680,1468844,10160,12724,268664
2024-01-19T20:30:01,378452668,389997416,1947260,0.49,1250636,11739072,51614868,12.8,4690872,9158132,2924,887844,1468912,9936,13028,268648
2024-01-19T20:30:06,378451460,389996268,1948564,0.49,1250640,11739132,51304056,12.72,4690896,9155024,2756,884656,1468752,9904,12912,268568
2024-01-19T20:30:11,378487744,390033932,1910904,0.48,1250644,11740544,48593376,12.05,4691012,9152276,2084,880508,1468712,9920,12484,268584
2024-01-19T20:30:16,378494640,390041396,1903252,0.48,1250648,11741120,51614060,12.8,4691076,9157544,2572,885400,1468888,9968,13024,268600
2024-01-19T20:30:21,378534504,390081948,1862524,0.47,1250656,11741784,44995408,11.16,4690796,9104932,2928,831640,1469080,9872,11948,268632
2024-01-19T20:30:26,378484568,390032232,1912540,0.48,1250660,11742004,51610612,12.8,4690880,9157800,2804,884396,1468776,9920,12976,268632
2024-01-19T20:30:31,378474212,390022952,1921800,0.49,1250668,11743020,51511076,12.77,4690968,9158860,3208,884600,1468848,9920,12972,268616
2024-01-19T20:30:36,378502920,390052660,1892340,0.48,1250672,11744012,47919360,11.88,4690980,9131424,2440,856196,1468604,9904,12536,268624
2024-01-19T20:30:41,378455224,390005392,1939632,0.49,1250676,11744412,51612648,12.8,4691096,9160248,3204,884616,1468604,9904,12948,268648
2024-01-19T20:30:46,378457632,390008624,1936248,0.49,1250680,11745248,51406912,12.75,4691152,9161944,2592,885600,1468740,9904,12972,268584
2024-01-19T20:30:51,378481940,390033732,1911056,0.48,1250700,11745940,51613828,12.8,4691220,9164424,2372,887460,1468912,9936,13052,268680
2024-01-19T20:30:56,378482712,390035188,1909224,0.48,1250708,11746624,51303064,12.72,4691292,9160796,2520,883276,1469280,9904,12952,268648
2024-01-19T20:31:01,378479492,390032896,1911372,0.48,1250716,11747524,48796040,12.1,4691372,9147820,2924,869292,1469444,9904,12588,268664
2024-01-19T20:31:06,378487012,390041152,1902716,0.48,1250728,11748228,48896980,12.13,4691428,9141240,2292,862292,1469864,9904,12608,268680
2024-01-19T20:31:11,378465628,390020760,1922832,0.49,1250732,11749144,51714176,12.82,4691520,9163660,3128,883648,1470212,9920,13032,268696
2024-01-19T20:31:16,378471000,390026872,1916712,0.49,1250732,11749880,51715380,12.82,4691560,9165532,2536,884916,1470224,9904,12936,268712
2024-01-19T20:31:21,378464964,390021880,1922084,0.49,1250732,11750896,48590276,12.05,4691624,9159940,2820,878348,1469872,9904,12768,268712
2024-01-19T20:31:26,378455904,390014020,1930044,0.49,1250732,11752112,51508204,12.77,4691688,9167928,2556,885176,1469756,9904,12980,268648
2024-01-19T20:31:31,378446092,390004996,1939044,0.49,1250732,11752836,51715932,12.82,4691724,9171396,3248,887976,1469844,9872,12824,268664
2024-01-19T20:31:36,378439192,389999328,1945052,0.49,1250740,11753960,51405540,12.75,4691800,9167320,868,883020,1469604,9904,12792,268680
2024-01-19T20:31:41,378409968,389971348,1973316,0.5,1250748,11755100,51512756,12.77,4691908,9173368,2544,887860,1469416,9904,12972,268584
2024-01-19T20:31:46,378427636,389989520,1955308,0.5,1250748,11755588,51513476,12.77,4691932,9175624,2308,889724,1469268,9904,13016,268616
2024-01-19T20:31:51,378432120,389995076,1949816,0.49,1250748,11756624,51407628,12.75,4692020,9173320,2492,885952,1469240,9872,12940,268584
2024-01-19T20:31:56,378423720,389987284,1957256,0.5,1250752,11757116,51310536,12.72,4692056,9176036,408,888924,1469704,9904,13048,268656
2024-01-19T20:32:01,378425948,389990444,1954136,0.49,1250752,11758040,51510256,12.77,4692140,9173268,1272,885020,1469672,9872,12940,268600
2024-01-19T20:32:06,378443164,390008388,1935684,0.49,1250756,11758716,51405492,12.75,4692200,9171856,1496,883024,1470228,9904,12884,268632
2024-01-19T20:32:11,378433044,389999244,1944808,0.49,1250760,11759676,51611576,12.8,4692256,9174084,1580,884388,1470260,9904,13016,268600
2024-01-19T20:32:16,378486856,390054556,1889628,0.48,1250764,11761152,48695396,12.08,4692308,9158140,1360,867040,1470148,9888,12484,268616
2024-01-19T20:32:21,378479464,390047596,1896572,0.48,1250764,11761556,51716392,12.82,4692412,9177792,1716,886328,1470192,9888,12972,268600
2024-01-19T20:32:26,378477192,390045840,1898188,0.48,1250768,11762052,51612628,12.8,4692452,9176112,2820,884228,1470348,9888,12956,268584
2024-01-19T20:32:31,378479044,390048780,1895448,0.48,1250776,11763104,51407644,12.75,4692496,9178920,792,885992,1470176,9888,13068,268552
2024-01-19T20:32:36,378451804,390022532,1921632,0.49,1250780,11764060,51612860,12.8,4692608,9179372,2112,885636,1470272,9920,13024,268568
2024-01-19T20:32:41,378456884,390028320,1915924,0.49,1250784,11764768,51715244,12.82,4692664,9179560,2020,885084,1470188,9888,12972,268632
2024-01-19T20:32:46,378446452,390018724,1925172,0.49,1250792,11765500,51510820,12.77,4692724,9182308,1452,887120,1470632,9888,12968,268664
2024-01-19T20:32:51,378431964,390005076,1938856,0.49,1250800,11766324,51508760,12.77,4692796,9181100,1436,885128,1470604,9888,12936,268632
2024-01-19T20:32:56,378421060,389996156,1947752,0.49,1250804,11768300,51508304,12.77,4692884,9179912,2832,882028,1470632,9856,12904,268600
2024-01-19T20:33:01,378430184,390005068,1938908,0.49,1250804,11768080,51412740,12.75,4692920,9187212,276,889292,1470572,9920,13072,268672
2024-01-19T20:33:06,378443140,390019408,1924524,0.49,1250804,11769380,51714716,12.82,4693028,9183664,2040,884816,1470700,9888,12984,268632
2024-01-19T20:33:11,378469400,390047312,1896892,0.48,1250808,11771032,47811208,11.86,4693120,9153008,2580,852740,1470416,9888,12512,268568
2024-01-19T20:33:16,378434576,390012832,1931820,0.49,1250808,11771364,51407296,12.75,4693156,9188056,3392,887516,1469980,10288,12948,268600
2024-01-19T20:33:21,378442316,390020592,1924132,0.49,1250812,11771280,51713464,12.82,4693180,9185104,240,884668,1470008,9872,12984,268616
2024-01-19T20:33:26,378426612,390006132,1938348,0.49,1250816,11772412,48690596,12.07,4693284,9178104,1864,876500,1470360,9872,12848,268568
2024-01-19T20:33:31,378412080,389992496,1951736,0.49,1250824,11773268,51613248,12.8,4693364,9186952,1908,884664,1470640,9856,12968,268568
2024-01-19T20:33:36,378410748,389991840,1952256,0.49,1250832,11773932,51510516,12.77,4693420,9188924,2224,886248,1470780,9824,12928,268600
2024-01-19T20:33:41,378419524,390001156,1942784,0.49,1250840,11774424,51713804,12.82,4693460,9188588,264,885192,1470976,9888,13004,268616
2024-01-19T20:33:46,378413444,389996044,1947912,0.49,1250840,11775396,48694084,12.08,4693548,9185900,1524,881688,1470956,9888,12932,268584
2024-01-19T20:33:51,378406200,389989744,1954380,0.49,1250848,11776252,51611320,12.8,4693640,9188968,2860,883500,1470868,9904,12988,268552
2024-01-19T20:33:56,378433556,390017584,1926444,0.49,1250856,11776716,51405708,12.75,4693684,9188976,452,883436,1470976,9904,12932,268552
2024-01-19T20:34:01,378419064,390003588,1940432,0.49,1250864,11777288,51509052,12.77,4693720,9191604,860,885676,1470900,9920,12988,268584
2024-01-19T20:34:06,378408508,389993868,1949680,0.49,1250868,11778124,51713748,12.82,4693800,9189632,1136,882388,1471368,9920,12956,268584
2024-01-19T20:34:11,378414552,390001236,1942196,0.49,1250872,11779388,51404652,12.75,4693900,9192056,2576,884356,1471540,9936,13032,268616
2024-01-19T20:34:16,378398120,389985288,1957980,0.5,1250884,11779844,51717016,12.83,4693940,9197392,2428,888960,1471720,9920,12972,268616
2024-01-19T20:34:21,378390960,389978848,1964736,0.5,1250888,11780540,51543884,12.78,4694004,9195392,1476,886628,1471424,9920,13012,268664
2024-01-19T20:34:26,378402932,389991828,1951628,0.49,1250892,11781508,51510872,12.77,4694060,9197364,1836,887408,1471588,9904,12936,268648
2024-01-19T20:34:31,378372224,389961660,1981244,0.5,1250892,11782044,48594160,12.05,4694124,9194636,2544,884332,1472144,9872,12428,268648
2024-01-19T20:34:36,378361952,389953004,1990652,0.5,1250900,11783656,51101812,12.67,4694196,9200624,3548,888732,1471388,9888,13076,268664
2024-01-19T20:34:41,378351000,389942368,2001204,0.51,1250904,11783968,51509292,12.77,4694304,9197732,3072,885564,1471472,9904,12988,268712
2024-01-19T20:34:46,378384184,389976280,1967352,0.5,1250908,11784676,51404176,12.75,4694360,9195380,2556,882536,1471428,9904,12964,268696
2024-01-19T20:34:51,378385576,389978316,1965636,0.5,1250916,11785280,51510084,12.77,4694404,9199492,3248,886156,1471140,9920,12972,268696
2024-01-19T20:34:56,378364556,389958308,1985808,0.5,1250924,11786268,51509444,12.77,4694460,9198168,896,883808,1470992,9904,12588,268648
2024-01-19T20:35:01,378342840,389937496,2006428,0.51,1250932,11787072,51820584,12.85,4694552,9201712,2352,886580,1471276,9952,13104,268704
2024-01-19T20:35:06,378368472,389964008,1979928,0.5,1250936,11787900,51408940,12.75,4694624,9203012,2280,887168,1471312,9920,12972,268616
2024-01-19T20:35:11,378393468,389989624,1954568,0.5,1250940,11788444,51616716,12.8,4694660,9205008,952,888660,1471128,9936,12544,268584
2024-01-19T20:35:16,378419968,390016864,1927628,0.49,1250948,11789160,51712996,12.82,4694712,9200428,1224,883560,1470844,9936,12980,268552
2024-01-19T20:35:21,378454900,390053380,1891252,0.48,1250952,11790764,47801228,11.85,4694824,9168264,1812,849396,1470680,10112,12440,268728
2024-01-19T20:35:26,378417148,390016212,1928056,0.49,1250956,11791208,51405976,12.75,4694900,9204444,1796,885540,1471180,9904,12924,268728
2024-01-19T20:35:31,378419356,390019176,1924916,0.49,1250956,11791940,51610820,12.8,4694956,9202516,976,883024,1471380,9920,12996,268664
2024-01-19T20:35:36,378426348,390027144,1916364,0.49,1250964,11793416,47802632,11.85,4695028,9171224,2224,850756,1471456,9904,12392,268680
2024-01-19T20:35:41,378392148,389994044,1949392,0.49,1250968,11794004,51614980,12.8,4695108,9210564,2764,889044,1472036,9872,12960,268696
2024-01-19T20:35:46,378385372,389988268,1955588,0.5,1250972,11794996,51510556,12.77,4695176,9209236,3680,886872,1471620,9936,13060,268600
2024-01-19T20:35:51,378413032,390016388,1927548,0.49,1250984,11795448,48900284,12.13,4695240,9188752,2220,866044,1471536,9936,12516,268568
2024-01-19T20:35:56,378380652,389984332,1959304,0.5,1251000,11795720,51507624,12.77,4695284,9207768,3416,884200,1471872,9920,12980,268648
2024-01-19T20:36:01,378398848,390003468,1939968,0.49,1251008,11796628,51712484,12.82,4695364,9207140,2604,883456,1472096,9920,13008,268584
2024-01-19T20:36:06,378404776,390010008,1933352,0.49,1251012,11797216,51198128,12.7,4695416,9208884,1284,884556,1472192,9968,13068,268600
2024-01-19T20:36:11,378396244,390003392,1940332,0.49,1251024,11799092,51405100,12.75,4695552,9205652,1612,879436,1471856,9888,12524,268600
2024-01-19T20:36:16,378372308,389979524,1964348,0.5,1251032,11799152,51405876,12.75,4695604,9210184,2964,884076,1471708,9936,12984,268648
2024-01-19T20:36:21,378366488,389974600,1969456,0.5,1251044,11800024,51338976,12.73,4695624,9214200,812,887204,1471536,9936,13020,268648
2024-01-19T20:36:26,378363940,389973208,1970580,0.5,1251048,11801112,51508896,12.77,4695760,9211448,2308,883464,1471868,9968,12984,268744
2024-01-19T20:36:31,378372028,389981800,1962508,0.5,1251060,11801600,51610308,12.8,4695828,9210632,1984,882360,1471352,9984,12952,268808
2024-01-19T20:36:36,378379612,389989764,1954204,0.49,1251064,11802308,51505836,12.77,4695880,9210024,3024,881084,1471360,9952,12864,268792
2024-01-19T20:36:41,378392660,390003568,1940464,0.49,1251064,11803028,48286376,11.97,4695944,9212916,2320,883312,1471332,9952,12820,268712
2024-01-19T20:36:46,378368604,389980552,1963844,0.5,1251068,11804080,51509500,12.77,4696016,9215344,3288,884780,1470952,9952,12960,268664
2024-01-19T20:36:51,378361640,389974992,1969272,0.5,1251068,11805400,51512148,12.77,4696108,9219332,2840,887384,1471168,9936,13048,268712
2024-01-19T20:36:56,378371236,389985552,1958928,0.5,1251072,11806344,47607744,11.81,4696132,9185820,912,852964,1470968,10016,12372,268736
2024-01-19T20:37:01,378365896,389980688,1964352,0.5,1251076,11806748,51507544,12.77,4696244,9216148,1356,883068,1470476,9952,12968,268712
2024-01-19T20:37:06,378359776,389975708,1969452,0.5,1251080,11807884,51406128,12.75,4696276,9219956,1588,885764,1470356,9936,12772,268712
2024-01-19T20:37:11,378366568,389982760,1962176,0.5,1251084,11808116,51307032,12.72,4696344,9218184,1088,883728,1470604,9968,13260,268696
2024-01-19T20:37:16,378364672,389981980,1963340,0.5,1251084,11809232,51714352,12.82,4696432,9220912,380,885420,1470220,9936,12948,268712
2024-01-19T20:37:21,378409120,390027336,1918220,0.49,1251084,11810124,48696516,12.08,4696468,9206008,2128,869620,1470000,9952,12620,268696
2024-01-19T20:37:26,378381512,389999984,1945636,0.49,1251088,11810388,51716748,12.83,4696524,9223868,308,887436,1469924,9952,12984,268664
2024-01-19T20:37:31,378403960,390023648,1921632,0.49,1251092,11811560,47808692,11.86,4696596,9185560,1872,847892,1470304,9968,12456,268680
2024-01-19T20:37:36,378380520,390001056,1943796,0.49,1251100,11812356,51409744,12.75,4696704,9222756,1992,884464,1470776,9952,12976,268648
2024-01-19T20:37:41,378391280,390012316,1932392,0.49,1251104,11812844,51408300,12.75,4696736,9226672,1068,887816,1470928,9952,12968,268696
2024-01-19T20:37:46,378390120,390012248,1932580,0.49,1251108,11813936,51413192,12.75,4696744,9232044,1392,892168,1470804,9952,13064,268712
2024-01-19T20:37:51,378373840,389996432,1948744,0.49,1251112,11814348,51516444,12.78,4696872,9229824,2296,889624,1470504,10064,13292,268736
2024-01-19T20:37:56,378373320,389997112,1948336,0.49,1251120,11815552,51307292,12.72,4696980,9226764,2604,885456,1470220,9952,12920,268696
2024-01-19T20:38:01,378372036,389996096,1949284,0.49,1251124,11815832,51612436,12.8,4696988,9227356,3372,885764,1470272,9968,12988,268680
2024-01-19T20:38:06,378383044,390008308,1936804,0.49,1251128,11817036,51410156,12.75,4697040,9231844,1364,889148,1470536,10000,13052,268712
2024-01-19T20:38:11,378382592,390008856,1936100,0.49,1251136,11818032,51508904,12.77,4697196,9227384,2752,883724,1470688,9952,13012,268712
2024-01-19T20:38:16,378377124,390003648,1941288,0.49,1251144,11818304,51510812,12.77,4697196,9231216,2364,887396,1470688,9968,13000,268744
2024-01-19T20:38:21,378377304,390004504,1940232,0.49,1251152,11819064,51512240,12.77,4697264,9232100,1488,887088,1470796,9968,12964,268760
2024-01-19T20:38:26,378415968,390046168,1898432,0.48,1251164,11822036,47610744,11.81,4697356,9206372,2848,858908,1470948,9952,12528,268792
2024-01-19T20:38:31,378380872,390010044,1934656,0.49,1251164,11821012,51711448,12.82,4697456,9229336,3080,883132,1470844,9952,12960,268792
2024-01-19T20:38:36,378380400,390009848,1934848,0.49,1251168,11821284,51611648,12.8,4697460,9232456,380,885932,1470848,9968,12996,268760
2024-01-19T20:38:41,378378984,390009936,1934744,0.49,1251176,11822772,51508436,12.77,4697552,9232556,2320,884552,1470872,9968,13000,268760
2024-01-19T20:38:46,378353736,389985616,1959176,0.5,1251180,11823696,51406480,12.75,4697616,9234748,2540,885880,1470760,9968,12940,268696
2024-01-19T20:38:51,378339244,389971328,1972568,0.5,1251184,11823884,51611096,12.8,4697696,9234716,2284,885848,1471668,10000,13020,268680
2024-01-19T20:38:56,378342892,389975228,1969332,0.5,1251192,11824124,48794904,12.1,4697712,9229500,368,880392,1471008,9984,12808,268664
2024-01-19T20:39:01,378344652,389978360,1966312,0.5,1251196,11825476,51511132,12.77,4697808,9236916,1492,886524,1470912,9984,13032,268664
2024-01-19T20:39:06,378359840,389993900,1950768,0.49,1251204,11825836,51611348,12.8,4697860,9237468,2644,886728,1470900,9968,12956,268632
2024-01-19T20:39:11,378364512,389999260,1945052,0.49,1251208,11826512,48696400,12.08,4697896,9233888,2224,882964,1471264,9984,12432,268648
2024-01-19T20:39:16,378348820,389984320,1959868,0.5,1251212,11827312,51510228,12.77,4697992,9237220,3508,885208,1471336,9936,12932,268760
2024-01-19T20:39:21,378349844,389986300,1957828,0.5,1251220,11828224,51304284,12.72,4698084,9233196,972,879716,1471432,9952,12936,268744
2024-01-19T20:39:26,378343824,389980732,1962920,0.5,1251228,11828684,51510212,12.77,4698120,9240972,2140,887596,1471892,9952,12988,268744
2024-01-19T20:39:31,378346044,389983956,1960120,0.5,1251232,11829688,51404720,12.75,4698124,9238636,860,883792,1471464,9920,12472,268744
2024-01-19T20:39:36,378343636,389981924,1961548,0.5,1251236,11830028,51302392,12.72,4698248,9238268,2140,883680,1472100,10000,13016,268792
2024-01-19T20:39:41,378351024,389989780,1954608,0.5,1251244,11830504,51610096,12.8,4698280,9236984,1904,882128,1471168,9952,12876,268760
2024-01-19T20:39:46,378349100,389988628,1955916,0.5,1251252,11831356,51304992,12.72,4698348,9241056,1224,885052,1470924,9952,12984,268760
2024-01-19T20:39:51,378341864,389982288,1962576,0.5,1251260,11832240,48694716,12.08,4698416,9236868,1148,880204,1470608,9888,11980,268680
2024-01-19T20:39:56,378340740,389981900,1963168,0.5,1251264,11832948,51402756,12.75,4698488,9237440,948,880172,1470428,9936,12888,268776
2024-01-19T20:40:01,378356380,389998472,1946576,0.49,1251272,11833820,51304244,12.72,4698560,9243716,1200,885808,1470500,9936,13004,268792
2024-01-19T20:40:06,378355128,389998160,1946724,0.49,1251272,11834724,51407716,12.75,4698632,9244756,2700,885836,1470700,9936,13008,268776
2024-01-19T20:40:11,378393300,390037688,1907088,0.48,1251284,11836092,44790684,11.11,4698660,9190868,240,830032,1470784,9920,11852,268728
2024-01-19T20:40:16,378342968,389987392,1957052,0.5,1251288,11836100,51716432,12.82,4698748,9248784,1872,888068,1471140,9984,13064,268648
2024-01-19T20:40:21,378358732,390004296,1940256,0.49,1251292,11837228,48596664,12.05,4698820,9230836,2204,869568,1471040,9968,12828,268712
2024-01-19T20:40:26,378348736,389994828,1949824,0.49,1251296,11837744,51509448,12.77,4698896,9246692,444,885000,1470948,9920,12956,268680
2024-01-19T20:40:31,378357572,390004472,1939848,0.49,1251300,11838540,51508648,12.77,4698972,9245944,1120,883636,1471288,10000,13016,268720
2024-01-19T20:40:36,378371680,390019460,1924420,0.49,1251300,11839304,51407728,12.75,4699024,9251032,1476,887968,1471844,9792,12788,268728
2024-01-19T20:40:41,378368656,390017480,1926880,0.49,1251300,11840364,51510020,12.77,4699104,9250828,2888,886840,1471348,9952,13088,268648
2024-01-19T20:40:46,378356848,390006404,1938328,0.49,1251300,11841068,51716248,12.82,4699172,9253304,2684,888604,1471004,9920,13016,268664
2024-01-19T20:40:51,378371048,390021876,1922632,0.49,1251308,11842160,51408008,12.75,4699220,9253792,3380,888000,1471400,9936,13032,268680
2024-01-19T20:40:56,378367432,390018516,1926008,0.49,1251324,11842340,51578392,12.79,4699280,9254872,2792,888856,1471444,9920,13012,268680
2024-01-19T20:41:01,378374208,390026256,1918236,0.49,1251328,11843276,51612424,12.8,4699368,9252648,3028,885884,1471500,9936,13020,268648
2024-01-19T20:41:06,378380500,390033320,1911456,0.48,1251328,11844040,51503748,12.77,4699444,9247344,2348,879924,1471224,9904,12936,268584
2024-01-19T20:41:11,378375464,390029176,1915492,0.49,1251328,11844896,51304588,12.72,4699460,9257092,992,888808,1471368,9952,13052,268632
2024-01-19T20:41:16,378383728,390038224,1906532,0.48,1251328,11845652,51299520,12.72,4699560,9250032,1464,881064,1471308,9936,12968,268616
2024-01-19T20:41:21,378388604,390044188,1900392,0.48,1251332,11846612,51507964,12.77,4699632,9254272,2140,884368,1471608,9888,12972,268584
2024-01-19T20:41:26,378380244,390036564,1907688,0.48,1251340,11847304,51507460,12.77,4699700,9256000,2624,885480,1471972,9936,13040,268568
2024-01-19T20:41:31,378387640,390045164,1898176,0.48,1251348,11848384,51308524,12.72,4699788,9256532,2948,885092,1473000,9888,13032,268640
2024-01-19T20:41:36,378387384,390045648,1898084,0.48,1251356,11849084,51510436,12.77,4699856,9257888,2628,885824,1472640,9872,13012,268616
2024-01-19T20:41:41,378370860,390029944,1913840,0.48,1251356,11849836,51510008,12.77,4699900,9257836,3188,885060,1472656,9904,13020,268648
2024-01-19T20:41:46,378378556,390038088,1906028,0.48,1251364,11850240,48591608,12.05,4699948,9249536,2236,876444,1472360,9904,12836,268648
2024-01-19T20:41:51,378392168,390053140,1891752,0.48,1251368,11851584,48797232,12.1,4700044,9239956,2516,865472,1471676,9872,12264,268680
2024-01-19T20:41:56,378372128,390033736,1911356,0.48,1251376,11852180,51408716,12.75,4700080,9262868,3084,887396,1471508,9872,13032,268664
2024-01-19T20:42:01,378381392,390043796,1901704,0.48,1251384,11852824,51613204,12.8,4700168,9263640,3272,887984,1471244,9872,12916,268632
2024-01-19T20:42:06,378385304,390048628,1897112,0.48,1251392,11853708,51405264,12.75,4700216,9261236,1020,884864,1471032,9904,13048,268648
2024-01-19T20:42:11,378378192,390041900,1903420,0.48,1251392,11854204,51719072,12.83,4700288,9267960,1572,891084,1471340,10032,13056,268664
2024-01-19T20:42:16,378383548,390048076,1897248,0.48,1251400,11855012,51717264,12.83,4700360,9266804,608,889168,1471340,9904,13024,268616
2024-01-19T20:42:21,378378732,390043868,1901728,0.48,1251404,11855772,51715252,12.82,4700416,9265120,1628,886996,1470912,9968,13260,268664
2024-01-19T20:42:26,378388988,390054640,1890296,0.48,1251412,11856312,45946680,11.39,4700500,9257232,1648,878356,1471540,9888,12752,268664
2024-01-19T20:42:31,378383584,390050616,1894360,0.48,1251416,11857652,51409556,12.75,4700552,9268420,2048,888280,1471536,9904,13048,268616
2024-01-19T20:42:36,378381052,390048596,1896060,0.48,1251420,11858148,51407728,12.75,4700636,9264764,3004,884320,1471868,9920,12992,268664
2024-01-19T20:42:41,378392400,390060392,1883968,0.48,1251424,11858600,51507480,12.77,4700664,9265156,2616,884224,1472156,9920,12988,268632
2024-01-19T20:42:46,378417824,390087012,1857188,0.47,1251432,11859776,47506748,11.78,4700716,9240724,2008,858664,1472328,9920,12524,268696
2024-01-19T20:42:51,378373496,390043204,1900976,0.48,1251432,11860300,51510228,12.77,4700836,9267560,1712,885680,1472344,9936,12924,268616
2024-01-19T20:42:56,378373380,390043944,1900088,0.48,1251440,11861108,51506312,12.77,4700888,9268344,3068,885108,1472532,9888,12996,268632
2024-01-19T20:43:01,378373920,390044752,1899432,0.48,1251448,11861372,51307272,12.72,4700896,9272192,444,888756,1472376,9888,13024,268680
2024-01-19T20:43:06,378374720,390047364,1896576,0.48,1251460,11863172,51305092,12.72,4701024,9271004,2852,885800,1472620,9904,13052,268744
2024-01-19T20:43:11,378410600,390084436,1859300,0.47,1251468,11864356,47712040,11.83,4701116,9240388,2164,854012,1472824,9920,12556,268680
2024-01-19T20:43:16,378384024,390057624,1886284,0.48,1251476,11864116,51612376,12.8,4701136,9273120,3372,887064,1472648,9904,13028,268680
2024-01-19T20:43:21,378355576,390030100,1913844,0.48,1251484,11865040,51509312,12.77,4701232,9269584,2532,882748,1472604,9904,12984,268696
2024-01-19T20:43:26,378330380,390006088,1938004,0.49,1251492,11866128,51408900,12.75,4701272,9276860,1644,888984,1472544,9904,13032,268680
2024-01-19T20:43:31,378335372,390011792,1932564,0.49,1251504,11866804,51414140,12.75,4701416,9276764,1484,888420,1472304,9968,13180,268672
2024-01-19T20:43:36,378367788,390045280,1898696,0.48,1251512,11867792,47814520,11.86,4701444,9245328,2596,856040,1472760,9904,12556,268632
2024-01-19T20:43:41,378337740,390015696,1928800,0.49,1251524,11868244,51712444,12.82,4701536,9272500,2504,882632,1472240,9904,13004,268600
2024-01-19T20:43:46,378320144,389999236,1945528,0.49,1251528,11869308,51614448,12.8,4701620,9276604,3204,885836,1472040,9904,12964,268616
2024-01-19T20:43:51,378321260,390000868,1944108,0.49,1251540,11869784,51200696,12.7,4701680,9274632,2600,883388,1471856,9920,12964,268568
2024-01-19T20:43:56,378313508,389994456,1950840,0.49,1251544,11871328,51515740,12.78,4701736,9285736,2092,893020,1471328,9920,13080,268600
2024-01-19T20:44:01,378335564,390016568,1928680,0.49,1251548,11871348,48590592,12.05,4701812,9275236,1152,882052,1471408,9920,12892,268648
2024-01-19T20:44:06,378315728,389997568,1947776,0.49,1251548,11872228,51407420,12.75,4701880,9279448,2672,886588,1471268,10016,13024,268696
2024-01-19T20:44:11,378322536,390005260,1940544,0.49,1251556,11873112,51508280,12.77,4701940,9276248,224,882028,1470800,9952,12660,268632
2024-01-19T20:44:16,378346472,390029492,1916104,0.49,1251560,11873400,51610244,12.8,4701980,9278980,1052,884428,1471012,9920,12992,268632
2024-01-19T20:44:21,378362528,390046420,1899292,0.48,1251564,11874236,51406604,12.75,4702028,9279876,2480,884600,1470928,9888,12944,268712
2024-01-19T20:44:26,378359068,390044196,1901520,0.48,1251568,11875496,48694632,12.08,4702108,9263360,428,866844,1470896,9936,12648,268680
2024-01-19T20:44:31,378325168,390010752,1934580,0.49,1251580,11876284,51409076,12.75,4702208,9284408,2516,887196,1470936,9984,13072,268712
2024-01-19T20:44:36,378332116,390018008,1927296,0.49,1251588,11876780,51613940,12.8,4702284,9282012,2064,884972,1470768,9952,12976,268760
2024-01-19T20:44:41,378326852,390013380,1931484,0.49,1251596,11877400,51611548,12.8,4702332,9282572,1120,884376,1471216,9952,12948,268712
2024-01-19T20:44:46,378378588,390066380,1878824,0.48,1251596,11878672,44789604,11.11,4702380,9229592,736,830252,1470868,9936,12028,268648
2024-01-19T20:44:51,378329576,390017748,1926808,0.49,1251600,11879024,51302640,12.72,4702480,9282300,2600,882548,1471540,9936,12708,268696
2024-01-19T20:44:56,378324248,390013296,1931020,0.49,1251608,11879900,51508336,12.77,4702552,9286176,2436,885716,1471772,9984,13036,268728
2024-01-19T20:45:01,378372572,390063072,1881068,0.48,1251612,11881332,47914872,11.88,4702604,9256136,2116,854160,1471964,9952,12512,268712
2024-01-19T20:45:06,378325484,390016420,1927740,0.49,1251620,11881768,51408984,12.75,4702728,9286116,1928,883908,1471936,9952,12988,268680
2024-01-19T20:45:11,378314044,390005604,1938956,0.49,1251624,11882388,51512076,12.77,4702764,9290200,3116,887348,1471536,10000,13056,268664
2024-01-19T20:45:16,378316804,390008844,1935748,0.49,1251624,11882884,51406212,12.75,4702788,9287956,2680,884808,1471488,9936,12968,268664
2024-01-19T20:45:21,378345640,390039244,1905216,0.48,1251624,11884448,48695208,12.08,4702872,9271944,2200,866808,1471620,9968,12720,268728
2024-01-19T20:45:26,378328624,390022300,1922212,0.49,1251628,11884516,51509896,12.77,4702956,9290880,1700,886144,1471568,9952,12904,268664
2024-01-19T20:45:31,378339940,390034392,1910112,0.48,1251636,11885300,51507544,12.77,4703000,9290348,3068,884880,1471560,10016,13096,268728
2024-01-19T20:45:36,378339644,390034340,1910204,0.48,1251648,11885532,51308356,12.72,4703008,9294324,364,888500,1471520,9920,12864,268776
2024-01-19T20:45:41,378316196,390012344,1931848,0.49,1251656,11886976,48593824,12.05,4703180,9289472,2428,881940,1471872,9984,12876,268728
2024-01-19T20:45:46,378315392,390012640,1931904,0.49,1251668,11888024,51511924,12.77,4703260,9294740,2384,886644,1471560,9984,13020,268760
2024-01-19T20:45:51,378311668,390009160,1935416,0.49,1251676,11888268,51712988,12.82,4703264,9296584,3356,888772,1471520,10416,12968,268776
2024-01-19T20:45:56,378315736,390014132,1930376,0.49,1251696,11889164,51612256,12.8,4703352,9293976,576,884944,1471576,10016,13012,268776
2024-01-19T20:46:01,378324220,390023664,1920852,0.49,1251700,11890168,48693728,12.08,4703472,9276220,1844,866128,1471608,9984,12812,268648
2024-01-19T20:46:06,378318332,390018488,1926136,0.49,1251708,11891080,51404932,12.75,4703524,9294828,3216,883964,1471292,9984,12992,268648
2024-01-19T20:46:11,378312244,390012868,1931672,0.49,1251708,11891524,51610112,12.8,4703528,9296904,404,885552,1471400,9984,12748,268680
2024-01-19T20:46:16,378327892,390030076,1914152,0.48,1251716,11893112,47639444,11.81,4703612,9264744,1532,852008,1471676,9936,12360,268680
2024-01-19T20:46:21,378308132,390010652,1933312,0.49,1251720,11893388,51610448,12.8,4703732,9295360,1604,882428,1471996,9984,12928,268680
2024-01-19T20:46:26,378314052,390017068,1927240,0.49,1251724,11893872,51610316,12.8,4703764,9298368,2852,885004,1471660,9984,12988,268696
2024-01-19T20:46:31,378345984,390051220,1893152,0.48,1251732,11896068,41093568,10.19,4703784,9233904,800,818220,1471612,9984,11900,268696
2024-01-19T20:46:36,378288460,389993140,1951096,0.49,1251740,11895480,51613608,12.8,4703900,9304056,2376,889164,1471772,9952,12988,268712
2024-01-19T20:46:41,378341440,390047364,1896548,0.48,1251740,11896720,44893560,11.13,4703944,9249712,584,833604,1472100,10000,12164,268680
2024-01-19T20:46:46,378309920,390016176,1927180,0.49,1251740,11897032,48696564,12.08,4704028,9299568,2196,883340,1472676,9968,12896,268744
2024-01-19T20:46:51,378327424,390034612,1908944,0.48,1251752,11897928,51507720,12.77,4704108,9301888,2208,884928,1472500,10000,13072,268664
2024-01-19T20:46:56,378330580,390038752,1904632,0.48,1251760,11898864,51615272,12.8,4704168,9308368,1764,890876,1472712,10000,13156,268648
2024-01-19T20:47:01,378341636,390050352,1893532,0.48,1251768,11899376,51513032,12.77,4704228,9306780,1460,888356,1472236,10032,13144,268656
2024-01-19T20:47:06,378325516,390035000,1908868,0.48,1251776,11900152,51613460,12.8,4704308,9306524,2736,887368,1472236,9984,13004,268728
2024-01-19T20:47:11,378355908,390066976,1877008,0.48,1251784,11901712,47712892,11.83,4704360,9277912,2636,856768,1472136,10000,12552,268712
2024-01-19T20:47:16,378315976,390026704,1917228,0.49,1251788,11901372,51612556,12.8,4704424,9308072,1096,887848,1472184,9936,13000,268744
2024-01-19T20:47:21,378323516,390035236,1908760,0.48,1251792,11902356,51612604,12.8,4704528,9307432,1188,886472,1472124,9968,12976,268648
2024-01-19T20:47:26,378343868,390056644,1887748,0.48,1251796,11903392,51406244,12.75,4704580,9306756,2780,884524,1471744,9936,12952,268696
2024-01-19T20:47:31,378340628,390054256,1889948,0.48,1251800,11904260,51507724,12.77,4704640,9305532,2644,882624,1471912,9936,12628,268680
2024-01-19T20:47:36,378329128,390043128,1900972,0.48,1251800,11904552,51407988,12.75,4704680,9311768,2992,888628,1472096,10144,13248,268744
2024-01-19T20:47:41,378325060,390040184,1903924,0.48,1251804,11905632,51611608,12.8,4704772,9308868,2528,884612,1472128,9888,12928,268712
2024-01-19T20:47:46,378314904,390030868,1913484,0.48,1251808,11906444,51300224,12.72,4704856,9306008,2424,881064,1471908,9936,12972,268696
2024-01-19T20:47:51,378309496,390026028,1918492,0.49,1251820,11907008,51411088,12.75,4704900,9313144,3576,887620,1471732,9936,13008,268680
2024-01-19T20:47:56,378312336,390029808,1914968,0.48,1251824,11907944,51406976,12.75,4704940,9313200,784,886696,1471476,9920,13036,268696
2024-01-19T20:48:01,378330436,390048904,1895844,0.48,1251828,11908940,51303880,12.72,4705076,9308660,2636,881480,1471500,9952,13076,268688
2024-01-19T20:48:06,378320904,390040180,1904876,0.48,1251832,11909728,51617104,12.8,4705152,9315016,2440,887084,1471208,9952,13040,268704
2024-01-19T20:48:11,378327680,390046928,1898264,0.48,1251832,11909700,51407776,12.75,4704844,9314344,1544,886084,1471072,9904,12936,268680
2024-01-19T20:48:16,378317500,390038264,1907092,0.48,1251832,11911228,51612940,12.8,4704924,9317444,1680,887964,1470896,9936,13040,268664
2024-01-19T20:48:21,378297228,390018776,1926504,0.49,1251832,11911968,51373168,12.74,4705052,9312236,3084,881956,1471016,9936,12888,268680
2024-01-19T20:48:26,378306160,390028192,1917112,0.49,1251836,11912440,51403964,12.75,4705080,9315480,2592,884588,1471000,9920,13000,268680
2024-01-19T20:48:31,378293076,390015636,1929720,0.49,1251840,11912984,51299700,12.72,4705096,9313420,3460,882304,1470928,9920,12984,268648
2024-01-19T20:48:36,378315228,390040400,1904920,0.48,1251852,11915564,47607032,11.81,4705208,9288308,2684,854540,1470984,9904,12492,268600
2024-01-19T20:48:41,378267464,389992240,1952844,0.49,1251852,11915152,51510132,12.77,4705320,9321224,3260,887992,1471236,9952,13072,268664
2024-01-19T20:48:46,378270272,389995332,1949772,0.49,1251852,11915412,51408404,12.75,4705320,9321028,2620,887468,1471240,9936,13036,268696
2024-01-19T20:48:51,378292452,390019184,1925844,0.49,1251860,11917096,47607004,11.81,4705348,9289920,1728,854732,1471296,9904,12472,268696
2024-01-19T20:48:56,378278764,390005680,1939260,0.49,1251872,11917204,51618556,12.8,4705492,9325784,1784,890592,1471448,9936,13176,268736
2024-01-19T20:49:01,378276652,390004232,1940740,0.49,1251876,11917840,48799300,12.1,4705552,9318100,3016,882356,1471440,9872,12600,268632
2024-01-19T20:49:06,378256544,389984780,1960208,0.5,1251880,11918484,51614892,12.8,4705588,9326128,2700,889836,1471432,9936,13112,268616
2024-01-19T20:49:11,378267336,389996508,1948408,0.49,1251884,11919380,51613648,12.8,4705660,9324344,2064,887288,1471540,10336,13404,268616
2024-01-19T20:49:16,378286872,390016764,1928464,0.49,1251888,11920064,51612376,12.8,4705732,9324808,1328,887052,1471260,9936,13064,268568
2024-01-19T20:49:21,378279200,390009780,1935244,0.49,1251892,11920756,51407644,12.75,4705792,9323996,2112,885040,1471456,9888,12712,268648
2024-01-19T20:49:26,378272380,390003864,1940900,0.49,1251904,11921576,51716864,12.83,4705864,9326668,1896,887572,1471788,9904,13092,268632
2024-01-19T20:49:31,378263344,389995564,1949420,0.49,1251912,11922304,51406628,12.75,4705924,9326684,2556,886880,1471568,9888,13016,268632
2024-01-19T20:49:36,378280796,390013804,1931448,0.49,1251924,11923016,51510264,12.77,4705996,9326416,3620,886436,1471364,9888,13024,268664
2024-01-19T20:49:41,378266708,390000372,1945328,0.49,1251932,11923688,51506736,12.77,4706076,9324424,2352,882888,1470892,9920,12936,268568
2024-01-19T20:49:46,378263548,389998360,1947268,0.49,1251940,11924696,51712332,12.82,4706164,9326772,3424,884752,1471096,9888,13032,268616
2024-01-19T20:49:51,378264076,389999300,1946256,0.49,1251940,11925116,51610780,12.8,4706184,9327424,2628,884992,1471160,9888,12972,268616
2024-01-19T20:49:56,378254116,389989696,1955924,0.5,1251944,11925344,51611416,12.8,4706188,9328852,1352,886140,1471220,9872,12940,268648
2024-01-19T20:50:01,378283544,390020200,1925512,0.49,1251952,11926412,51303836,12.72,4706260,9326544,1464,882948,1471128,9936,12844,268632
2024-01-19T20:50:06,378285888,390023908,1921848,0.49,1251964,11927760,51580600,12.79,4706444,9332316,3328,887584,1471088,9936,13056,268616
2024-01-19T20:50:11,378286668,390024920,1920948,0.49,1251968,11927980,51507320,12.77,4706444,9330088,2584,884580,1470984,9968,13096,268664
2024-01-19T20:50:16,378282144,390021196,1924852,0.49,1251976,11928784,51402892,12.75,4706484,9328944,3072,883152,1470792,9936,13000,268616
2024-01-19T20:50:21,378274980,390014320,1931860,0.49,1251984,11929052,51407956,12.75,4706520,9335732,368,889624,1470672,9920,13024,268632
2024-01-19T20:50:26,378270792,390011560,1934320,0.49,1251988,11930368,51509728,12.77,4706652,9332932,2392,885820,1471080,9920,13012,268664
2024-01-19T20:50:31,378283400,390025652,1920100,0.49,1251996,11931824,51414568,12.75,4706728,9339892,2692,891280,1471228,9936,13152,268688
2024-01-19T20:50:36,378321784,390064292,1881188,0.48,1252000,11932048,48694788,12.08,4706752,9315012,3144,865540,1471528,9840,12392,268648
2024-01-19T20:50:41,378278936,390022732,1922372,0.49,1252004,11933252,51508444,12.77,4706904,9332884,2372,882892,1471984,9888,13028,268600
2024-01-19T20:50:46,378285336,390030156,1915164,0.49,1252008,11934284,45711588,11.34,4706920,9319952,3632,868980,1471756,9888,12652,268584
2024-01-19T20:50:51,378251632,389996648,1948580,0.49,1252020,11934448,51511396,12.77,4707008,9338532,2504,887524,1471868,9872,13012,268616
2024-01-19T20:50:56,378255820,390001868,1942724,0.49,1252028,11935388,51510724,12.77,4707048,9340896,1324,888964,1472588,9856,12796,268648
2024-01-19T20:51:01,378259628,390006216,1939068,0.49,1252036,11935880,51409808,12.75,4707132,9339776,1164,887476,1471936,9888,12992,268584
2024-01-19T20:51:06,378289644,390037516,1907740,0.48,1252044,11937100,51815724,12.85,4707252,9337512,2956,884012,1472020,9904,13028,268616
2024-01-19T20:51:11,378282088,390030680,1914680,0.48,1252048,11937808,51408432,12.75,4707264,9342212,548,888044,1471924,9936,13032,268616
2024-01-19T20:51:16,378303460,390052692,1892708,0.48,1252052,11938428,51607916,12.8,4707348,9338632,692,883892,1471900,9888,12564,268600
2024-01-19T20:51:21,378334044,390084596,1860396,0.47,1252064,11939624,47705360,11.83,4707396,9306608,68,850756,1472420,9904,12448,268648
2024-01-19T20:51:26,378347796,390099348,1845868,0.47,1252068,11940620,43707456,10.84,4707456,9277792,404,820996,1472196,9888,11868,268632
2024-01-19T20:51:31,378313700,390065336,1880216,0.48,1252072,11940704,51612600,12.8,4707544,9342576,1308,885680,1471856,9920,12808,268648
2024-01-19T20:51:36,378297216,390049908,1895924,0.48,1252080,11941764,51506708,12.77,4707620,9341532,1328,883824,1471564,9920,13012,268616
2024-01-19T20:51:41,378281300,390034660,1910884,0.48,1252084,11942376,51405376,12.75,4707692,9341676,2588,883436,1471904,9920,13008,268632
2024-01-19T20:51:46,378270452,390024352,1921264,0.49,1252092,11942908,51505956,12.77,4707744,9341744,428,882960,1471832,9952,13032,268600
2024-01-19T20:51:51,378246284,390001200,1944352,0.49,1252104,11943780,51409428,12.75,4707800,9348476,1924,888824,1472028,9952,13040,268616
2024-01-19T20:51:56,378297176,390053444,1892148,0.48,1252108,11945152,51612560,12.8,4707896,9347884,2416,887072,1471964,9952,13036,268632
2024-01-19T20:52:01,378284188,390040836,1904612,0.48,1252112,11945412,51199312,12.7,4707960,9346072,1820,884884,1472224,9968,12980,268696
2024-01-19T20:52:06,378301356,390058536,1887144,0.48,1252116,11945940,51503308,12.77,4707980,9341516,628,879936,1471992,9968,12884,268664
2024-01-19T20:52:11,378297636,390055636,1889708,0.48,1252116,11946720,51615040,12.8,4708056,9348768,2356,886480,1472368,10016,13156,268720
2024-01-19T20:52:16,378302104,390061316,1883928,0.48,1252120,11947920,51405216,12.75,4708160,9347300,1308,883904,1472476,9984,12700,268696
2024-01-19T20:52:21,378283060,390042900,1902404,0.48,1252132,11948292,51614160,12.8,4708200,9350584,2724,886880,1472660,10000,13008,268744
2024-01-19T20:52:26,378293136,390054156,1890884,0.48,1252136,11949512,51403168,12.75,4708256,9349116,936,883788,1472880,10016,13016,268728
2024-01-19T20:52:31,378280644,390042548,1902676,0.48,1252140,11950284,51504200,12.77,4708328,9347976,2172,881844,1472804,10016,12908,268792
2024-01-19T20:52:36,378268428,390031676,1913512,0.48,1252144,11951604,51712680,12.82,4708452,9350560,2392,883796,1472860,10016,13024,268696
2024-01-19T20:52:41,378259968,390024280,1920788,0.49,1252152,11952484,51714836,12.82,4708488,9354848,3324,887080,1473156,10016,13040,268712
2024-01-19T20:52:46,378268088,390032892,1912232,0.48,1252160,11952964,51403904,12.75,4708512,9351988,596,883940,1473104,10016,12988,268680
2024-01-19T20:52:51,378309632,390076992,1868008,0.47,1252164,11955324,43908020,10.89,4708576,9289608,2296,818852,1473420,10144,11724,268696
2024-01-19T20:52:56,378244080,390011460,1933312,0.49,1252164,11955336,48593452,12.05,4708652,9356492,1996,886048,1473656,10016,12712,268664
2024-01-19T20:53:01,378238788,390006360,1938564,0.49,1252164,11955504,48591368,12.05,4708728,9336396,824,865340,1473528,9984,12596,268648
2024-01-19T20:53:06,378225140,389993540,1951108,0.49,1252168,11956256,51820048,12.85,4708764,9359400,1804,888276,1473876,10048,13172,268848
2024-01-19T20:53:11,378230180,389999528,1945116,0.49,1252176,11957192,51511296,12.77,4708860,9360640,1212,888576,1473884,10032,13044,268856
2024-01-19T20:53:16,378227084,389997456,1947076,0.49,1252188,11958232,51615268,12.8,4708932,9360096,1752,887112,1473968,10032,13040,268792
2024-01-19T20:53:21,378243748,390014812,1929976,0.49,1252196,11958868,51717268,12.83,4708988,9362900,1400,889212,1473760,10032,13056,268792
2024-01-19T20:53:26,378240812,390013032,1932288,0.49,1252204,11960012,51403348,12.75,4709036,9355444,1520,880672,1473232,10032,12516,268792
2024-01-19T20:53:31,378264708,390037568,1907356,0.48,1252208,11960592,48694060,12.08,4709148,9340460,1680,865196,1473684,10032,12644,268712
2024-01-19T20:53:36,378245976,390020092,1924552,0.49,1252220,11961816,51099436,12.67,4709228,9359152,1564,882920,1473984,10032,13016,268712
2024-01-19T20:53:41,378242724,390017100,1927512,0.49,1252224,11962064,51408808,12.75,4709244,9366328,1120,889760,1474024,10032,13024,268728
2024-01-19T20:53:46,378272412,390048160,1896804,0.48,1252224,11963404,51608340,12.8,4709380,9358932,1560,881116,1473704,10032,12900,268760
2024-01-19T20:53:51,378277428,390053628,1891336,0.48,1252224,11963864,51512056,12.77,4709392,9366088,368,887812,1473696,10032,13012,268760
2024-01-19T20:53:56,378253764,390030896,1913684,0.48,1252228,11964772,48490000,12.02,4709472,9359412,1712,880804,1474100,10032,12920,268792
2024-01-19T20:54:01,378275604,390053660,1891028,0.48,1252228,11965668,48898964,12.13,4709536,9344304,812,864432,1474020,10032,12664,268792
2024-01-19T20:54:06,378260036,390039676,1904556,0.48,1252236,11967212,51412048,12.75,4709604,9371376,2652,890084,1474508,10048,13204,268800
2024-01-19T20:54:11,378300512,390080772,1863380,0.47,1252240,11967828,47918116,11.88,4709640,9337676,1844,855832,1474588,10032,12580,268800
2024-01-19T20:54:16,378268036,390048396,1895924,0.48,1252240,11968028,48804184,12.1,4709680,9368860,1508,886800,1474320,10048,12800,268800
2024-01-19T20:54:21,378264040,390045208,1899468,0.48,1252240,11968816,51300196,12.72,4709804,9365900,1476,883192,1473984,10016,13004,268648
2024-01-19T20:54:26,378254100,390036148,1908712,0.48,1252244,11969652,51713888,12.82,4709840,9368900,2600,885352,1473840,10016,13060,268760
2024-01-19T20:54:31,378257008,390040016,1904676,0.48,1252256,11970620,51305456,12.72,4709876,9370556,480,886000,1473988,10016,13052,268760
2024-01-19T20:54:36,378260988,390044392,1900692,0.48,1252264,11970952,51508916,12.77,4709936,9371808,2068,886864,1473652,10048,12756,268792
2024-01-19T20:54:41,378267284,390051392,1893468,0.48,1252268,11971684,51404464,12.75,4710020,9369136,1392,883848,1473844,10000,13000,268760
2024-01-19T20:54:46,378269948,390054908,1890292,0.48,1252268,11972492,51509108,12.77,4710088,9371188,2476,884916,1473548,9968,12960,268664
2024-01-19T20:54:51,378274936,390060900,1884564,0.48,1252272,11973556,51511224,12.77,4710136,9374884,1580,887720,1473220,10000,13064,268744
2024-01-19T20:54:56,378259544,390045936,1899540,0.48,1252276,11973960,51200468,12.7,4710212,9371796,1168,884360,1473228,9984,12996,268664
2024-01-19T20:55:01,378266520,390053952,1891384,0.48,1252288,11974980,51611696,12.8,4710284,9374888,1436,886296,1473376,9984,13024,268712
2024-01-19T20:55:06,378250728,390040036,1905056,0.48,1252296,11976828,51205036,12.7,4710364,9378388,2148,888064,1473640,9984,13088,268600
2024-01-19T20:55:11,378255512,390044540,1900628,0.48,1252308,11976536,51611656,12.8,4710420,9375140,1120,885136,1473564,9984,13004,268664
2024-01-19T20:55:16,378242456,390031960,1913228,0.48,1252316,11977008,51097296,12.67,4710440,9373564,496,883144,1473540,9968,12984,268664
2024-01-19T20:55:21,378227348,390018468,1926872,0.49,1252324,11978640,51509604,12.77,4710572,9380348,2952,888500,1473364,10016,13144,268728
2024-01-19T20:55:26,378226908,390018304,1927012,0.49,1252324,11978848,51507408,12.77,4710640,9376720,292,884640,1473456,10016,13036,268744
2024-01-19T20:55:31,378218456,390010456,1934572,0.49,1252328,11979452,50994056,12.65,4710668,9377776,1108,885028,1473740,9984,12972,268824
2024-01-19T20:55:36,378211956,390004896,1940032,0.49,1252336,11980368,51406836,12.75,4710760,9377428,1148,883960,1473856,9984,13040,268728
2024-01-19T20:55:41,378224816,390018568,1925640,0.49,1252348,11981200,48694324,12.08,4710828,9361296,2592,867648,1474544,9984,12692,268744
2024-01-19T20:55:46,378230896,390026044,1918076,0.49,1252352,11982600,47605532,11.81,4710888,9345972,2196,850376,1474624,9968,12456,268728
2024-01-19T20:55:51,378184068,389979140,1965052,0.5,1252356,11982532,51612244,12.8,4710920,9384160,3664,888660,1474540,9984,13060,268760
2024-01-19T20:55:56,378174104,389970140,1974340,0.5,1252364,11983488,51818120,12.85,4711008,9383016,1092,886688,1474252,9984,13032,268760
2024-01-19T20:56:01,378173928,389971072,1973232,0.5,1252368,11984560,51715816,12.82,4711112,9384308,2660,886856,1474460,9968,13056,268728
2024-01-19T20:56:06,378188088,389985872,1958688,0.5,1252376,11985200,48595408,12.05,4711132,9377936,2340,879868,1474196,9968,12936,268696
2024-01-19T20:56:11,378175372,389973804,1970300,0.5,1252384,11985840,51510956,12.77,4711180,9387444,1456,888732,1474652,9968,13052,268616
2024-01-19T20:56:16,378220912,390020892,1923524,0.49,1252392,11987388,47806224,11.86,4711264,9347452,1212,847428,1474332,9920,12428,268600
2024-01-19T20:56:21,378187760,389987844,1956692,0.5,1252392,11987456,51405148,12.75,4711300,9385384,2592,885160,1474248,9936,13020,268632
2024-01-19T20:56:26,378190132,389991300,1953516,0.49,1252396,11988540,51205068,12.7,4711372,9388996,1204,887796,1473964,9936,13036,268680
2024-01-19T20:56:31,378201188,390002960,1942312,0.49,1252396,11989168,51509372,12.77,4711448,9387028,1464,885244,1473484,9904,12972,268600
2024-01-19T20:56:36,378189840,389992916,1952344,0.49,1252404,11990456,51515476,12.78,4711504,9396372,3612,893408,1473504,9968,13216,268640
2024-01-19T20:56:41,378199116,390002704,1942328,0.49,1252412,11990952,51716172,12.82,4711588,9391968,2784,888728,1473740,9952,13048,268664
2024-01-19T20:56:46,378193752,389998056,1946496,0.49,1252420,11991692,51510016,12.77,4711628,9390544,1588,885972,1474188,9968,13048,268680
2024-01-19T20:56:51,378214736,390020276,1924324,0.49,1252428,11992808,51712368,12.82,4711744,9389072,1700,883500,1474252,9952,13032,268680
2024-01-19T20:56:56,378226612,390033636,1911724,0.48,1252432,11994276,47811864,11.86,4711808,9360016,3064,853464,1473504,9952,12492,268696
2024-01-19T20:57:01,378187648,389994860,1950568,0.49,1252440,11994460,51611888,12.8,4711848,9395768,884,889100,1473432,9968,13108,268728
2024-01-19T20:57:06,378204032,390012916,1932408,0.49,1252448,11996120,47912648,11.88,4711912,9362372,2088,854056,1473540,9952,12464,268696
2024-01-19T20:57:11,378203564,390012648,1933052,0.49,1252452,11996312,51510704,12.77,4711996,9395116,1828,886812,1473168,9952,13056,268728
2024-01-19T20:57:16,378218088,390028236,1917380,0.49,1252460,11997380,51820704,12.85,4712088,9398996,3564,889772,1473240,9952,13064,268744
2024-01-19T20:57:21,378214564,390025192,1920632,0.49,1252464,11997824,51713836,12.82,4712124,9396488,588,886708,1473064,9936,13032,268712
2024-01-19T20:57:26,378205920,390017124,1928532,0.49,1252468,11998408,51408120,12.75,4712160,9397284,1968,887004,1473220,9936,13004,268744
2024-01-19T20:57:31,378203064,390015176,1930588,0.49,1252476,11999292,51713744,12.82,4712248,9396836,1800,885720,1473128,9936,13044,268760
2024-01-19T20:57:36,378183844,389996908,1949148,0.49,1252484,12000232,51715096,12.82,4712340,9398344,3500,886424,1472840,9920,13080,268744
2024-01-19T20:57:41,378181884,389995300,1950780,0.49,1252488,12000572,51612812,12.8,4712352,9400512,336,888168,1472824,9920,13052,268680
2024-01-19T20:57:46,378183796,389998112,1947140,0.49,1252492,12001428,51406344,12.75,4712436,9397524,1940,884476,1473692,9920,13032,268696
2024-01-19T20:57:51,378164800,389980088,1964624,0.5,1252500,12002376,51610984,12.8,4712532,9398124,1888,884156,1474248,9920,13056,268616
2024-01-19T20:57:56,378171008,389986928,1957780,0.5,1252500,12002968,51815948,12.85,4712564,9401004,3056,886492,1474292,9920,13040,268664
2024-01-19T20:58:01,378171156,389987884,1956672,0.5,1252504,12003784,51509644,12.77,4712596,9403944,2724,888724,1474432,9920,13084,268664
2024-01-19T20:58:06,378177040,389994260,1950032,0.49,1252508,12004192,51508832,12.77,4712672,9399728,2896,884116,1474776,9936,12944,268696
2024-01-19T20:58:11,378179140,389997268,1946960,0.49,1252516,12005056,51405876,12.75,4712756,9403244,2484,886876,1474876,9904,13052,268664
2024-01-19T20:58:16,378182800,390001780,1942620,0.49,1252524,12005888,51612488,12.8,4712832,9402280,2252,885192,1474716,9920,13088,268672
2024-01-19T20:58:21,378172676,389992240,1952020,0.49,1252536,12006376,51713944,12.82,4712848,9403912,1328,886176,1474940,9920,13044,268728
2024-01-19T20:58:26,378176104,389996852,1947820,0.49,1252544,12007528,51508032,12.77,4712932,9403912,1612,885220,1474552,9920,13084,268728
2024-01-19T20:58:31,378172092,389993380,1951612,0.49,1252548,12007924,51199524,12.7,4713004,9401876,2668,882852,1474372,9920,13004,268712
2024-01-19T20:58:36,378169260,389991944,1953068,0.49,1252552,12009284,51205224,12.7,4713072,9408724,2996,888464,1474384,9920,13048,268712
2024-01-19T20:58:41,378164096,389987576,1957532,0.5,1252564,12010028,51509892,12.77,4713188,9406508,3416,885536,1474328,9920,13008,268712
2024-01-19T20:58:46,378168552,389992780,1952568,0.49,1252572,12010752,51820464,12.85,4713248,9411484,2660,889852,1474104,9920,13064,268696
2024-01-19T20:58:51,378207024,390032684,1912680,0.48,1252576,12012084,47914648,11.88,4713300,9378716,3176,855700,1474184,9920,12480,268712
2024-01-19T20:58:56,378198288,390024208,1921000,0.49,1252580,12012336,48490640,12.03,4713356,9407028,3060,883948,1474344,9936,12940,268696
2024-01-19T20:59:01,378181924,390008580,1937444,0.49,1252588,12012916,51715608,12.82,4713440,9411076,3432,887464,1473676,9952,13020,268696
2024-01-19T20:59:06,378180488,390008396,1937840,0.49,1252592,12014128,51409452,12.75,4713524,9414072,3208,889220,1473500,9952,13092,268664
2024-01-19T20:59:11,378206060,390035356,1910880,0.48,1252596,12015396,47500200,11.78,4713596,9375808,3264,849884,1473616,9952,12564,268696
2024-01-19T20:59:16,378173920,390003096,1943092,0.49,1252604,12015260,51306832,12.72,4713636,9414248,2820,888528,1473672,9952,13028,268664
2024-01-19T20:59:21,378194372,390024304,1921500,0.49,1252604,12016004,48384020,12.0,4713700,9388596,1892,862252,1474068,9952,12632,268712
2024-01-19T20:59:26,378222692,390054448,1891192,0.48,1252604,12017820,47608440,11.81,4713780,9381724,1784,853508,1474240,9936,12432,268696
2024-01-19T20:59:31,378164284,389996560,1949000,0.49,1252608,12018240,51511488,12.77,4713900,9415820,3276,887240,1474416,9968,13056,268728
2024-01-19T20:59:36,378160040,389992580,1953064,0.49,1252612,12018512,51409268,12.75,4713904,9417708,2716,888916,1474320,9968,13044,268712
2024-01-19T20:59:41,378165412,389999076,1946548,0.49,1252612,12019572,51511972,12.77,4713988,9418176,1916,888396,1474404,9968,13040,268744
2024-01-19T20:59:46,378166200,390000828,1944504,0.49,1252620,12020544,51407412,12.75,4714080,9419232,2004,888664,1474680,9968,13004,268680
2024-01-19T20:59:51,378147056,389982512,1962496,0.5,1252620,12021232,51613304,12.8,4714136,9420092,3352,888224,1475144,10128,12988,268648
2024-01-19T20:59:56,378174272,390011196,1934208,0.49,1252620,12022712,47707016,11.83,4714208,9385280,1364,852592,1474736,9968,12592,268552
2024-01-19T21:00:01,378139600,389976920,1968084,0.5,1252620,12022948,51509240,12.77,4714288,9419956,2552,887212,1475296,10000,12984,268584
2024-01-19T21:00:06,378182996,390021980,1923404,0.49,1252624,12024588,47608224,11.81,4714328,9391780,2448,857368,1474936,9968,12568,268584
2024-01-19T21:00:11,378149704,389988204,1957260,0.5,1252624,12024080,51513512,12.77,4714380,9424768,2428,890820,1474880,9968,13044,268616
2024-01-19T21:00:16,378144608,389984068,1961164,0.5,1252628,12024848,51512812,12.77,4714440,9424292,1708,889772,1475300,9968,13068,268664
2024-01-19T21:00:21,378175908,390016868,1928404,0.49,1252628,12026344,47400972,11.75,4714448,9391132,1380,855116,1475264,9920,12536,268664
2024-01-19T21:00:26,378156508,389997784,1946820,0.49,1252636,12026768,48387100,12.0,4714544,9403832,3112,867496,1475816,9968,12700,268616
2024-01-19T21:00:31,378150004,389992160,1952344,0.49,1252640,12027600,51713692,12.82,4714676,9423448,2460,886216,1475960,9904,13004,268616
2024-01-19T21:00:36,378141312,389983852,1960588,0.5,1252648,12027996,51611500,12.8,4714692,9424752,3816,887152,1476004,9936,13060,268600
2024-01-19T21:00:41,378142560,389986016,1958548,0.5,1252652,12028884,51539216,12.78,4714768,9420732,1064,882316,1475904,9936,13032,268600
2024-01-19T21:00:46,378140392,389984428,1960148,0.5,1252656,12029632,51506464,12.77,4714832,9422660,2664,884132,1475720,9936,13020,268648
2024-01-19T21:00:51,378138772,389983564,1961128,0.5,1252660,12030384,51507696,12.77,4714900,9424032,2300,884376,1475604,9936,13076,268696
2024-01-19T21:00:56,378122044,389967624,1977216,0.5,1252680,12031132,51715204,12.82,4714948,9428204,2896,887720,1475476,9952,13088,268712
2024-01-19T21:01:01,378125288,389971532,1973756,0.5,1252684,12031804,51713492,12.82,4715016,9428016,620,887012,1475016,9952,13104,268632
2024-01-19T21:01:06,378108160,389956544,1988584,0.5,1252692,12033844,51307004,12.72,4715112,9433388,3296,890312,1475268,9968,13212,268552
2024-01-19T21:01:11,378116744,389965076,1980048,0.5,1252696,12033748,51510256,12.77,4715156,9431816,2160,888900,1475312,9952,13028,268584
2024-01-19T21:01:16,378170904,390021164,1923804,0.49,1252704,12035556,47814300,11.86,4715208,9402612,3596,857948,1475580,9968,12556,268616
2024-01-19T21:01:21,378123008,389973084,1971560,0.5,1252712,12035336,51614700,12.8,4715300,9435728,2828,891448,1475932,9984,13160,268680
2024-01-19T21:01:26,378117668,389968448,1976620,0.5,1252720,12036168,51510628,12.77,4715384,9432660,3532,887544,1475372,9984,13056,268696
2024-01-19T21:01:31,378110228,389961616,1983524,0.5,1252724,12036776,51305016,12.72,4715396,9434524,716,888776,1475296,9984,13116,268680
2024-01-19T21:01:36,378090468,389942168,2003088,0.51,1252736,12037116,51611616,12.8,4715440,9431624,1368,885716,1475140,9968,13024,268760
2024-01-19T21:01:41,378082240,389935476,2009880,0.51,1252740,12038564,51509628,12.77,4715608,9433260,1876,886080,1475124,9968,13064,268760
2024-01-19T21:01:46,378075160,389928476,2016800,0.51,1252744,12038804,51511032,12.77,4715612,9438288,340,890704,1475040,10032,13340,268760
2024-01-19T21:01:51,378095688,389949748,1995496,0.51,1252752,12039560,48692848,12.08,4715664,9430188,256,882000,1475052,9936,12968,268744
2024-01-19T21:01:56,378100096,389955488,1989776,0.5,1252760,12040872,48493852,12.03,4715720,9437892,1380,888436,1475044,9952,13044,268696
2024-01-19T21:02:01,378100272,389956480,1987660,0.5,1252764,12041696,51097152,12.67,4715868,9434396,2716,884396,1476156,9952,13052,268696
2024-01-19T21:02:06,378102856,389959320,1984840,0.5,1252764,12041932,51506108,12.77,4715868,9433424,312,883068,1476156,9952,13056,268744
2024-01-19T21:02:11,378090480,389948032,1995876,0.51,1252764,12043052,48593780,12.05,4715908,9436040,916,884692,1476376,9968,12936,268696
2024-01-19T21:02:16,378078328,389936528,2007612,0.51,1252768,12043692,51411052,12.75,4716012,9440580,312,888564,1476148,9968,13052,268664
2024-01-19T21:02:21,378077432,389936536,2007748,0.51,1252776,12044540,51509416,12.77,4716072,9440516,1952,887820,1476052,9984,13080,268648
2024-01-19T21:02:26,378084604,389944320,2000040,0.51,1252776,12045112,51615296,12.8,4716108,9441864,304,888464,1476016,9984,13056,268616
2024-01-19T21:02:31,378109032,389969748,1974892,0.5,1252776,12046056,51505316,12.77,4716196,9436976,1456,882804,1475792,10000,13036,268680
2024-01-19T21:02:36,378087592,389949636,1994772,0.51,1252776,12047348,51713732,12.82,4716304,9440964,2136,885712,1476060,9968,13060,268776
2024-01-19T21:02:41,378098560,389961020,1983460,0.5,1252784,12047744,51197724,12.7,4716312,9440796,1120,885072,1476000,9984,13040,268744
2024-01-19T21:02:46,378108008,389971232,1973580,0.5,1252792,12048448,51511724,12.77,4716376,9445212,956,888740,1475720,10000,13088,268760
2024-01-19T21:02:51,378096356,389960072,1985052,0.5,1252804,12048916,51410068,12.75,4716420,9446784,1640,890096,1475420,10064,13216,268784
2024-01-19T21:02:56,378088188,389953420,1991636,0.5,1252804,12050416,51409044,12.75,4716548,9444004,1848,885824,1475504,10000,13088,268744
2024-01-19T21:03:01,378094432,389959772,1985240,0.5,1252816,12050616,51718800,12.83,4716568,9451412,2668,893052,1475444,10000,13084,268792
2024-01-19T21:03:06,378081016,389947304,1997640,0.51,1252824,12051532,51511148,12.77,4716668,9446260,1108,886972,1475536,10000,13080,268824
2024-01-19T21:03:11,378077028,389943928,2001140,0.51,1252828,12052124,51504496,12.77,4716696,9442464,1832,882736,1475428,10016,13124,268840
2024-01-19T21:03:16,378100768,389968768,1976080,0.5,1252828,12053184,51510324,12.77,4716788,9449116,2248,888312,1475688,9984,13072,268808
2024-01-19T21:03:21,378110496,389979384,1965176,0.5,1252840,12054044,51406696,12.75,4716840,9447452,3448,885844,1475992,9952,13044,268760
2024-01-19T21:03:26,378120244,389989860,1954872,0.5,1252844,12054732,51406372,12.75,4716920,9448388,668,886140,1475856,9952,13048,268792
2024-01-19T21:03:31,378112436,389982776,1961936,0.5,1252848,12055464,51507532,12.77,4716968,9449116,1632,887076,1475864,9904,13120,268776
2024-01-19T21:03:36,378085276,389956416,1988424,0.5,1252852,12056264,51508076,12.77,4717048,9449148,1544,885640,1475732,10000,13124,268696
2024-01-19T21:03:41,378094800,389967380,1977432,0.5,1252856,12057692,51511340,12.77,4717128,9453184,1704,888324,1475768,9968,13116,268728
2024-01-19T21:03:46,378120680,389993276,1951312,0.49,1252864,12057680,48695576,12.08,4717164,9449300,960,884528,1476012,9968,12852,268760
2024-01-19T21:03:51,378121808,389995184,1949524,0.49,1252864,12058452,51407208,12.75,4717240,9451328,1112,885652,1475900,9968,13076,268776
2024-01-19T21:03:56,378138344,390012948,1931984,0.49,1252872,12059660,48489592,12.02,4717308,9433588,1968,866768,1475688,9984,12800,268744
2024-01-19T21:04:01,378138708,390014232,1930764,0.49,1252876,12060572,51509860,12.77,4717384,9455116,1964,887540,1475628,9952,13096,268760
2024-01-19T21:04:06,378137212,390013056,1931472,0.49,1252880,12060860,51712524,12.82,4717448,9452472,2736,884628,1476124,9952,13044,268744
2024-01-19T21:04:11,378133992,390010564,1934096,0.49,1252880,12061588,51510888,12.77,4717504,9457336,2704,888892,1475992,9936,13068,268776
2024-01-19T21:04:16,378154176,390031916,1911924,0.48,1252888,12063400,47803156,11.85,4717592,9424492,3148,854700,1476160,9920,12468,268712
2024-01-19T21:04:21,378122420,390000656,1943692,0.49,1252888,12063404,51201248,12.7,4717656,9454772,2656,884828,1476144,9936,13092,268648
2024-01-19T21:04:26,378132568,390011456,1932376,0.49,1252896,12064292,51713092,12.82,4717736,9455516,3108,884616,1476416,9936,13064,268696
2024-01-19T21:04:31,378129544,390009408,1934884,0.49,1252900,12065248,51408728,12.75,4717800,9460688,2664,888280,1475972,9936,13104,268696
2024-01-19T21:04:36,378124676,390005728,1938756,0.49,1252904,12066424,51614440,12.8,4717876,9463452,3972,890440,1475788,9952,13152,268680
2024-01-19T21:04:41,378135996,390017348,1927200,0.49,1252908,12066700,51716572,12.83,4717928,9463976,2692,890860,1475744,10000,13208,268712
2024-01-19T21:04:46,378138684,390022000,1922604,0.49,1252908,12068652,51615724,12.8,4717996,9467176,2300,892148,1475700,9936,13188,268696
2024-01-19T21:04:51,378140124,390022944,1921492,0.49,1252916,12068148,51714112,12.82,4718048,9460960,1604,886376,1475868,9936,13064,268648
2024-01-19T21:04:56,378188952,390072164,1871440,0.47,1252920,12068584,42657380,10.58,4718108,9408488,2592,833724,1476652,9984,12472,268688
2024-01-19T21:05:01,378138436,390022564,1921504,0.49,1252928,12069504,51612128,12.8,4718168,9463704,2628,887904,1476176,9920,12944,268728
2024-01-19T21:05:06,378138708,390023968,1920272,0.49,1252932,12070568,51508668,12.77,4718260,9462520,3352,885704,1476068,9968,13064,268744
2024-01-19T21:05:11,378121028,390007176,1936976,0.49,1252940,12071444,51509016,12.77,4718300,9464768,724,887208,1476160,9968,13096,268760
2024-01-19T21:05:16,378124112,390010556,1932992,0.49,1252944,12071736,51616448,12.8,4718356,9471060,1696,892724,1476764,10528,13540,268760
2024-01-19T21:05:21,378137776,390025284,1919000,0.49,1252944,12072788,51409108,12.75,4718452,9465784,2024,886920,1476040,9936,12964,268776
2024-01-19T21:05:26,378146368,390034560,1909676,0.48,1252948,12073468,51305188,12.72,4718512,9466536,428,887204,1476088,9968,13048,268728
2024-01-19T21:05:31,378128644,390017744,1926216,0.49,1252956,12074344,51509572,12.77,4718564,9465124,1772,884944,1476388,9968,13020,268792
2024-01-19T21:05:36,378103448,389993380,1950916,0.49,1252960,12075180,51406820,12.75,4718664,9465756,1676,884768,1476044,9968,13048,268760
2024-01-19T21:05:41,378093852,389984704,1959372,0.5,1252960,12076072,51644472,12.81,4718724,9467480,3268,885644,1476292,9984,13104,268680
2024-01-19T21:05:46,378110264,390001600,1942744,0.49,1252964,12076568,51204448,12.7,4718760,9469844,316,887560,1476008,9952,13012,268648
2024-01-19T21:05:51,378085296,389977560,1966996,0.5,1252976,12077460,51407540,12.75,4718840,9469400,1920,886420,1475820,9968,13048,268664
2024-01-19T21:05:56,378092268,389985560,1958884,0.5,1252984,12078476,51820708,12.85,4718936,9473080,2088,889016,1475936,10016,13164,268704
2024-01-19T21:06:01,378073320,389967232,1976760,0.5,1252992,12079044,51715996,12.82,4718708,9472144,1260,887196,1476432,9968,13052,268728
2024-01-19T21:06:06,378082500,389977000,1966668,0.5,1252996,12079644,51203488,12.7,4718784,9470848,972,885592,1476740,9984,13060,268720
2024-01-19T21:06:11,378083720,389979340,1964272,0.5,1252996,12080736,51612692,12.8,4718860,9473876,2720,887428,1476824,9968,13096,268696
2024-01-19T21:06:16,378080040,389976268,1967804,0.5,1253004,12081352,51306528,12.72,4718896,9477096,2188,890544,1476348,9968,13124,268632
2024-01-19T21:06:21,378088308,389986004,1957796,0.5,1253008,12082720,51612368,12.8,4718988,9475628,2520,887348,1476716,9984,13128,268664
2024-01-19T21:06:26,378106508,390004692,1938520,0.49,1253012,12083188,51406892,12.75,4719072,9474736,2016,885576,1477320,9984,13028,268632
2024-01-19T21:06:31,378093728,389992420,1950844,0.49,1253020,12083560,51304784,12.72,4719084,9474392,3032,885352,1477396,9984,13044,268664
2024-01-19T21:06:36,378094092,389993664,1949440,0.49,1253028,12084448,51513780,12.77,4719116,9481812,1112,891856,1477540,9984,13108,268680
2024-01-19T21:06:41,378057912,389958684,1984820,0.5,1253036,12085456,51613648,12.8,4719296,9476552,2636,885752,1477324,10000,12952,268792
2024-01-19T21:06:46,378052896,389954324,1989448,0.5,1253040,12086128,51818476,12.85,4719332,9481200,2472,889852,1477036,10000,13072,268744
2024-01-19T21:06:51,378072188,389974040,1970036,0.5,1253044,12086496,48692272,12.08,4719344,9456456,1132,864672,1476784,9984,12320,268744
2024-01-19T21:06:56,378076896,389979816,1964432,0.5,1253052,12087564,51406268,12.75,4719412,9479420,812,886624,1476604,10000,13036,268712
2024-01-19T21:07:01,378100796,390005416,1937972,0.49,1253056,12089232,47709416,11.83,4719528,9449772,2132,855516,1477492,10112,12440,268680
2024-01-19T21:07:06,378079284,389983768,1959772,0.5,1253068,12089316,51613972,12.8,4719580,9482372,2352,888060,1477108,10016,13040,268760
2024-01-19T21:07:11,378097704,390002692,1940788,0.49,1253076,12089792,51409308,12.75,4719628,9484800,424,890096,1477188,9968,12972,268680
2024-01-19T21:07:16,378062452,389968856,1974344,0.5,1253084,12091136,51409704,12.75,4719732,9484108,1204,888076,1477532,10000,13076,268728
2024-01-19T21:07:21,378053204,389959848,1983860,0.5,1253088,12091364,51718208,12.83,4719792,9484796,1868,888504,1477032,10016,13192,268736
2024-01-19T21:07:26,378043512,389950752,1993044,0.5,1253096,12091952,51717172,12.83,4719816,9488284,1720,891512,1476944,9984,13088,268696
2024-01-19T21:07:31,378087928,389996228,1947728,0.49,1253096,12093020,51711452,12.82,4719928,9480468,1240,882692,1476776,9920,13020,268664
2024-01-19T21:07:36,378079012,389988080,1955412,0.5,1253108,12093764,51507624,12.77,4719960,9482004,2596,883480,1477252,9952,12840,268744
2024-01-19T21:07:41,378055848,389965824,1977644,0.5,1253112,12094656,51715356,12.82,4720044,9487916,2344,888556,1477288,9952,13100,268728
2024-01-19T21:07:46,378046204,389956448,1987068,0.5,1253112,12094904,51306828,12.72,4720044,9490572,1304,891048,1477260,9920,13116,268712
2024-01-19T21:07:51,378072156,389983404,1959724,0.5,1253112,12095904,51610888,12.8,4720148,9485208,1264,884724,1477652,9920,13108,268696
2024-01-19T21:07:56,378065052,389977468,1965512,0.5,1253112,12097024,51611800,12.8,4720192,9489184,3068,887624,1477848,9920,13112,268744
2024-01-19T21:08:01,378084172,389996912,1946116,0.49,1253116,12097300,51508404,12.77,4720268,9484992,2348,883368,1477844,9904,13064,268712
2024-01-19T21:08:06,378110704,390025052,1917932,0.49,1253124,12098820,47705236,11.83,4720320,9453172,1600,850036,1477968,9904,12512,268680
2024-01-19T21:08:11,378077480,389991864,1951156,0.49,1253124,12098868,51611012,12.8,4720396,9490724,1480,887624,1477920,9904,13388,268664
2024-01-19T21:08:16,378075436,389990796,1951960,0.49,1253124,12099736,51512272,12.77,4720456,9494636,2920,890236,1478292,9904,13112,268680
2024-01-19T21:08:21,378072916,389988732,1954064,0.49,1253128,12100192,51337936,12.73,4720484,9490368,352,885992,1478248,9904,13072,268632
2024-01-19T21:08:26,378071360,389987960,1954740,0.5,1253132,12100964,51403972,12.75,4720568,9488940,1780,883816,1478352,9904,12988,268680
2024-01-19T21:08:31,378077808,389995504,1947408,0.49,1253136,12102036,51610040,12.8,4720648,9490364,1916,884312,1478160,9920,13084,268680
2024-01-19T21:08:36,378080748,389999404,1943484,0.49,1253144,12102988,51412612,12.75,4720720,9495216,3284,888352,1478184,9936,13204,268720
2024-01-19T21:08:41,378091912,390010816,1932088,0.49,1253156,12103228,51507424,12.77,4720752,9491204,276,884084,1478164,9904,13000,268664
2024-01-19T21:08:46,378098700,390018660,1924044,0.49,1253164,12104252,51714488,12.82,4720836,9495508,1916,887372,1478388,9904,13072,268744
2024-01-19T21:08:51,378123064,390044644,1898604,0.48,1253176,12105872,47506136,11.78,4720920,9464652,1636,854944,1477832,9920,12252,268696
2024-01-19T21:08:56,378084432,390006216,1937140,0.49,1253180,12106032,51508544,12.77,4720988,9496092,2744,886232,1477764,9872,13040,268616
2024-01-19T21:09:01,378072688,389995128,1948876,0.49,1253180,12106664,51508020,12.77,4721024,9496788,3708,886392,1477140,9904,13084,268680
2024-01-19T21:09:06,378078120,390001500,1942588,0.49,1253184,12107588,51403752,12.75,4721128,9493712,2352,882600,1477068,9904,12940,268680
2024-01-19T21:09:11,378042036,389966712,1977520,0.5,1253192,12108800,51722040,12.83,4721204,9503864,3520,891220,1477000,9984,13308,268728
2024-01-19T21:09:16,378072604,389997780,1946540,0.49,1253196,12109288,47912116,11.88,4721208,9467364,432,854468,1476920,9904,12500,268744
2024-01-19T21:09:21,378050336,389976164,1967980,0.5,1253200,12109940,51510804,12.77,4721296,9502280,2112,888872,1477092,9920,13112,268744
2024-01-19T21:09:26,378069800,389996640,1947440,0.49,1253208,12110912,51510284,12.77,4721380,9501036,1940,886364,1477188,9920,13072,268744
2024-01-19T21:09:31,378062308,389989736,1954108,0.49,1253212,12111516,51302224,12.72,4721440,9498400,3320,883624,1477404,9920,13056,268680
2024-01-19T21:09:36,378059816,389988184,1955976,0.5,1253220,12112396,51614644,12.8,4721520,9506920,2564,891200,1477140,9920,13116,268648
2024-01-19T21:09:41,378058336,389987544,1956236,0.5,1253228,12113232,51509800,12.77,4721576,9503008,3512,886656,1477516,9920,13084,268632
2024-01-19T21:09:46,378065564,389996544,1947288,0.49,1253232,12114976,51520764,12.78,4721632,9515916,4028,897812,1477488,9952,13308,268656
2024-01-19T21:09:51,378065948,389996532,1947276,0.49,1253236,12114624,51512964,12.77,4721708,9506444,3580,888764,1477464,9952,13216,268688
2024-01-19T21:09:56,378062256,389993328,1950432,0.49,1253244,12115100,51514896,12.78,4721748,9510776,2908,892668,1477516,9936,13188,268720
2024-01-19T21:10:01,378085720,390017716,1925616,0.49,1253252,12115988,48594924,12.05,4721844,9504492,1964,885576,1477972,9936,12992,268720
2024-01-19T21:10:06,378129304,390063688,1879860,0.48,1253256,12118348,43706148,10.84,4721884,9447640,1832,826368,1477780,9888,12028,268632
2024-01-19T21:10:11,378062460,389996324,1947556,0.49,1253260,12117792,51408380,12.75,4721984,9507896,3304,887196,1477480,9840,13004,268584
2024-01-19T21:10:16,378066636,390001368,1942384,0.49,1253272,12118668,51404632,12.75,4722052,9504364,2704,883004,1477588,9872,13076,268632
2024-01-19T21:10:21,378071300,390006468,1937016,0.49,1253276,12119148,51408924,12.75,4722084,9511528,3504,889640,1477808,9888,13064,268648
2024-01-19T21:10:26,378065364,390001208,1942336,0.49,1253284,12119852,48492980,12.03,4722172,9508936,2356,886348,1477712,9888,12988,268600
2024-01-19T21:10:31,378043020,389979932,1963872,0.5,1253288,12120876,51616156,12.8,4722252,9512024,3372,888612,1477492,9920,13156,268672
2024-01-19T21:10:36,378054784,389992544,1951268,0.49,1253296,12121712,51407456,12.75,4722340,9509644,2356,885388,1477488,9888,13044,268600
2024-01-19T21:10:41,378076788,390015364,1928680,0.49,1253304,12122500,51305104,12.72,4722396,9514188,2524,889272,1477276,9872,13024,268584
2024-01-19T21:10:46,378066652,390005748,1938512,0.49,1253316,12122984,51611448,12.8,4722452,9510896,2436,885492,1477084,9904,13068,268680
2024-01-19T21:10:51,378041868,389981832,1961772,0.5,1253324,12123832,51712100,12.82,4722532,9511392,2692,885260,1477752,9904,13092,268680
2024-01-19T21:10:56,378049368,389990832,1952448,0.49,1253344,12125272,44896020,11.13,4722620,9480612,2456,852984,1478116,9904,12500,268680
2024-01-19T21:11:01,378016808,389958400,1985236,0.5,1253348,12125408,51508164,12.77,4722680,9513896,2692,886300,1477748,9904,13088,268632
2024-01-19T21:11:06,378012656,389955028,1988064,0.5,1253356,12126172,51409996,12.75,4722744,9513620,3540,885316,1478300,9936,13188,268640
2024-01-19T21:11:11,378065636,390009528,1933816,0.49,1253360,12127684,47718340,11.83,4722816,9489824,2780,860124,1478052,9984,12832,268664
2024-01-19T21:11:16,378047676,389991364,1951508,0.49,1253360,12127396,48492300,12.03,4722848,9501076,3332,871496,1478608,9936,12884,268568
2024-01-19T21:11:21,378041684,389986332,1956792,0.5,1253360,12128364,51511288,12.77,4722928,9517340,2640,886960,1478348,9920,13056,268552
2024-01-19T21:11:26,378033380,389979152,1964236,0.5,1253364,12129444,51410032,12.75,4723020,9519084,3576,887908,1478124,9984,13216,268640
2024-01-19T21:11:31,378022956,389969580,1973956,0.5,1253368,12130300,51610420,12.8,4723088,9516676,1108,884628,1477968,9936,13080,268584
2024-01-19T21:11:36,378026180,389973948,1970068,0.5,1253372,12131300,51510356,12.77,4723136,9523244,2800,890072,1477628,9904,13124,268632
2024-01-19T21:11:41,378029208,389977548,1966660,0.5,1253376,12131868,51410756,12.75,4723224,9520544,2344,886864,1477436,9904,13100,268680
2024-01-19T21:11:46,378036532,389986108,1958104,0.5,1253388,12132944,51509748,12.77,4723308,9522956,3436,888356,1477580,9904,13092,268680
2024-01-19T21:11:51,378032772,389982864,1961552,0.5,1253392,12133416,51718220,12.83,4723352,9527356,2648,892312,1477416,9888,13080,268616
2024-01-19T21:11:56,378023268,389974804,1969472,0.5,1253392,12134856,51619848,12.8,4723420,9531268,4060,894744,1477560,9920,13244,268672
2024-01-19T21:12:01,378019696,389971464,1973052,0.5,1253396,12135044,51618348,12.8,4723480,9527628,2752,891172,1477360,9920,13228,268640
2024-01-19T21:12:06,378005452,389958040,1986056,0.5,1253404,12135872,51612732,12.8,4723544,9526116,1760,888884,1477764,9888,13120,268616
2024-01-19T21:12:11,378022008,389975644,1968000,0.5,1253412,12136888,51410160,12.75,4723656,9524068,1640,885964,1478240,9920,13212,268592
2024-01-19T21:12:16,378018284,389972728,1971192,0.5,1253424,12137716,51511736,12.77,4723668,9530296,3332,891348,1477932,9888,13140,268616
2024-01-19T21:12:21,378010928,389965628,1978532,0.5,1253428,12137920,51411456,12.75,4723732,9529280,552,890096,1477740,9920,13188,268656
2024-01-19T21:12:26,378030152,389986524,1957400,0.5,1253432,12139560,47607452,11.81,4723764,9497544,1200,856780,1478004,9856,12576,268568
2024-01-19T21:12:31,378004200,389960424,1983672,0.5,1253440,12139396,51204224,12.7,4723856,9527032,976,886580,1477840,9888,13060,268648
2024-01-19T21:12:36,377997024,389953956,1990248,0.5,1253444,12140092,51612052,12.8,4723920,9530808,1936,889140,1477740,9888,13108,268600
2024-01-19T21:12:41,378049668,390008012,1935796,0.49,1253448,12141560,48018048,11.91,4723992,9498612,1168,855952,1478076,9872,12520,268600
2024-01-19T21:12:46,378006064,389964568,1979264,0.5,1253448,12141732,51613164,12.8,4724076,9531624,1540,888904,1478040,9888,13076,268584
2024-01-19T21:12:51,377994136,389953264,1990556,0.5,1253448,12142328,51508336,12.77,4724104,9529632,1272,886300,1478080,9888,13068,268664
2024-01-19T21:12:56,378032856,389992984,1950792,0.49,1253452,12143340,48591128,12.05,4724160,9511372,1080,867216,1478108,9872,12884,268600
2024-01-19T21:13:01,378004108,389964888,1979160,0.5,1253460,12144072,51826528,12.85,4724268,9536624,2812,891844,1477748,9952,13288,268664
2024-01-19T21:13:06,377990316,389951788,1991960,0.5,1253464,12144752,51516660,12.78,4724328,9536944,2612,891484,1478056,9920,13204,268656
2024-01-19T21:13:11,378014480,389976604,1966876,0.5,1253468,12145284,48730012,12.08,4724368,9531740,3476,885748,1478440,9904,12968,268648
2024-01-19T21:13:16,378021348,389984600,1958796,0.5,1253468,12146404,51512580,12.77,4724416,9538660,3416,891560,1478532,9904,13116,268616
2024-01-19T21:13:21,378023940,389987924,1954588,0.5,1253480,12147080,51510112,12.77,4724508,9534952,3576,887320,1479460,9920,13076,268664
2024-01-19T21:13:26,378045924,390010812,1931900,0.49,1253480,12147988,51711504,12.82,4724584,9532300,2540,883992,1479256,9920,13064,268648
2024-01-19T21:13:31,378041696,390006868,1935960,0.49,1253484,12148228,51306524,12.72,4724596,9537240,3592,888568,1479180,9936,13060,268712
2024-01-19T21:13:36,378030908,389996912,1946204,0.49,1253492,12149044,51509440,12.77,4724648,9535676,1004,886232,1478900,9936,13044,268680
2024-01-19T21:13:41,378044828,390011916,1931492,0.49,1253500,12150032,48696496,12.08,4724756,9520156,2048,869852,1478696,9936,12716,268680
2024-01-19T21:13:46,378007992,389975992,1967420,0.5,1253504,12150948,51610728,12.8,4724836,9537084,2076,885932,1478684,9920,13108,268632
2024-01-19T21:13:51,378002684,389971140,1972460,0.5,1253504,12151396,51301960,12.72,4724864,9534392,1396,882800,1478504,9920,13044,268632
2024-01-19T21:13:56,378032496,390002340,1941204,0.49,1253508,12152808,47604608,11.81,4724928,9502552,648,849592,1478532,9920,12412,268648
2024-01-19T21:14:01,378056316,390028244,1915032,0.48,1253516,12154816,41103116,10.19,4724976,9462000,2044,806992,1478868,9984,12124,268760
2024-01-19T21:14:06,377991376,389962464,1981084,0.5,1253520,12153960,51514440,12.77,4725084,9542640,2044,888720,1478608,9968,13224,268736
2024-01-19T21:14:11,377987832,389959624,1983908,0.5,1253524,12154600,51715580,12.82,4725120,9544508,3020,890060,1478684,9904,12932,268776
2024-01-19T21:14:16,378008612,389981596,1962404,0.5,1253536,12155764,51410004,12.75,4725204,9544012,2072,888448,1478232,9936,13192,268712
2024-01-19T21:14:21,378004492,389977976,1965852,0.5,1253540,12156260,51580684,12.79,4725288,9545052,1912,889068,1478404,9952,13220,268656
2024-01-19T21:14:26,377999072,389973328,1970856,0.5,1253548,12157008,48697716,12.08,4725348,9527176,2088,870464,1478064,9936,12788,268584
2024-01-19T21:14:31,377978696,389953708,1990432,0.5,1253556,12157724,51514760,12.77,4725412,9546520,1684,889124,1478140,9968,13180,268608
2024-01-19T21:14:36,377968948,389944452,1999716,0.51,1253564,12158204,51412800,12.75,4725452,9549476,1732,891092,1478116,9984,13208,268704
2024-01-19T21:14:41,377973080,389949288,1994804,0.51,1253568,12158876,51818764,12.85,4725516,9548580,792,890084,1478220,9984,13188,268680
2024-01-19T21:14:46,377998560,389976840,1967712,0.5,1253576,12160932,47707592,11.83,4725628,9514688,2788,853656,1477768,9952,12544,268648
2024-01-19T21:14:51,377982212,389960244,1984440,0.5,1253576,12160640,51613428,12.8,4725668,9549068,1808,888824,1477680,9952,13072,268648
2024-01-19T21:14:56,377990020,389968564,1976204,0.5,1253588,12161144,51507136,12.77,4725712,9547012,1508,886468,1477592,9968,13108,268600
2024-01-19T21:15:01,378007536,389987744,1956756,0.5,1253592,12162780,51608736,12.8,4725864,9545068,2108,882516,1477884,9984,13088,268664
2024-01-19T21:15:06,378005724,389986436,1957684,0.5,1253596,12163232,51519768,12.78,4725900,9554252,1500,891836,1478312,10048,13416,268752
2024-01-19T21:15:11,378018928,390000636,1943636,0.49,1253600,12164244,51513632,12.77,4725920,9554924,1496,891992,1478140,9952,13116,268664
2024-01-19T21:15:16,378052612,390034716,1909488,0.48,1253608,12164740,47713812,11.83,4725972,9519872,1536,856392,1478100,9984,12652,268752
2024-01-19T21:15:21,378018368,390001568,1942436,0.49,1253612,12165824,48695980,12.08,4726080,9551204,1444,886408,1478308,9984,13028,268680
2024-01-19T21:15:26,378007692,389991148,1952956,0.49,1253616,12166168,51513912,12.77,4726132,9555824,2664,890668,1478116,9968,13052,268744
2024-01-19T21:15:31,378018516,390002440,1941612,0.49,1253620,12166640,51206128,12.7,4726160,9555948,392,889808,1478160,9968,13072,268728
2024-01-19T21:15:36,378039236,390025092,1919000,0.49,1253632,12168616,47705948,11.83,4726260,9520676,1828,853056,1478064,9984,12568,268680
2024-01-19T21:15:41,378016016,390001940,1942456,0.49,1253636,12168692,51406660,12.75,4726352,9552812,1660,886336,1477748,9984,13080,268712
2024-01-19T21:15:46,378027320,390013628,1930532,0.49,1253648,12169392,51713608,12.82,4726404,9554604,3192,886360,1477656,9984,13088,268728
2024-01-19T21:15:51,378025424,390011980,1932252,0.49,1253656,12169616,51414632,12.75,4726424,9560648,296,892272,1477600,10016,13196,268768
2024-01-19T21:15:56,378017416,390004824,1938908,0.49,1253668,12170456,51608336,12.8,4726496,9552756,1304,883856,1478100,10256,13480,268712
2024-01-19T21:16:01,378007280,389995784,1948144,0.49,1253668,12171548,51408380,12.75,4726620,9557636,1564,887576,1477908,10016,13188,268752
2024-01-19T21:16:06,378015900,390005160,1938800,0.49,1253672,12172260,51612512,12.8,4726676,9559576,2044,888780,1477916,9968,13112,268712
2024-01-19T21:16:11,378035968,390026380,1917464,0.49,1253672,12173412,47913576,11.88,4726680,9527704,1380,855688,1478032,9968,12524,268760
2024-01-19T21:16:16,377998452,389989124,1954304,0.49,1253676,12173672,45776600,11.35,4726820,9550216,1356,878048,1478444,9968,12760,268728
2024-01-19T21:16:21,377985632,389977696,1965736,0.5,1253680,12175060,51513160,12.77,4726852,9565064,3492,891700,1478440,10000,13112,268792
2024-01-19T21:16:26,378002516,389994608,1948692,0.49,1253684,12175088,51196540,12.7,4726884,9557732,424,884324,1478568,9968,13068,268760
2024-01-19T21:16:31,377989828,389982668,1960000,0.5,1253692,12176056,51610452,12.8,4726972,9558844,2340,884608,1478972,9968,13092,268712
2024-01-19T21:16:36,378033548,390027208,1915624,0.49,1253696,12176840,46847608,11.62,4727020,9529408,1760,854376,1478840,9984,12520,268704
2024-01-19T21:16:41,377991056,389985736,1957212,0.5,1253704,12177804,51513624,12.77,4727136,9566180,3520,889740,1478772,10000,13236,268704
2024-01-19T21:16:46,377983608,389978780,1964212,0.5,1253708,12178284,51203972,12.7,4727176,9564788,424,888852,1478736,10032,13228,268672
2024-01-19T21:16:51,377984184,389980092,1962908,0.5,1253712,12178996,51298660,12.72,4727248,9556460,2016,879392,1478748,9952,12964,268776
2024-01-19T21:16:56,377979204,389975884,1967060,0.5,1253716,12179784,48289368,11.98,4727272,9564868,1824,887116,1478784,9984,13072,268768
2024-01-19T21:17:01,377980608,389978312,1965068,0.5,1253728,12180780,51712672,12.82,4727380,9564700,3304,886060,1478364,9968,13128,268776
2024-01-19T21:17:06,377974568,389973268,1970284,0.5,1253732,12181728,51614256,12.8,4727428,9570044,1148,890392,1478236,9952,13104,268744
2024-01-19T21:17:11,377994156,389993196,1950084,0.49,1253744,12182036,48698460,12.08,4727488,9548964,2140,869144,1478528,10016,12860,268768
2024-01-19T21:17:16,377963008,389963112,1980372,0.5,1253752,12183080,51609336,12.8,4727604,9564348,2024,883548,1478336,9984,13060,268776
2024-01-19T21:17:21,377951608,389952028,1991360,0.5,1253768,12183484,48695552,12.08,4727624,9550776,3412,869688,1478328,9984,12852,268816
2024-01-19T21:17:26,377971436,389972932,1970588,0.5,1253772,12184508,51301660,12.72,4727688,9569160,1020,886964,1478244,9968,12968,268792
2024-01-19T21:17:31,377980260,389982148,1961496,0.5,1253772,12184892,51612548,12.8,4727748,9571920,2244,889524,1478128,9968,13112,268712
2024-01-19T21:17:36,377989840,389992656,1950876,0.49,1253776,12185792,51411700,12.75,4727844,9574924,2120,891680,1478264,10000,13236,268752
2024-01-19T21:17:41,377976276,389979800,1963364,0.5,1253780,12186468,51409756,12.75,4727888,9573228,3260,889788,1478660,9952,12792,268696
2024-01-19T21:17:46,377975864,389979820,1963948,0.5,1253784,12186892,51207000,12.7,4727916,9574248,580,889868,1478060,10000,13212,268736
2024-01-19T21:17:51,378040000,390046008,1897380,0.48,1253792,12188944,47708180,11.83,4728028,9541284,1620,855120,1478432,9936,12496,268648
2024-01-19T21:17:56,377994016,390000008,1943916,0.49,1253800,12188852,51724144,12.83,4728100,9581556,3416,895356,1477964,9984,13296,268776
2024-01-19T21:18:01,377996572,390003104,1940676,0.49,1253808,12189372,51609808,12.8,4728148,9572568,936,885928,1478120,9968,12972,268728
2024-01-19T21:18:06,378020308,390028240,1915580,0.49,1253816,12190708,44997440,11.16,4728168,9524408,1944,836408,1478136,9936,12280,268728
2024-01-19T21:18:11,377959696,389967984,1976440,0.5,1253820,12191084,51614012,12.8,4728300,9577576,2044,889496,1477508,10000,13048,268728
2024-01-19T21:18:16,377964944,389974208,1970236,0.5,1253824,12191992,51415376,12.75,4728328,9584808,3856,895772,1477552,10016,13244,268752
2024-01-19T21:18:21,377992500,390002284,1941996,0.49,1253832,12192480,51201644,12.7,4728408,9577436,2856,888112,1477740,9984,13076,268648
2024-01-19T21:18:26,377989200,389999788,1944196,0.49,1253840,12193268,51712304,12.82,4728480,9577688,3572,887692,1478044,9984,13176,268664
2024-01-19T21:18:31,377986960,389998336,1945704,0.49,1253840,12194012,51405440,12.75,4728544,9580096,2672,889276,1478032,9952,13100,268664
2024-01-19T21:18:36,377978124,389990172,1953352,0.49,1253848,12194692,48796952,12.1,4728620,9576788,1552,885368,1478532,9968,13016,268696
2024-01-19T21:18:41,377969632,389982828,1960988,0.5,1253848,12195832,51309984,12.72,4728672,9585044,1924,892568,1478248,9984,13252,268768
2024-01-19T21:18:46,377987012,390000332,1943336,0.49,1253852,12195960,51309312,12.72,4728700,9583464,1336,890824,1478388,10000,13216,268704
2024-01-19T21:18:51,377963100,389977360,1965916,0.5,1253860,12196880,51715024,12.82,4728788,9582648,840,889120,1478792,9952,13060,268616
2024-01-19T21:18:56,377960740,389976024,1966916,0.5,1253864,12197900,51545728,12.78,4728872,9584256,2408,889928,1479128,9984,13200,268640
2024-01-19T21:19:01,377965072,389981236,1961964,0.5,1253868,12198756,51509464,12.77,4728928,9582776,2268,888076,1478888,9952,13080,268600
2024-01-19T21:19:06,377964136,389980872,1962056,0.5,1253868,12199308,51617516,12.8,4728984,9587316,1332,891672,1479180,10000,13240,268624
2024-01-19T21:19:11,377989368,390006460,1936260,0.49,1253872,12199668,51610544,12.8,4728996,9586520,540,890360,1479380,9936,13060,268648
2024-01-19T21:19:16,377982536,390001176,1941548,0.49,1253880,12201236,51412140,12.75,4729092,9591380,2808,893872,1479348,9968,13296,268704
2024-01-19T21:19:21,377978244,389997352,1945116,0.49,1253880,12201632,51514468,12.77,4729180,9590668,2216,892840,1479676,9968,13300,268672
2024-01-19T21:19:26,377978028,389997632,1944620,0.49,1253880,12202176,51404896,12.75,4729204,9586472,3300,888028,1479844,10032,12736,268648
2024-01-19T21:19:31,378024212,390044968,1897796,0.48,1253888,12203336,47915044,11.88,4729208,9558860,224,859352,1479316,9920,12580,268632
2024-01-19T21:19:36,378006236,390028552,1914556,0.48,1253892,12204856,48792792,12.1,4729380,9582236,2364,871828,1479008,9968,13280,268608
2024-01-19T21:19:41,377995308,390017716,1925684,0.49,1253896,12204916,51412148,12.75,4729452,9591776,3600,890860,1478744,9984,13212,268704
2024-01-19T21:19:46,377996520,390019164,1924164,0.49,1253904,12205152,51720632,12.83,4729456,9594312,512,893148,1478808,9968,13204,268704
2024-01-19T21:19:51,378010536,390034364,1909148,0.48,1253912,12206324,51204984,12.7,4729508,9594656,2220,892348,1478628,9920,13160,268696
2024-01-19T21:19:56,378002516,390027148,1916124,0.49,1253912,12207152,51508120,12.77,4729656,9588612,2088,885656,1478844,9920,12964,268648
2024-01-19T21:20:01,378001576,390027132,1915972,0.49,1253912,12208044,51611500,12.8,4729700,9594020,1224,890176,1479044,9936,13124,268680
2024-01-19T21:20:06,377992516,390018572,1924520,0.49,1253912,12208540,51611384,12.8,4729732,9592960,820,888704,1479060,9936,13096,268648
2024-01-19T21:20:11,378008684,390036696,1906676,0.48,1253916,12210404,51306104,12.72,4729772,9601132,2444,894980,1478868,9920,13184,268664
2024-01-19T21:20:16,378011600,390040484,1903720,0.48,1253920,12211216,47812332,11.86,4729904,9564064,1608,857396,1478092,9936,12524,268568
2024-01-19T21:20:21,377988092,390016860,1927080,0.49,1253928,12211020,51305992,12.72,4729952,9596008,1168,889468,1478428,9968,13184,268656
2024-01-19T21:20:26,378005716,390034984,1909280,0.48,1253932,12211484,48590044,12.05,4729972,9575988,812,868868,1478136,9952,12720,268648
2024-01-19T21:20:31,377984776,390015708,1927960,0.49,1253940,12213016,51611368,12.8,4730120,9594392,2832,886144,1478856,9984,13244,268688
2024-01-19T21:20:36,377969512,390001292,1943012,0.49,1253940,12213848,51519544,12.78,4730200,9604172,2580,895076,1478236,10000,13396,268712
2024-01-19T21:20:41,377943948,389976208,1967764,0.5,1253952,12214220,51508296,12.77,4730188,9599636,1580,890156,1478664,9936,13100,268712
2024-01-19T21:20:46,377972732,390006176,1937772,0.49,1253960,12215380,51519000,12.78,4730216,9609628,1636,899044,1478704,9968,13296,268720
2024-01-19T21:20:51,378017744,390052576,1891208,0.48,1253968,12216712,47606444,11.81,4730328,9569968,2892,858164,1478916,9936,12720,268696
2024-01-19T21:20:56,377996636,390031500,1911888,0.48,1253972,12216700,51404636,12.75,4730436,9599716,2244,888156,1479352,9904,13100,268680
2024-01-19T21:21:01,378005892,390041496,1902184,0.48,1253972,12217348,51614444,12.8,4730472,9603792,3308,891344,1479152,9936,13112,268664
2024-01-19T21:21:06,378001404,390037256,1906404,0.48,1253980,12217592,51610864,12.8,4730476,9602260,376,889644,1479168,9936,13104,268664
2024-01-19T21:21:11,378030904,390068800,1874920,0.47,1253988,12219560,47707496,11.83,4730516,9573148,1860,858488,1479176,10048,12688,268792
2024-01-19T21:21:16,377994316,390032276,1911160,0.48,1254000,12219584,51714856,12.82,4730716,9604292,2020,889912,1479488,9984,13176,268760
2024-01-19T21:21:21,377989236,390027808,1915776,0.49,1254008,12220184,51508848,12.77,4730744,9606292,2292,891380,1479344,9968,13188,268720
2024-01-19T21:21:26,377993948,390032900,1910540,0.48,1254008,12220448,51614200,12.8,4730744,9606472,1688,891160,1479604,9936,13132,268728
2024-01-19T21:21:31,377990380,390030064,1913476,0.48,1254012,12221144,51407708,12.75,4730808,9606320,1092,890416,1479536,9936,13108,268696
2024-01-19T21:21:36,378004652,390045848,1898172,0.48,1254016,12222604,51505324,12.77,4730944,9603780,3052,886580,1479104,9952,13124,268680
2024-01-19T21:21:41,378000204,390041900,1902204,0.48,1254016,12223088,51615200,12.8,4730984,9611272,2672,893596,1479036,9936,13108,268728
2024-01-19T21:21:46,377991568,390033932,1910112,0.48,1254024,12223600,51406876,12.75,4731020,9607812,3612,889540,1479244,9936,13096,268680
2024-01-19T21:21:51,378018140,390061576,1881856,0.48,1254024,12224664,47711920,11.83,4731104,9573940,2300,854796,1479864,9984,12796,268712
2024-01-19T21:21:56,377999696,390044180,1899212,0.48,1254024,12225672,51307204,12.72,4731176,9612472,3576,892360,1479944,9952,13136,268696
2024-01-19T21:22:01,378006120,390051312,1892336,0.48,1254032,12226352,51404368,12.75,4731248,9606404,2480,885644,1479708,9984,13168,268664
2024-01-19T21:22:06,378001356,390047700,1896172,0.48,1254040,12227448,51307232,12.72,4731288,9612668,2004,890904,1479532,9968,13136,268760
2024-01-19T21:22:11,377985668,390032300,1911780,0.48,1254048,12227676,48901720,12.13,4731376,9611696,1284,889792,1479376,9968,13008,268728
2024-01-19T21:22:16,377996036,390044088,1900236,0.48,1254048,12229012,51098068,12.67,4731436,9609224,3104,886016,1479216,9968,12940,268696
2024-01-19T21:22:21,377992984,390041752,1902648,0.48,1254056,12229716,51504632,12.77,4731500,9605380,2316,881572,1479144,9968,12960,268712
2024-01-19T21:22:26,377983084,390032600,1911932,0.48,1254056,12230436,51202724,12.7,4731540,9613880,3868,889464,1479040,9984,13104,268776
2024-01-19T21:22:31,377977136,390027476,1917324,0.49,1254068,12231248,51408364,12.75,4731628,9611388,2456,886240,1478772,9984,13196,268768
2024-01-19T21:22:36,377974640,390025816,1918728,0.49,1254072,12231904,48902288,12.13,4731672,9596340,3420,870508,1479204,9968,12932,268704
2024-01-19T21:22:41,377995904,390048228,1896356,0.48,1254084,12233040,51611104,12.8,4731780,9614640,2444,887436,1479164,9968,13092,268664
2024-01-19T21:22:46,377991044,390044332,1900412,0.48,1254088,12233892,51513908,12.77,4731848,9618696,3544,890544,1479112,10000,13212,268768
2024-01-19T21:22:51,377984264,390038048,1906428,0.48,1254096,12234376,51306024,12.72,4731888,9615820,508,887704,1479384,9968,13080,268760
2024-01-19T21:22:56,377952160,390007012,1937264,0.49,1254100,12235388,48379676,12.0,4731924,9606632,2260,854296,1479636,10080,12616,268824
2024-01-19T21:23:01,377949108,390004256,1940224,0.49,1254108,12235696,51616204,12.8,4732012,9618492,1648,889288,1479412,10016,13232,268800
2024-01-19T21:23:06,377938380,389994516,1949876,0.49,1254116,12236660,51303092,12.72,4732108,9616864,2428,886664,1479516,9984,13132,268648
2024-01-19T21:23:11,377921392,389978400,1966060,0.5,1254124,12237544,48596972,12.05,4732192,9616948,3496,885520,1479428,10016,13144,268672
2024-01-19T21:23:16,377915900,389973376,1971192,0.5,1254128,12237988,51407952,12.75,4732212,9619336,508,887780,1479340,9984,13108,268632
2024-01-19T21:23:21,377934856,389993884,1950432,0.49,1254132,12239536,47610892,11.81,4732268,9589316,2088,856356,1479592,9968,12592,268720
2024-01-19T21:23:26,377933980,389993052,1951224,0.49,1254140,12239536,48797364,12.1,4732344,9599664,1864,866852,1479668,9968,12756,268680
2024-01-19T21:23:31,377932148,389993312,1950768,0.49,1254148,12241656,47711708,11.83,4732408,9592376,1392,857436,1479828,9984,12616,268776
2024-01-19T21:23:36,377907412,389967796,1976544,0.5,1254152,12240860,51509760,12.77,4732464,9621204,976,887116,1479580,10000,13112,268728
2024-01-19T21:23:41,377909476,389970764,1973404,0.5,1254160,12241780,51611336,12.8,4732552,9622828,2772,887944,1479728,9936,13048,268760
2024-01-19T21:23:46,377924564,389986140,1958188,0.5,1254168,12242036,51505608,12.77,4732588,9620192,1900,884944,1479592,10000,13044,268728
2024-01-19T21:23:51,377924824,389987708,1956652,0.5,1254172,12243320,51683876,12.82,4732412,9624636,3524,888060,1479580,10032,13228,268752
2024-01-19T21:23:56,377950824,390014256,1930296,0.49,1254176,12243848,48695108,12.08,4732452,9603392,2156,866340,1479404,9984,12760,268696
2024-01-19T21:24:01,377941488,390005796,1938924,0.49,1254176,12244700,51200856,12.7,4732504,9625064,1576,887132,1479260,10016,13096,268776
2024-01-19T21:24:06,377944244,390009196,1935532,0.49,1254188,12245332,51509908,12.77,4732528,9628356,892,889716,1479252,9984,13108,268744
2024-01-19T21:24:11,377903056,389969320,1975176,0.5,1254196,12246608,51412108,12.75,4732640,9629160,2716,889536,1479512,10032,13252,268720
2024-01-19T21:24:16,377937700,390004304,1940336,0.49,1254208,12246876,48591792,12.05,4732712,9615104,1876,875188,1479428,10000,12964,268728
2024-01-19T21:24:21,377921720,389988828,1956016,0.5,1254216,12247384,51506900,12.77,4732768,9626212,2264,885744,1479212,10016,13040,268808
2024-01-19T21:24:26,377927984,389995760,1949208,0.49,1254228,12248028,51405712,12.75,4732812,9626628,608,885652,1479100,10000,13096,268760
2024-01-19T21:24:31,377929760,389998408,1946580,0.49,1254236,12248916,51407888,12.75,4732892,9628084,1376,886364,1479056,10000,13120,268744
2024-01-19T21:24:36,377913740,389983376,1961560,0.5,1254248,12249840,51514100,12.77,4733008,9631280,1936,888696,1479160,10064,13252,268776
2024-01-19T21:24:41,377925208,389995440,1949512,0.49,1254252,12250412,51409488,12.75,4733020,9633372,2228,890180,1479164,10096,13060,268792
2024-01-19T21:24:46,377902656,389973636,1971212,0.5,1254260,12251132,51301836,12.72,4733092,9627952,2920,884120,1479288,10032,13132,268808
2024-01-19T21:24:51,377928764,390000860,1943988,0.49,1254264,12252288,51714116,12.82,4733172,9632020,2916,887212,1479244,10000,13164,268800
2024-01-19T21:24:56,377918812,389991516,1953324,0.49,1254268,12252988,51614268,12.8,4733256,9633576,3644,888080,1479156,9984,13116,268808
2024-01-19T21:25:01,377909740,389982900,1961924,0.5,1254268,12253448,51722036,12.83,4733288,9640092,680,894156,1479168,10016,13240,268832
2024-01-19T21:25:06,377898024,389973036,1971656,0.5,1254276,12255280,51515204,12.78,4733336,9642836,2644,894964,1479312,9968,13192,268840
2024-01-19T21:25:11,377895704,389970672,1973916,0.5,1254280,12255192,51610580,12.8,4733440,9634176,2012,886748,1479456,10016,13144,268744
2024-01-19T21:25:16,377919364,389995592,1948772,0.49,1254284,12256432,47713988,11.83,4733480,9606180,2664,856760,1479696,10000,12672,268816
2024-01-19T21:25:21,377901612,389977772,1966544,0.5,1254292,12256352,51718328,12.83,4733528,9638348,2660,889752,1479748,10016,13204,268832
2024-01-19T21:25:26,377918292,389995960,1948192,0.49,1254296,12257796,47714672,11.83,4733604,9606500,1320,856368,1479972,10000,12688,268800
2024-01-19T21:25:31,377880072,389957608,1986340,0.5,1254308,12257620,51410424,12.75,4733652,9640248,1364,889988,1480208,10000,13248,268768
2024-01-19T21:25:36,377887096,389965680,1977912,0.5,1254308,12258632,51411324,12.75,4733728,9637980,1168,887172,1480600,10016,13256,268784
2024-01-19T21:25:41,377869908,389949544,1994000,0.5,1254312,12259672,51303672,12.72,4733784,9639656,1624,887924,1480656,9984,13168,268728
2024-01-19T21:25:46,377854628,389934836,2008224,0.51,1254320,12260260,51300352,12.72,4733872,9637896,2940,885128,1481116,9936,13100,268712
2024-01-19T21:25:51,377874680,389955144,1987896,0.5,1254324,12260480,51419596,12.75,4733900,9646804,388,894416,1481168,10048,13384,268752
2024-01-19T21:25:56,377865200,389946528,1996500,0.51,1254328,12261328,48596688,12.05,4733924,9625072,1384,871712,1481192,10000,12680,268784
2024-01-19T21:26:01,377886048,389968368,1975168,0.5,1254344,12262264,51711504,12.82,4734068,9638592,1668,884484,1480724,9984,13100,268728
2024-01-19T21:26:06,377889660,389973096,1970652,0.5,1254352,12263324,51303900,12.72,4734136,9642000,3408,886980,1480560,9984,13100,268744
2024-01-19T21:26:11,377908524,389992248,1951508,0.49,1254356,12263588,48695280,12.08,4734148,9623420,148,868004,1480572,9936,12680,268664
2024-01-19T21:26:16,377903556,389988976,1954908,0.5,1254360,12265204,51513096,12.77,4734216,9649744,2056,892860,1480520,9984,13220,268760
2024-01-19T21:26:21,377917512,390003400,1940428,0.49,1254360,12265644,51413492,12.75,4734304,9649476,1884,892260,1480604,9984,13280,268704
2024-01-19T21:26:26,377901112,389987196,1956460,0.5,1254364,12265828,51509796,12.77,4734356,9646868,1160,889460,1480784,9984,13220,268696
2024-01-19T21:26:31,377926512,390013688,1930108,0.49,1254368,12266872,48593264,12.05,4734404,9629308,1208,870924,1480688,9968,12848,268664
2024-01-19T21:26:36,377904456,389992332,1951504,0.49,1254372,12267576,51304668,12.72,4734452,9648772,820,889680,1480640,9920,13116,268632
2024-01-19T21:26:41,377911816,390000624,1943408,0.49,1254380,12268464,48591684,12.05,4734592,9643104,2280,883296,1480480,9936,13032,268680
2024-01-19T21:26:46,377900612,389990104,1953928,0.49,1254384,12269144,51514716,12.77,4734636,9649988,2220,889548,1480480,9968,13248,268688
2024-01-19T21:26:51,377882308,389972636,1971320,0.5,1254388,12269880,51713384,12.82,4734700,9649548,3748,888552,1480652,9952,13212,268696
2024-01-19T21:26:56,377882796,389973976,1969468,0.5,1254388,12270740,51407604,12.75,4734772,9647596,2540,885816,1481156,9968,13220,268672
2024-01-19T21:27:01,377902408,389994432,1949188,0.49,1254392,12271564,51711500,12.82,4734848,9646548,2852,884016,1480996,9952,13064,268728
2024-01-19T21:27:06,377898388,389990996,1952764,0.49,1254404,12272096,51335768,12.73,4734884,9650072,2576,886868,1480896,9952,13120,268744
2024-01-19T21:27:11,377916660,390010712,1932864,0.49,1254412,12273472,47821444,11.86,4734928,9625720,1368,861276,1481140,9984,12792,268712
2024-01-19T21:27:16,377995568,390091920,1851504,0.47,1254420,12275760,40314744,10.0,4734992,9557300,936,790556,1481296,9920,11520,268632
2024-01-19T21:27:21,377906272,390001692,1941236,0.49,1254424,12274732,51610364,12.8,4735124,9652440,3068,886916,1481884,9920,13116,268696
2024-01-19T21:27:26,377884320,389980000,1962912,0.5,1254428,12274996,51619696,12.8,4735148,9658596,372,892788,1481892,9984,13308,268744
2024-01-19T21:27:31,377907944,390005220,1938100,0.49,1254436,12276524,47603128,11.8,4735192,9619360,1736,852032,1481544,9936,12536,268648
2024-01-19T21:27:36,377869044,389966652,1976588,0.5,1254436,12276948,51102252,12.67,4735264,9660104,448,892376,1481532,9968,13176,268680
2024-01-19T21:27:41,377875372,389973508,1969580,0.5,1254444,12277488,51405348,12.75,4735376,9652728,2104,884604,1481664,9936,13024,268632
2024-01-19T21:27:46,377873868,389972616,1970424,0.5,1254444,12278120,51199808,12.7,4735404,9653492,1576,884812,1481692,9936,13084,268664
2024-01-19T21:27:51,377882292,389981948,1960820,0.5,1254448,12278996,51406968,12.75,4735472,9658652,3288,889032,1481992,9952,13192,268744
2024-01-19T21:27:56,377876960,389977324,1965360,0.5,1254456,12279696,51310236,12.72,4735548,9663524,996,893476,1482076,9968,13276,268736
2024-01-19T21:28:01,377927428,390028932,1913928,0.48,1254460,12280936,47707704,11.83,4735612,9623460,2436,852124,1481796,9904,12560,268632
2024-01-19T21:28:06,377900012,390002128,1940652,0.49,1254464,12281536,51615772,12.8,4735684,9660852,2368,889096,1481884,9952,13220,268672
2024-01-19T21:28:11,377938776,390042192,1900628,0.48,1254464,12282792,47812392,11.86,4735716,9629580,3040,856460,1481888,9904,12564,268632
2024-01-19T21:28:16,377942072,390046564,1896272,0.48,1254472,12283860,47710232,11.83,4735832,9629768,2344,855672,1481872,9920,12608,268632
2024-01-19T21:28:21,377908272,390012780,1930004,0.49,1254480,12283852,51407328,12.75,4735908,9661360,2572,887320,1481940,9952,13240,268592
2024-01-19T21:28:26,377900568,390005804,1936796,0.49,1254488,12284552,51622200,12.8,4735928,9669664,4296,895092,1482144,9984,13388,268664
2024-01-19T21:28:31,377940048,390046768,1895576,0.48,1254492,12285984,48022024,11.91,4736036,9633480,1424,857492,1482448,9920,12696,268576
2024-01-19T21:28:36,377916332,390023452,1918628,0.49,1254500,12286380,51611580,12.8,4736124,9663136,3128,886936,1482708,9904,13096,268696
2024-01-19T21:28:41,377915532,390023172,1919048,0.49,1254504,12286836,51611276,12.8,4736160,9664792,2364,888084,1482628,9952,13136,268712
2024-01-19T21:28:46,377963112,390071384,1870852,0.47,1254508,12287456,44996764,11.16,4736164,9613812,1364,835848,1482620,9888,12164,268664
2024-01-19T21:28:51,377903372,390012836,1929440,0.49,1254516,12288624,51723344,12.83,4736320,9670148,1840,891824,1482596,9968,13372,268744
2024-01-19T21:28:56,377901168,390011436,1930600,0.49,1254520,12289432,51608020,12.8,4736376,9664036,3364,884940,1482828,9920,13132,268712
2024-01-19T21:29:01,377894144,390004908,1937460,0.49,1254528,12289892,51406420,12.75,4736412,9669512,588,889788,1482524,9888,13116,268680
2024-01-19T21:29:06,377883248,389994316,1948224,0.49,1254532,12290176,51307056,12.72,4736440,9667840,1896,887968,1482368,9920,13144,268752
2024-01-19T21:29:11,377873596,389986184,1956360,0.5,1254540,12291656,51614004,12.8,4736548,9671680,2172,890496,1482396,9920,13200,268696
2024-01-19T21:29:16,377884484,389997812,1944492,0.49,1254548,12292384,51608980,12.8,4736652,9666460,3200,884696,1482640,9904,13072,268696
2024-01-19T21:29:21,377881960,389995748,1946540,0.49,1254560,12292844,51509400,12.77,4736680,9671860,2608,889540,1482644,9888,13136,268712
2024-01-19T21:29:26,377894044,390008592,1933864,0.49,1254564,12293532,51713472,12.82,4736736,9670104,1780,887332,1482544,9904,13128,268712
2024-01-19T21:29:31,377904024,390019484,1922936,0.49,1254568,12294412,51609524,12.8,4736816,9670324,1592,886516,1482608,9904,13156,268728
2024-01-19T21:29:36,377921892,390038404,1903756,0.48,1254568,12295456,51617608,12.8,4736876,9677828,3528,893220,1482876,9968,13312,268720
2024-01-19T21:29:41,377924480,390041304,1901412,0.48,1254572,12295720,51407092,12.75,4736904,9673724,2576,888736,1482364,9952,13156,268696
2024-01-19T21:29:46,377923408,390040648,1901960,0.48,1254576,12296188,51304960,12.72,4736944,9673436,1492,888072,1482416,9936,13144,268728
2024-01-19T21:29:51,377919880,390038612,1904032,0.48,1254584,12297636,51517324,12.78,4737100,9679372,1732,892704,1482416,9984,13304,268712
2024-01-19T21:29:56,377923184,390042436,1899652,0.48,1254588,12298112,51614080,12.8,4737124,9677284,3124,890276,1483012,9984,13276,268720
2024-01-19T21:30:01,377918216,390038032,1904352,0.48,1254600,12298652,51410296,12.75,4737168,9677900,260,890304,1482728,9968,13220,268704
2024-01-19T21:30:06,377931328,390052324,1890340,0.48,1254608,12299804,51408720,12.75,4737244,9680328,1436,891552,1482468,9920,13156,268648
2024-01-19T21:30:11,377939452,390061104,1881376,0.48,1254620,12300384,51510268,12.77,4737320,9677164,2508,888052,1482716,9920,13120,268680
2024-01-19T21:30:16,377928004,390050616,1892812,0.48,1254628,12301316,51710808,12.82,4737420,9674672,2364,884560,1481788,9920,13132,268664
2024-01-19T21:30:21,377938956,390061896,1881584,0.48,1254640,12301552,48696500,12.08,4737448,9661932,1356,871648,1481816,9952,12840,268664
2024-01-19T21:30:26,377922836,390046532,1896856,0.48,1254648,12302352,51714728,12.82,4737500,9679656,380,888176,1481856,9952,13148,268648
2024-01-19T21:30:31,377949772,390074340,1868664,0.47,1254656,12303240,48795100,12.1,4737600,9658724,2032,867360,1482216,9920,12740,268648
2024-01-19T21:30:36,377935736,390061020,1881948,0.48,1254656,12303952,51410208,12.75,4737660,9682548,1868,890140,1482256,9920,13108,268648
2024-01-19T21:30:41,377920196,390046328,1896588,0.48,1254664,12304776,51412856,12.75,4737732,9684952,3392,891692,1482324,9984,13272,268640
2024-01-19T21:30:46,377943608,390070020,1872892,0.47,1254672,12305052,48593620,12.05,4737752,9680060,348,886400,1482324,9920,13000,268632
2024-01-19T21:30:51,377913496,390041512,1901704,0.48,1254676,12306636,51411928,12.75,4737900,9682540,2888,887620,1482036,9920,13084,268680
2024-01-19T21:30:56,377923340,390051628,1891516,0.48,1254680,12306892,51509468,12.77,4737936,9681812,416,886536,1482120,9920,13204,268672
2024-01-19T21:31:01,377914432,390043420,1899844,0.48,1254704,12307548,51715704,12.82,4737996,9684268,1220,888456,1482020,9904,13140,268720
2024-01-19T21:31:06,377915996,390045696,1897700,0.48,1254704,12308244,51614808,12.8,4738056,9683984,988,887560,1481904,9968,13216,268656
2024-01-19T21:31:11,377904900,390035872,1907076,0.48,1254708,12309504,51514112,12.77,4738088,9688604,2736,890964,1482360,9952,13296,268704
2024-01-19T21:31:16,377886148,390017404,1925596,0.49,1254716,12309724,51511228,12.77,4738204,9685536,1212,887816,1482364,9952,13264,268656
2024-01-19T21:31:21,377872832,390004836,1938160,0.49,1254716,12310468,51514924,12.78,4738236,9690336,2744,891760,1482372,9952,13228,268736
2024-01-19T21:31:26,377878312,390011044,1931820,0.49,1254716,12311196,48694884,12.08,4738316,9684844,972,885592,1482504,9952,13100,268680
2024-01-19T21:31:31,377861524,389995412,1947860,0.49,1254720,12312288,51305336,12.72,4738376,9687292,2736,887204,1482156,9936,13128,268680
2024-01-19T21:31:36,377890492,390025520,1917760,0.49,1254728,12313392,44893220,11.13,4738416,9651532,484,850220,1482176,9936,12424,268632
2024-01-19T21:31:41,377857272,389992796,1949976,0.49,1254728,12313848,51304288,12.72,4738500,9686864,2492,885240,1482724,9952,13164,268744
2024-01-19T21:31:46,377894156,390031196,1911548,0.48,1254740,12315296,47710980,11.83,4738588,9659816,2076,856776,1482808,10000,12840,268720
2024-01-19T21:31:51,377863548,390000276,1942412,0.49,1254740,12314984,51615072,12.8,4738604,9694592,2456,892068,1482864,9968,13212,268672
2024-01-19T21:31:56,377841996,389979932,1962876,0.5,1254748,12316168,51619644,12.8,4738728,9695620,2636,891432,1482760,9968,13224,268688
2024-01-19T21:32:01,377850336,389989048,1953496,0.49,1254748,12316948,51415240,12.75,4738788,9697904,2156,893568,1483020,9984,13364,268648
2024-01-19T21:32:06,377856448,389995664,1946844,0.49,1254752,12317420,51614248,12.8,4738820,9696536,3636,891676,1483084,9952,13192,268632
2024-01-19T21:32:11,377852192,389992328,1950380,0.49,1254756,12318348,51714236,12.82,4738852,9696096,1208,890288,1482872,9936,13188,268600
2024-01-19T21:32:16,377872748,390013644,1929448,0.49,1254760,12319156,51511144,12.77,4738968,9695212,2736,888676,1482436,9936,13116,268616
2024-01-19T21:32:21,377887928,390029520,1913400,0.48,1254772,12319848,51611664,12.8,4739024,9694736,2236,887696,1482600,9936,13132,268616
2024-01-19T21:32:26,377931156,390074016,1869156,0.47,1254776,12321096,48019500,11.91,4739076,9666164,2120,857736,1482364,9984,12808,268736
2024-01-19T21:32:31,377900504,390043792,1899328,0.48,1254780,12321548,51507980,12.77,4739132,9696176,1080,887504,1482388,9952,13168,268632
2024-01-19T21:32:36,377904992,390048804,1894376,0.48,1254784,12322088,51407928,12.75,4739220,9699768,2420,890464,1482308,9952,13120,268664
2024-01-19T21:32:41,377909176,390053932,1889116,0.48,1254784,12323040,51305088,12.72,4739272,9698592,2292,888452,1482432,9952,13148,268696
2024-01-19T21:32:46,377901488,390046812,1895780,0.48,1254788,12323628,51713196,12.82,4739332,9698608,1628,888056,1482864,9952,13128,268680
2024-01-19T21:32:51,377896048,390042132,1900696,0.48,1254800,12324316,51725272,12.83,4739416,9706096,1044,894936,1482688,10016,13388,268760
2024-01-19T21:32:56,377893964,390041056,1902100,0.48,1254808,12325240,51414024,12.75,4739504,9704284,2204,892332,1482436,9984,13252,268704
2024-01-19T21:33:01,377894376,390041948,1901192,0.48,1254812,12325692,51511776,12.77,4739536,9703404,528,890940,1482476,9952,13116,268696
2024-01-19T21:33:06,377888888,390037312,1905704,0.48,1254820,12326544,51411888,12.75,4739604,9704352,1848,891020,1482592,10000,13248,268784
2024-01-19T21:33:11,377882300,390031348,1911560,0.48,1254832,12327164,51508620,12.77,4739652,9699620,1380,885712,1482692,9968,13088,268696
2024-01-19T21:33:16,377895652,390045688,1897512,0.48,1254836,12328272,48592436,12.05,4739740,9681028,3172,866236,1482276,9952,12544,268824
2024-01-19T21:33:21,377861204,390012516,1930736,0.49,1254836,12329504,51304408,12.72,4739792,9705448,732,889392,1482268,9968,13108,268792
2024-01-19T21:33:26,377863508,390015020,1928548,0.49,1254836,12329692,51509592,12.77,4739872,9704228,2232,888064,1481964,9952,13132,268792
2024-01-19T21:33:31,377880612,390032840,1910512,0.48,1254844,12330392,51407028,12.75,4739932,9706904,704,889976,1482188,9952,13096,268792
2024-01-19T21:33:36,377875076,390027992,1914944,0.48,1254844,12331084,51610500,12.8,4739984,9704112,344,886212,1482600,9920,13036,268712
2024-01-19T21:33:41,377863596,390017368,1925524,0.49,1254848,12331916,51407828,12.75,4740060,9707556,100,888852,1482664,9952,13160,268776
2024-01-19T21:33:46,377864336,390018572,1924176,0.49,1254856,12332392,51515992,12.78,4740092,9713640,944,895004,1482788,9984,13252,268784
2024-01-19T21:33:51,377867596,390023032,1919452,0.49,1254868,12333600,51614068,12.8,4740220,9706864,3032,887116,1483032,10000,13296,268720
2024-01-19T21:33:56,377899224,390055960,1886576,0.48,1254872,12334892,47707224,11.83,4740260,9675684,1112,854716,1482984,9936,12660,268696
2024-01-19T21:34:01,377874016,390031092,1911480,0.48,1254876,12335188,51409980,12.75,4740348,9710620,2392,889476,1482988,9968,13252,268704
2024-01-19T21:34:06,377877956,390035288,1907396,0.48,1254880,12335460,48597816,12.05,4740372,9709060,580,887636,1482856,10000,13220,268728
2024-01-19T21:34:11,377888956,390047560,1895176,0.48,1254884,12336708,51612440,12.8,4740468,9711324,2496,888660,1482824,9936,13124,268680
2024-01-19T21:34:16,377895116,390054192,1888436,0.48,1254892,12337188,51612852,12.8,4740496,9712264,288,888568,1482916,9936,13104,268664
2024-01-19T21:34:21,377894420,390054164,1888608,0.48,1254896,12337860,51611388,12.8,4740572,9711420,1832,887644,1482764,9968,13136,268744
2024-01-19T21:34:26,377888680,390049104,1893736,0.48,1254904,12338540,51508016,12.77,4740624,9714120,260,889732,1482688,9968,13120,268680
2024-01-19T21:34:31,377887552,390048648,1894232,0.48,1254908,12339460,51407332,12.75,4740668,9716404,1544,891176,1482396,9936,13124,268680
2024-01-19T21:34:36,377892036,390053500,1889316,0.48,1254912,12339828,51299824,12.72,4740744,9708940,940,883376,1482456,9936,13020,268680
2024-01-19T21:34:41,377883660,390046088,1897180,0.48,1254916,12340888,51611452,12.8,4740840,9714608,2004,888176,1481904,9952,13152,268696
2024-01-19T21:34:46,377873936,390037036,1905804,0.48,1254920,12341584,51505836,12.77,4740892,9713772,2420,886676,1482304,9920,13112,268744
2024-01-19T21:34:51,377886368,390050540,1891768,0.48,1254924,12343040,47709484,11.83,4740940,9686236,3300,857696,1482448,9904,12556,268680
2024-01-19T21:34:56,377843520,390007696,1934564,0.49,1254932,12342976,51305200,12.72,4741008,9716148,968,887908,1482556,9952,13196,268656
2024-01-19T21:35:01,377846984,390012188,1929576,0.49,1254932,12343972,51304832,12.72,4741096,9713544,1940,884288,1483084,9984,13192,268688
2024-01-19T21:35:06,377838652,390004600,1937352,0.49,1254944,12344716,51513264,12.77,4741148,9718864,2284,888980,1482884,9952,13292,268640
2024-01-19T21:35:11,377862252,390028904,1913168,0.48,1254952,12345396,51405688,12.75,4741220,9719456,1172,888700,1482780,9920,13124,268664
2024-01-19T21:35:16,377882732,390050392,1891648,0.48,1254960,12346392,47814360,11.86,4741232,9690716,880,859052,1482816,9904,12588,268648
2024-01-19T21:35:21,377876916,390045164,1896796,0.48,1254960,12346916,48697700,12.08,4741340,9704628,1332,872984,1482960,9936,12996,268728
2024-01-19T21:35:26,377861732,390031024,1911160,0.48,1254968,12348020,51506120,12.77,4741460,9719312,2552,886132,1482668,9936,13124,268696
2024-01-19T21:35:31,377858972,390028620,1913588,0.48,1254972,12348356,51306532,12.72,4741468,9721172,2520,887800,1482660,9904,13068,268600
2024-01-19T21:35:36,377873040,390043300,1899212,0.48,1254976,12348996,51505716,12.77,4741520,9719864,1320,885904,1482324,9952,13100,268728
2024-01-19T21:35:41,377858536,390030056,1912820,0.48,1254984,12350236,51308148,12.72,4741600,9730504,1872,895324,1481972,9952,13160,268712
2024-01-19T21:35:46,377856936,390028980,1913740,0.48,1254984,12350776,51518592,12.78,4741684,9729156,2868,893604,1482112,9936,13184,268656
2024-01-19T21:35:51,377852408,390025432,1917156,0.49,1254984,12351736,51506460,12.77,4741744,9723284,2572,886748,1482264,9968,13180,268632
2024-01-19T21:35:56,377838912,390012568,1930012,0.49,1254984,12352400,51403964,12.75,4741768,9723252,1024,885972,1482240,9952,13156,268632
2024-01-19T21:36:01,377856896,390031916,1910808,0.48,1255000,12353712,47779956,11.85,4741824,9697180,1028,858632,1482132,9952,12704,268632
2024-01-19T21:36:06,377866648,390042200,1899820,0.48,1255004,12354232,47816176,11.86,4741912,9696808,1608,857956,1482844,9968,12700,268736
2024-01-19T21:36:11,377829852,390006200,1936016,0.49,1255012,12354980,51508912,12.77,4741972,9727460,1120,887776,1482688,9936,13156,268680
2024-01-19T21:36:16,377816936,389993644,1948484,0.49,1255016,12355324,51824576,12.85,4742032,9733548,676,893800,1482788,9984,13252,268768
2024-01-19T21:36:21,377816988,389995448,1946936,0.49,1255020,12357068,51615740,12.8,4742064,9736308,1532,894728,1482536,9952,13200,268648
2024-01-19T21:36:26,377824888,390003028,1939508,0.49,1255028,12356728,51513048,12.77,4742168,9730056,688,888856,1482396,9984,13288,268704
2024-01-19T21:36:31,377847028,390025632,1916724,0.49,1255028,12357192,48488736,12.02,4742192,9708032,568,866512,1482576,9952,12748,268648
2024-01-19T21:36:36,377829864,390009800,1932372,0.49,1255028,12358472,51200728,12.7,4742292,9729160,1612,886484,1482812,9952,13132,268712
2024-01-19T21:36:41,377818336,389998652,1943728,0.49,1255028,12358860,51716624,12.83,4742316,9734160,288,891136,1482596,9952,13132,268696
2024-01-19T21:36:46,377812620,389994328,1948172,0.49,1255032,12360240,51310380,12.72,4742352,9739100,1312,894656,1482484,10000,13364,268768
2024-01-19T21:36:51,377818592,390000628,1942424,0.49,1255044,12360548,51415564,12.75,4742424,9742240,692,897028,1481940,10000,13320,268704
2024-01-19T21:36:56,377805908,389988780,1954012,0.49,1255048,12361344,51616960,12.8,4742552,9738448,2724,893148,1482236,10032,13320,268688
2024-01-19T21:37:01,377808120,389991272,1951532,0.49,1255052,12361612,51510936,12.77,4742588,9734432,792,888868,1482232,10048,13228,268672
2024-01-19T21:37:06,377799032,389983484,1959764,0.5,1255056,12362888,51410860,12.75,4742620,9736524,2332,889680,1481808,10064,13392,268752
2024-01-19T21:37:11,377843932,390029496,1913388,0.48,1255060,12363996,47606520,11.81,4742700,9703520,772,855228,1482172,9984,12544,268728
2024-01-19T21:37:16,377807868,389993684,1949208,0.49,1255064,12364240,51611836,12.8,4742792,9736364,1848,888328,1482168,9968,13184,268672
2024-01-19T21:37:21,377804324,389990796,1952028,0.49,1255072,12364884,51510700,12.77,4742856,9737132,728,888960,1482240,9952,13100,268664
2024-01-19T21:37:26,377868076,390055728,1887116,0.48,1255072,12366052,47502244,11.78,4742868,9704760,396,854884,1482232,9952,12536,268664
2024-01-19T21:37:31,377806052,389994100,1948912,0.49,1255072,12366396,51509360,12.77,4742968,9737040,1588,887040,1482116,9936,13112,268712
2024-01-19T21:37:36,377791640,389980428,1962928,0.5,1255072,12367124,51610668,12.8,4743036,9737820,2112,886656,1481784,9936,13136,268696
2024-01-19T21:37:41,377796232,389985884,1957420,0.5,1255084,12367960,51303568,12.72,4743088,9739240,2632,887648,1481852,9936,13132,268696
2024-01-19T21:37:46,377799272,389989172,1953876,0.49,1255092,12368196,48491148,12.03,4743120,9738196,420,886436,1482112,9952,13108,268704
2024-01-19T21:37:51,377773232,389964656,1978212,0.5,1255104,12369716,51618248,12.8,4743232,9746928,1804,893944,1482284,9952,13276,268656
2024-01-19T21:37:56,377794952,389987212,1955572,0.5,1255112,12370516,51512040,12.77,4743312,9746364,2536,892460,1482396,9920,13192,268600
2024-01-19T21:38:01,377802776,389995240,1947016,0.49,1255116,12370732,51406980,12.75,4743336,9744500,232,889912,1482908,9904,13144,268664
2024-01-19T21:38:06,377807048,390000032,1942096,0.49,1255116,12371240,51509212,12.77,4743392,9740968,804,886496,1483048,9904,13020,268584
2024-01-19T21:38:11,377782180,389976292,1965284,0.5,1255116,12372328,51618536,12.8,4743488,9750768,1816,895132,1483640,9952,13232,268640
2024-01-19T21:38:16,377763808,389959208,1982536,0.5,1255116,12373616,51100832,12.67,4743548,9747328,332,890536,1483472,9952,13280,268640
2024-01-19T21:38:21,377764216,389959780,1982004,0.5,1255116,12373948,51618144,12.8,4743576,9750168,1096,892712,1483264,9936,13280,268672
2024-01-19T21:38:26,377793912,389990204,1951816,0.49,1255120,12374572,51409412,12.75,4743660,9746048,1140,888372,1483128,9904,13112,268712
2024-01-19T21:38:31,377811356,390008540,1933428,0.49,1255124,12375408,51197100,12.7,4743736,9739528,1680,881124,1483232,9904,12960,268616
2024-01-19T21:38:36,377806092,390004476,1937584,0.49,1255124,12376596,51308120,12.72,4743780,9749984,2628,890456,1483152,9904,13156,268648
2024-01-19T21:38:41,377820648,390019828,1922392,0.49,1255124,12377380,51614924,12.8,4743856,9750532,4116,890356,1483004,9936,13288,268688
2024-01-19T21:38:46,377837468,390037220,1905140,0.48,1255136,12377928,51511152,12.77,4743948,9751076,2752,890388,1482876,9904,13108,268632
2024-01-19T21:38:51,377823556,390024036,1918636,0.49,1255140,12378624,51406772,12.75,4743988,9751444,3692,890072,1482592,9904,13144,268664
2024-01-19T21:38:56,377831212,390032180,1910708,0.48,1255152,12379088,51509836,12.77,4744036,9749528,920,887716,1482388,9904,13112,268632
2024-01-19T21:39:01,377811320,390013948,1928532,0.49,1255160,12380716,51510552,12.77,4744144,9755072,2296,891708,1482820,9872,13136,268568
2024-01-19T21:39:06,377803520,390006852,1935788,0.49,1255172,12381344,51719100,12.83,4744260,9756296,2728,892472,1482724,9952,13260,268720
2024-01-19T21:39:11,377802776,390006392,1936480,0.49,1255180,12381616,51409056,12.75,4744268,9755992,644,891472,1482496,9952,13272,268720
2024-01-19T21:39:16,377811416,390015848,1926864,0.49,1255184,12382352,51303520,12.72,4744344,9751544,1076,886760,1482732,9936,13032,268648
2024-01-19T21:39:21,377811260,390017232,1925624,0.49,1255188,12383880,51410276,12.75,4744444,9758232,2304,892268,1482596,9936,13164,268648
2024-01-19T21:39:26,377801012,390007452,1934884,0.49,1255196,12384312,51617944,12.8,4744512,9759048,2772,892468,1483144,9952,13232,268672
2024-01-19T21:39:31,377814836,390021752,1920604,0.49,1255200,12384800,51615856,12.8,4744536,9760872,708,893804,1483108,9920,13148,268616
2024-01-19T21:39:36,377827116,390035100,1907012,0.48,1255204,12385856,51717456,12.83,4744624,9759540,1624,891548,1483360,9936,13136,268584
2024-01-19T21:39:41,377820884,390030008,1912064,0.48,1255208,12386968,51316068,12.73,4744756,9760568,1364,891596,1483424,10000,13384,268568
2024-01-19T21:39:46,377806368,390015768,1926632,0.49,1255212,12387232,51613764,12.8,4744756,9759376,1688,890088,1483104,9936,13168,268632
2024-01-19T21:39:51,377808336,390018244,1924064,0.49,1255216,12387700,51610332,12.8,4744788,9756864,344,887100,1483232,9952,13180,268648
2024-01-19T21:39:56,377799512,390010500,1931716,0.49,1255224,12388784,51613288,12.8,4744876,9761164,1272,890476,1483312,9952,13196,268696
2024-01-19T21:40:01,377814480,390026604,1916004,0.49,1255236,12389896,51610724,12.8,4744996,9758624,2152,887028,1482932,9952,13168,268632
2024-01-19T21:40:06,377797476,390010112,1932868,0.49,1255240,12390388,51610676,12.8,4745036,9759264,388,887108,1482576,9952,13128,268616
2024-01-19T21:40:11,377826328,390039948,1903036,0.48,1255244,12391364,47709156,11.83,4745044,9731060,1008,857948,1482576,9952,12700,268648
2024-01-19T21:40:16,377804704,390018996,1923516,0.49,1255244,12391996,48694888,12.08,4745172,9758364,1564,884708,1483088,9936,13032,268728
2024-01-19T21:40:21,377822780,390037988,1904740,0.48,1255252,12392884,51406720,12.75,4745252,9763140,2208,888720,1482892,9936,13136,268712
2024-01-19T21:40:26,377817496,390033316,1908972,0.48,1255256,12393508,51410816,12.75,4745280,9766948,2448,892028,1483316,10000,13364,268792
2024-01-19T21:40:31,377830688,390047888,1894664,0.48,1255268,12394876,51723312,12.83,4745376,9771244,3380,895156,1483052,9968,13280,268752
2024-01-19T21:40:36,377812344,390029912,1912648,0.48,1255272,12395156,48691264,12.07,4745432,9741796,1744,865348,1483128,9936,12736,268648
2024-01-19T21:40:41,377791048,390009120,1933448,0.49,1255280,12395644,51515764,12.78,4745480,9770780,1320,893816,1483128,9968,13220,268672
2024-01-19T21:40:46,377780824,390000068,1942756,0.49,1255288,12396832,51613716,12.8,4745556,9769788,2456,891772,1482848,9888,13096,268568
2024-01-19T21:40:51,377758788,389978652,1964336,0.5,1255296,12397332,51510112,12.77,4745632,9768088,2508,889428,1482796,9920,13092,268664
2024-01-19T21:40:56,377753364,389974200,1969056,0.5,1255300,12398288,51411056,12.75,4745724,9769304,2616,889804,1482540,9920,13156,268616
2024-01-19T21:41:01,377745820,389967436,1976260,0.5,1255320,12398960,48597164,12.05,4745760,9757724,768,877560,1482188,9920,12832,268600
2024-01-19T21:41:06,377756272,389978876,1964224,0.5,1255328,12399956,51611664,12.8,4745880,9768636,1620,887684,1482768,9920,13124,268600
2024-01-19T21:41:11,377756584,389980140,1963000,0.5,1255332,12400968,51409092,12.75,4745932,9774972,2436,892952,1482664,9920,13184,268664
2024-01-19T21:41:16,377772564,389996372,1946292,0.49,1255336,12401212,51506252,12.77,4745980,9770032,520,887952,1483144,9920,13124,268616
2024-01-19T21:41:21,377781652,390006096,1936172,0.49,1255348,12401836,51507292,12.77,4746024,9770684,972,887964,1483540,9904,13132,268632
2024-01-19T21:41:26,377772256,389997732,1945264,0.49,1255352,12402848,51403112,12.75,4746168,9767176,1832,883632,1482828,9904,13040,268616
2024-01-19T21:41:31,377759432,389985756,1956776,0.5,1255364,12403688,51511344,12.77,4746212,9775600,220,891148,1483288,9920,13140,268648
2024-01-19T21:41:36,377749224,389976016,1966656,0.5,1255364,12404156,51427684,12.75,4746260,9784432,788,899784,1483148,10064,13688,268696
2024-01-19T21:41:41,377735616,389962752,1979952,0.5,1255364,12404476,51733588,12.83,4746000,9784112,404,898760,1483140,10080,13732,268832
2024-01-19T21:41:46,377766708,389995792,1946908,0.49,1255368,12406384,47930496,11.89,4746116,9750464,1500,863320,1483180,10032,13044,268648
2024-01-19T21:41:51,377744360,389973776,1969136,0.5,1255372,12406656,51823136,12.85,4746196,9779028,2268,891696,1483024,9984,13408,268696
2024-01-19T21:41:56,377729360,389959044,1984024,0.5,1255380,12406932,51524952,12.78,4746200,9784340,2656,896628,1482852,9984,13408,268672
2024-01-19T21:42:01,377722752,389953612,1989132,0.5,1255384,12408048,51529388,12.78,4746264,9787572,1284,899036,1483232,10048,13616,268696
2024-01-19T21:42:06,377708564,389940444,2002560,0.51,1255388,12408992,51726532,12.83,4746380,9782860,1956,893468,1483044,10032,13568,268704
2024-01-19T21:42:11,377695752,389928460,2014268,0.51,1255396,12409688,51628580,12.8,4746460,9786988,2544,896880,1483444,10048,13648,268776
2024-01-19T21:42:16,377713520,389946716,1995792,0.51,1255408,12410164,51526880,12.78,4746500,9787316,2540,896832,1483664,10048,13652,268728
2024-01-19T21:42:21,377710240,389943896,1997964,0.51,1255416,12410556,51317460,12.73,4746524,9784136,252,893300,1484372,10048,13608,268808
2024-01-19T21:42:26,377752176,389988220,1953624,0.49,1255428,12412936,43923940,10.89,4746616,9722616,1696,829420,1484384,10048,12440,268760
2024-01-19T21:42:31,377710012,389945964,1996160,0.51,1255432,12412700,51524392,12.78,4746716,9788916,3624,895932,1484244,10032,13488,268784
2024-01-19T21:42:36,377716024,389952420,1989620,0.5,1255436,12413152,51732916,12.83,4746752,9790680,3072,897556,1484316,10096,13736,268816
2024-01-19T21:42:41,377742684,389979580,1962428,0.5,1255440,12413616,51513756,12.77,4746772,9783752,1008,889848,1484380,9936,13200,268608
2024-01-19T21:42:46,377740240,389978064,1964340,0.5,1255448,12414460,51403136,12.75,4746852,9779128,1704,884592,1484060,9936,13124,268616
2024-01-19T21:42:51,377734780,389973484,1968872,0.5,1255452,12415320,51507368,12.77,4746924,9781124,2056,885768,1484124,9936,13132,268632
2024-01-19T21:42:56,377733484,389972652,1969448,0.5,1255460,12415792,51412772,12.75,4746968,9790244,936,893968,1484364,9968,13216,268704
2024-01-19T21:43:01,377746844,389986912,1955556,0.5,1255464,12416672,48909788,12.13,4747060,9782804,1572,886304,1484012,10000,13088,268696
2024-01-19T21:43:06,377751320,389992436,1950004,0.49,1255476,12417564,51612372,12.8,4747124,9787196,2396,890252,1484184,9936,13160,268680
2024-01-19T21:43:11,377741852,389983432,1959120,0.5,1255476,12418020,51609668,12.8,4747156,9784136,2436,886312,1484080,9936,13140,268664
2024-01-19T21:43:16,377756744,390000116,1942436,0.49,1255484,12419732,47811776,11.86,4747256,9755028,1960,855628,1484152,9904,12564,268584
2024-01-19T21:43:21,377724036,389967336,1975100,0.5,1255484,12419624,51404556,12.75,4747308,9785344,2564,885892,1484304,9920,13144,268568
2024-01-19T21:43:26,377725184,389969388,1972964,0.5,1255496,12420464,51508792,12.77,4747364,9786900,2556,886392,1484440,9920,13120,268600
2024-01-19T21:43:31,377739056,389984008,1958668,0.5,1255496,12421180,51407156,12.75,4747420,9788752,768,887560,1484148,9920,13116,268584
2024-01-19T21:43:36,377730108,389976380,1965908,0.5,1255496,12422420,51658780,12.81,4747572,9794900,1740,893028,1484616,10080,13204,268864
2024-01-19T21:43:41,377736032,389983324,1958952,0.5,1255496,12423424,51561616,12.79,4747592,9803560,2744,900708,1484644,10080,13376,268880
2024-01-19T21:43:46,377724064,389971640,1970732,0.5,1255500,12423676,51558988,12.79,4747648,9800428,376,897336,1484576,10080,13376,268928
2024-01-19T21:43:51,377728572,389977136,1965228,0.5,1255504,12424668,51556800,12.79,4747708,9800284,1152,896228,1484576,10048,13372,268880
2024-01-19T21:43:56,377721540,389970700,1971608,0.5,1255512,12425176,51556296,12.79,4747772,9800772,2368,896312,1484712,10048,13352,268912
2024-01-19T21:44:01,377728476,389978508,1964040,0.5,1255512,12426036,51863832,12.86,4747852,9800616,2096,895440,1484484,10048,13348,268896
2024-01-19T21:44:06,377731196,389982296,1960068,0.5,1255512,12427000,51456576,12.76,4747888,9804924,2016,898852,1484772,10048,13380,268928
2024-01-19T21:44:11,377755412,390006980,1935436,0.49,1255516,12427476,51351688,12.73,4747968,9797600,1508,891128,1484708,10048,13348,268912
2024-01-19T21:44:16,377783500,390036324,1906084,0.48,1255516,12428588,51449936,12.76,4748052,9797696,2956,890044,1484860,10048,12832,268912
2024-01-19T21:44:21,377792452,390045748,1896660,0.48,1255516,12429012,51562916,12.79,4748096,9806888,2644,899016,1484908,10080,13428,268936
2024-01-19T21:44:26,377785244,390039464,1903112,0.48,1255520,12429928,51463060,12.76,4748124,9811700,3336,902864,1484744,10048,13420,268920
2024-01-19T21:44:31,377815328,390069852,1872464,0.47,1255528,12430128,48740304,12.09,4748188,9800176,348,891056,1485100,10048,12928,268912
2024-01-19T21:44:36,377849816,390105420,1837172,0.47,1255532,12431176,43982476,10.91,4748252,9740732,1128,830712,1484852,9984,12204,268864
2024-01-19T21:44:41,377783024,390039496,1903184,0.48,1255540,12432140,51556044,12.79,4748332,9806704,740,895796,1484660,10032,13264,268896
2024-01-19T21:44:46,377775176,390031896,1910576,0.48,1255544,12432388,51248160,12.71,4748380,9806796,996,895632,1484864,10032,13312,268880
2024-01-19T21:44:51,377756676,390014276,1928128,0.49,1255548,12433228,51556572,12.79,4748444,9807112,1564,895308,1484968,10016,13332,268832
2024-01-19T21:44:56,377778328,390036756,1905412,0.48,1255556,12434072,45963236,11.4,4748536,9782900,1684,870320,1485180,10016,12600,268816
2024-01-19T21:45:01,377743116,390002444,1939964,0.49,1255560,12435072,51559016,12.79,4748620,9810484,212,896960,1484836,10032,13332,268816
2024-01-19T21:45:06,377740756,390000880,1941824,0.49,1255568,12435828,51661068,12.81,4748676,9811280,944,896956,1484572,10032,13340,268832
2024-01-19T21:45:11,377724228,389985400,1957436,0.5,1255572,12436848,51562752,12.79,4748728,9819400,40,904012,1484464,10048,13360,268864
2024-01-19T21:45:16,377750472,390012184,1930788,0.49,1255580,12437352,51557288,12.79,4748820,9811252,1248,895544,1484356,10048,13356,268816
2024-01-19T21:45:21,377740924,390003628,1939112,0.49,1255588,12438352,51045196,12.66,4748860,9814724,1784,898040,1484572,10096,13388,268864
2024-01-19T21:45:26,377761988,390025912,1917116,0.49,1255588,12439548,51457184,12.76,4748972,9815572,2000,897764,1484308,10064,13388,268848
2024-01-19T21:45:31,377747424,390011344,1931464,0.49,1255596,12439556,51657428,12.81,4749008,9812668,2928,894920,1484508,10064,13336,268816
2024-01-19T21:45:36,377750756,390015396,1927408,0.49,1255600,12440236,51557892,12.79,4749068,9814924,1048,896616,1484548,10064,13352,268928
2024-01-19T21:45:41,377793228,390060008,1882216,0.48,1255604,12442348,43960848,10.9,4749100,9753308,1744,833000,1485152,10080,12324,268968
2024-01-19T21:45:46,377729400,389996092,1945796,0.49,1255604,12442200,51558972,12.79,4749244,9818072,2200,897868,1485548,10064,13328,268960
2024-01-19T21:45:51,377721128,389988340,1953460,0.49,1255608,12442680,51559656,12.79,4749272,9818944,3288,898356,1485672,10064,13364,268992
2024-01-19T21:45:56,377729508,389997224,1944680,0.49,1255616,12443160,51559448,12.79,4749312,9818112,784,897148,1485584,10064,13340,268976
2024-01-19T21:46:01,377757896,390027232,1915332,0.49,1255632,12444732,45144912,11.2,4749384,9763740,2140,841184,1484956,10064,12236,268928
2024-01-19T21:46:06,377690708,389960932,1981676,0.5,1255640,12445576,51662512,12.81,4749512,9821716,2612,898436,1484948,10080,13360,268960
2024-01-19T21:46:11,377693692,389963936,1978748,0.5,1255644,12445604,51659064,12.81,4749528,9818948,2736,895652,1484860,10048,13256,268912
2024-01-19T21:46:16,377695652,389966436,1976472,0.5,1255652,12446092,51350036,12.73,4749600,9815496,616,891788,1484680,10080,13232,268912
2024-01-19T21:46:21,377724852,389997320,1945664,0.49,1255656,12447748,47758652,11.84,4749664,9787900,1340,862708,1484628,10080,12784,268896
2024-01-19T21:46:26,377705188,389977724,1964764,0.5,1255668,12447796,51558756,12.79,4749736,9825152,1996,899764,1485132,10096,13312,268976
2024-01-19T21:46:31,377707664,389980688,1961768,0.5,1255676,12448292,51449800,12.76,4749788,9818652,432,892864,1485148,10080,13312,268912
2024-01-19T21:46:36,377750996,390025644,1916764,0.49,1255688,12449812,47960976,11.89,4749896,9789988,1340,862712,1485288,10064,12764,268880
2024-01-19T21:46:41,377708204,389983028,1959492,0.5,1255692,12450000,51455064,12.76,4749928,9825260,1644,897952,1485160,10080,13328,268864
2024-01-19T21:46:46,377718612,389994232,1948148,0.49,1255692,12450700,51660360,12.81,4749992,9825124,604,897160,1485396,10080,13336,268928
2024-01-19T21:46:51,377714168,389991020,1951236,0.49,1255696,12451896,51456952,12.76,4750024,9826908,1448,897868,1485552,10080,13364,268944
2024-01-19T21:46:56,377734152,390011372,1930480,0.49,1255708,12452260,51453632,12.76,4750168,9819604,1556,890080,1485948,10128,13208,269016
2024-01-19T21:47:01,377727436,390005524,1936280,0.49,1255708,12453132,51865536,12.86,4750204,9827640,956,897328,1485992,10096,13340,269024
2024-01-19T21:47:06,377741564,390020180,1921968,0.49,1255712,12453608,51556104,12.79,4750236,9826844,1624,896220,1485696,10096,13340,269024
2024-01-19T21:47:11,377771968,390051560,1890516,0.48,1255720,12454576,44942988,11.15,4750264,9792456,980,860952,1485768,10096,12744,269008
2024-01-19T21:47:16,377752432,390033140,1908756,0.48,1255724,12455692,51557436,12.79,4750440,9825988,3116,893560,1485944,10096,13312,268992
2024-01-19T21:47:21,377750728,390031776,1910152,0.48,1255732,12456000,51354872,12.74,4750452,9830868,2444,898048,1485936,10064,13336,268992
2024-01-19T21:47:26,377741204,390022608,1919508,0.49,1255736,12456380,51663224,12.81,4750456,9832020,1516,899280,1485720,10064,13344,268912
2024-01-19T21:47:31,377747584,390030184,1912136,0.48,1255748,12457536,51661596,12.81,4750572,9831972,1584,897720,1485544,10064,13332,268848
2024-01-19T21:47:36,377737608,390021128,1920648,0.49,1255756,12458428,51454632,12.76,4750664,9832300,2112,897256,1486108,10064,13336,268944
2024-01-19T21:47:41,377723936,390007964,1933976,0.49,1255768,12458916,51454916,12.76,4750716,9831512,576,895876,1485952,10064,13340,268928
2024-01-19T21:47:46,377700764,389985896,1955820,0.5,1255768,12459976,51459624,12.76,4750744,9838028,2368,901472,1486220,10064,13356,268944
2024-01-19T21:47:51,377717916,390003384,1938412,0.49,1255772,12460360,51455268,12.76,4750836,9835636,492,898808,1486088,10064,13336,268960
2024-01-19T21:47:56,377726208,390012740,1929296,0.49,1255772,12461368,51763936,12.84,4750924,9835560,1620,898304,1485904,10048,13276,268832
2024-01-19T21:48:01,377739240,390026272,1915664,0.49,1255780,12461848,51762688,12.84,4750968,9835136,1816,896796,1486016,10080,13352,268864
2024-01-19T21:48:06,377716560,390004288,1937756,0.49,1255784,12462536,51760976,12.84,4751024,9833276,340,893876,1485912,10080,13328,268816
2024-01-19T21:48:11,377770984,390060200,1882052,0.48,1255784,12464020,48066004,11.92,4751104,9804460,860,864124,1485708,10064,12676,268880
2024-01-19T21:48:16,377726680,390016232,1926076,0.49,1255788,12464364,51762064,12.84,4751200,9836196,1976,895716,1485640,10080,13332,268912
2024-01-19T21:48:21,377751448,390041488,1900960,0.48,1255796,12464832,51455868,12.76,4751228,9834128,248,893216,1485512,10112,13332,268936
2024-01-19T21:48:26,377738408,390028876,1913644,0.48,1255804,12465252,51664012,12.81,4751252,9841008,216,899168,1485440,10112,13440,268952
2024-01-19T21:48:31,377720144,390011876,1929976,0.49,1255816,12466500,48744756,12.09,4751368,9827456,1236,884588,1486112,10128,13264,269000
2024-01-19T21:48:36,377715284,390007804,1934500,0.49,1255820,12467224,51558512,12.79,4751460,9841396,1916,898216,1485720,10096,13248,268944
2024-01-19T21:48:41,377723048,390016316,1925808,0.49,1255824,12467976,51660156,12.81,4751488,9839040,2292,895148,1485892,10048,13304,268992
2024-01-19T21:48:46,377720088,390013932,1928524,0.49,1255828,12468548,51659088,12.81,4751520,9839300,376,894724,1485560,10048,13300,268976
2024-01-19T21:48:51,377694564,389989632,1953324,0.49,1255832,12469768,51456904,12.76,4751620,9842208,2512,896740,1485060,10048,13396,268928
2024-01-19T21:48:56,377761972,390057668,1885436,0.48,1255840,12470392,44939704,11.14,4751680,9788096,1876,841556,1484908,10032,12408,268864
2024-01-19T21:49:01,377708304,390004548,1938704,0.49,1255840,12470952,51662372,12.81,4751744,9844468,3384,897896,1484748,10048,13316,268880
2024-01-19T21:49:06,377687664,389984248,1958760,0.5,1255848,12471308,51352776,12.73,4751764,9842188,880,895252,1484968,10048,13332,268896
2024-01-19T21:49:11,377698580,389996480,1946632,0.49,1255848,12472536,51659044,12.81,4751896,9842080,2396,894204,1484952,10064,13348,268960
2024-01-19T21:49:16,377702544,390000928,1942296,0.49,1255856,12473016,51663796,12.81,4751920,9848484,2044,899476,1484836,10064,13348,268928
2024-01-19T21:49:21,377701876,390001080,1942272,0.49,1255856,12473828,51555916,12.79,4751988,9845536,3372,896368,1484716,10064,13340,268864
2024-01-19T21:49:26,377690000,389990232,1953196,0.49,1255868,12474848,51556492,12.79,4752040,9846932,1424,896692,1484636,10064,13356,268832
2024-01-19T21:49:31,377688544,389989176,1954072,0.49,1255872,12475212,51557120,12.79,4752116,9845676,2612,895196,1484848,10048,13328,268944
2024-01-19T21:49:36,377699984,390001548,1941028,0.49,1255884,12476152,51656024,12.81,4752204,9843592,1104,892272,1485500,10048,13308,268960
2024-01-19T21:49:41,377704400,390006856,1935580,0.49,1255888,12476964,51557624,12.79,4752272,9847644,968,895508,1485716,10016,13288,268832
2024-01-19T21:49:46,377716460,390019512,1922524,0.49,1255896,12477472,48743464,12.09,4752320,9847348,1368,894740,1486196,10048,13220,268864
2024-01-19T21:49:51,377742356,390047296,1894536,0.48,1255900,12479348,48063584,11.92,4752420,9817892,2008,862952,1486408,10048,12800,268864
2024-01-19T21:49:56,377726724,390032232,1909400,0.48,1255912,12479912,47755660,11.84,4752464,9818204,2312,863240,1486600,10064,12800,268880
2024-01-19T21:50:01,377684064,389989612,1951692,0.49,1255912,12479928,51455340,12.76,4752536,9851720,592,896368,1486952,10064,13360,268880
2024-01-19T21:50:06,377688984,389995316,1946408,0.49,1255920,12480876,48746460,12.09,4752572,9851972,1536,896232,1486360,10080,13220,268864
2024-01-19T21:50:11,377690164,389997216,1944648,0.49,1255924,12481560,48745048,12.09,4752692,9848512,1760,891636,1486252,10080,12976,268896
2024-01-19T21:50:16,377715944,390024752,1916980,0.49,1255936,12483324,47554060,11.79,4752732,9822272,856,864220,1486364,10080,12824,268848
2024-01-19T21:50:21,377688828,389997476,1944172,0.49,1255940,12483128,51662684,12.81,4752820,9858476,1080,900672,1486480,10064,13344,268848
2024-01-19T21:50:26,377687660,389997056,1944540,0.49,1255940,12483868,51250852,12.71,4752868,9855420,3228,897008,1486540,10080,13372,268864
2024-01-19T21:50:31,377675508,389985732,1955204,0.5,1255944,12484684,51560620,12.79,4752960,9857216,2540,897920,1487208,10080,13336,268912
2024-01-19T21:50:36,377664576,389976076,1964920,0.5,1255952,12485872,48743928,12.09,4753012,9856436,4000,895580,1487228,10064,13312,268928
2024-01-19T21:50:41,377660480,389972204,1968892,0.5,1255964,12486096,51556892,12.79,4753060,9857108,2896,896648,1487116,10080,13384,268912
2024-01-19T21:50:46,377661200,389974316,1966812,0.5,1255972,12487384,51659584,12.81,4753144,9858528,2116,896776,1487180,10080,13420,268928
2024-01-19T21:50:51,377663468,389977060,1963804,0.5,1255984,12487852,51658428,12.81,4753252,9855060,1620,892884,1487440,10064,13332,268864
2024-01-19T21:50:56,377636636,389950964,1989912,0.5,1255988,12488472,51562212,12.79,4753292,9863504,3252,900836,1487540,10112,13456,268840
2024-01-19T21:51:01,377645604,389960616,1980116,0.5,1256000,12489152,51659660,12.81,4753344,9858176,2696,894800,1487676,10064,13356,268736
2024-01-19T21:51:06,377655836,389971208,1969892,0.5,1256008,12489500,51658348,12.81,4753380,9857344,1468,893568,1487312,10064,13000,268800
2024-01-19T21:51:11,377666168,389982472,1959068,0.5,1256020,12490396,51249968,12.71,4753460,9860944,1344,896504,1486896,10048,13308,268768
2024-01-19T21:51:16,377640064,389957328,1983564,0.5,1256028,12491308,51768044,12.84,4753544,9868120,3100,902748,1487584,10080,13516,268888
2024-01-19T21:51:21,377639828,389957764,1983440,0.5,1256040,12491984,51461416,12.76,4753600,9865120,2692,899784,1487256,10080,13424,268856
2024-01-19T21:51:26,377641204,389959936,1981888,0.5,1256040,12492740,48740260,12.09,4753672,9858996,660,892408,1486676,10016,13180,268784
2024-01-19T21:51:31,377645784,389966116,1976004,0.5,1256044,12494284,51663436,12.81,4753776,9867104,2096,899052,1486432,10032,13364,268816
2024-01-19T21:51:36,377637460,389958316,1983888,0.5,1256048,12494768,51662624,12.81,4753816,9870244,804,901780,1486384,10064,13404,268816
2024-01-19T21:51:41,377658000,389979168,1962888,0.5,1256052,12494944,51661436,12.81,4753840,9866856,424,898172,1486664,10048,13356,268848
2024-01-19T21:51:46,377644340,389966412,1975844,0.5,1256056,12495840,51662424,12.81,4753936,9866792,272,897468,1486468,10064,13320,268832
2024-01-19T21:51:51,377676172,389999380,1942832,0.49,1256060,12496852,47987136,11.9,4753996,9832868,872,862400,1486632,10032,12768,268912
2024-01-19T21:51:56,377664732,389988312,1954188,0.49,1256064,12497224,51248568,12.71,4754056,9864728,220,893852,1486340,10048,13300,268880
2024-01-19T21:52:01,377650780,389974952,1967640,0.5,1256068,12497796,51554264,12.78,4754100,9863860,264,892512,1486264,10048,13224,268944
2024-01-19T21:52:06,377634520,389960376,1982636,0.5,1256068,12499428,51766836,12.84,4754256,9872164,1704,899340,1485896,10048,13364,268944
2024-01-19T21:52:11,377624920,389951804,1991120,0.5,1256076,12500352,51492260,12.77,4754280,9876412,52,902708,1486080,10048,13400,268880
2024-01-19T21:52:16,377628884,389955828,1987020,0.5,1256084,12500392,51457488,12.76,4754312,9872124,320,898396,1486168,10048,13332,268864
2024-01-19T21:52:21,377647456,389975524,1966652,0.5,1256096,12501452,48847268,12.11,4754432,9853428,2548,878832,1486892,10048,12968,268912
2024-01-19T21:52:26,377634832,389963752,1978320,0.5,1256100,12502252,51147520,12.68,4754500,9873368,324,897840,1487044,10048,13296,268912
2024-01-19T21:52:31,377625304,389954880,1987184,0.5,1256104,12502904,51759472,12.84,4754544,9869524,1996,893004,1487052,10064,13348,268944
2024-01-19T21:52:36,377609672,389940332,2001704,0.51,1256112,12503952,51353816,12.74,4754592,9875796,1884,898748,1487108,10064,13384,268944
2024-01-19T21:52:41,377636360,389967372,1974480,0.5,1256120,12504360,51658820,12.81,4754656,9874576,3020,897168,1487228,10064,13360,268912
2024-01-19T21:52:46,377642824,389974816,1966228,0.5,1256128,12505260,51662544,12.81,4754748,9875136,1296,896904,1488108,10048,13340,268896
2024-01-19T21:52:51,377644160,389976964,1964360,0.5,1256128,12506068,51557288,12.79,4754804,9874720,1940,895684,1487832,10064,13360,268864
2024-01-19T21:52:56,377661984,389995540,1946348,0.49,1256136,12506744,51762352,12.84,4754880,9876824,1636,897372,1487336,10064,13360,268864
2024-01-19T21:53:01,377678672,390012708,1929544,0.49,1256140,12507192,51557832,12.79,4754892,9878648,1496,898168,1487000,10064,13372,268944
2024-01-19T21:53:06,377679200,390014116,1927888,0.49,1256148,12508044,51559212,12.79,4754976,9878224,1464,897388,1487268,10048,13352,268848
2024-01-19T21:53:11,377672620,390008700,1933844,0.49,1256148,12509212,51146524,12.68,4755052,9874872,1540,893448,1486724,10016,13220,268704
2024-01-19T21:53:16,377649464,389985820,1956976,0.5,1256156,12509444,48539796,12.04,4755104,9860128,1628,878128,1486508,10048,13076,268784
2024-01-19T21:53:21,377620716,389957552,1985452,0.5,1256156,12509936,51454948,12.76,4755152,9879712,1924,897192,1486288,10048,13232,268880
2024-01-19T21:53:26,377622628,389960788,1982080,0.5,1256160,12511184,51769212,12.84,4755252,9884068,2792,900288,1486496,10080,13460,268920
2024-01-19T21:53:31,377618348,389957404,1985564,0.5,1256164,12512080,51660152,12.81,4755332,9879700,1056,895316,1486392,10048,13340,268864
2024-01-19T21:53:36,377646024,389985616,1956932,0.5,1256172,12512572,51351884,12.73,4755372,9879776,1468,894788,1486848,10032,13344,268848
2024-01-19T21:53:41,377633344,389973764,1968608,0.5,1256180,12513408,51560204,12.79,4755432,9885360,2060,899600,1487008,10032,13388,268864
2024-01-19T21:53:46,377635812,389977408,1965032,0.5,1256188,12514544,51558868,12.79,4755504,9884660,3016,897844,1486972,10032,13404,268880
2024-01-19T21:53:51,377669248,390011124,1931076,0.49,1256192,12514824,51555924,12.79,4755576,9880200,584,893308,1487208,10032,13256,268752
2024-01-19T21:53:56,377671620,390014412,1927844,0.49,1256204,12515748,51452260,12.76,4755656,9880524,1164,892688,1487132,10032,13320,268800
2024-01-19T21:54:01,377654676,389998272,1944240,0.49,1256212,12516536,51454508,12.76,4755724,9886192,2180,897540,1486884,10032,13368,268832
2024-01-19T21:54:06,377647008,389991104,1951200,0.49,1256224,12516996,51662316,12.81,4755776,9888320,1744,899284,1487120,10064,13472,268920
2024-01-19T21:54:11,377641244,389986292,1955740,0.5,1256228,12517928,51658512,12.81,4755860,9886240,1792,895876,1487408,10016,13316,268880
2024-01-19T21:54:16,377651688,389997332,1944848,0.49,1256232,12518512,48535548,12.04,4755896,9867588,1784,877172,1487268,10016,12988,268880
2024-01-19T21:54:21,377624496,389971064,1971132,0.5,1256240,12519436,51665776,12.81,4755980,9893564,1668,902336,1487244,10048,13488,268888
2024-01-19T21:54:26,377622488,389969460,1972876,0.5,1256248,12519896,51867992,12.86,4756016,9892132,3036,900488,1487040,10016,13368,268896
2024-01-19T21:54:31,377655236,390003460,1939064,0.49,1256256,12521128,48534020,12.04,4756112,9866336,2208,873028,1486864,10032,12952,268848
2024-01-19T21:54:36,377632104,389981736,1960468,0.5,1256260,12522532,51767500,12.84,4756188,9895404,3584,900836,1487184,10000,13396,268864
2024-01-19T21:54:41,377651164,390002344,1939824,0.49,1256264,12524072,47865928,11.87,4756216,9867356,992,871632,1487224,10000,12984,268880
2024-01-19T21:54:46,377637976,389988688,1953512,0.49,1256264,12523620,48744936,12.09,4756284,9873020,2076,877992,1487176,10000,13172,268896
2024-01-19T21:54:51,377627144,389978932,1963276,0.5,1256272,12524640,51561240,12.79,4756384,9895620,684,899664,1487216,10000,13404,268864
2024-01-19T21:54:56,377638840,389991224,1950948,0.49,1256276,12525244,51763952,12.84,4756432,9893908,596,897324,1487240,9984,13348,268768
2024-01-19T21:55:01,377648760,390001956,1940004,0.49,1256280,12526004,48744520,12.09,4756484,9875544,1140,878184,1487500,10000,13208,268848
2024-01-19T21:55:06,377641884,389995736,1946460,0.49,1256280,12526676,48640468,12.06,4756544,9893572,332,895732,1487248,10000,13236,268864
2024-01-19T21:55:11,377631348,389986524,1955620,0.5,1256284,12527980,51456676,12.76,4756652,9894564,1416,895572,1487316,10032,13448,268888
2024-01-19T21:55:16,377621884,389977784,1964404,0.5,1256292,12528724,51658756,12.81,4756696,9895880,380,895932,1487244,9968,13360,268816
2024-01-19T21:55:21,377620104,389976904,1965100,0.5,1256300,12529572,51351312,12.73,4756724,9897816,816,897184,1487472,9968,13420,268768
2024-01-19T21:55:26,377611412,389969048,1973592,0.5,1256304,12530372,51863296,12.86,4756836,9895284,1428,893972,1486868,9968,13400,268784
2024-01-19T21:55:31,377588652,389947436,1994820,0.51,1256312,12531468,51561112,12.79,4756932,9899960,2216,897648,1487296,9952,13404,268736
2024-01-19T21:55:36,377590912,389949948,1992308,0.5,1256316,12531716,51458504,12.76,4756952,9903336,48,900828,1487296,9952,13392,268752
2024-01-19T21:55:41,377618204,389978228,1964340,0.5,1256324,12532660,51560720,12.79,4757036,9903232,2364,899788,1487020,9952,13348,268752
2024-01-19T21:55:46,377621764,389982224,1960728,0.5,1256332,12533116,48531540,12.04,4757120,9872732,1556,868996,1486608,9936,12864,268672
2024-01-19T21:55:51,377590272,389952032,1990720,0.5,1256344,12534380,51449580,12.76,4757208,9898888,3616,893920,1486832,9936,13340,268800
2024-01-19T21:55:56,377590304,389952576,1990108,0.5,1256348,12534884,51453900,12.76,4757240,9901724,384,896072,1486904,9936,13292,268800
2024-01-19T21:56:01,377588392,389951300,1991528,0.5,1256348,12535492,51044752,12.66,4757272,9904500,1228,898324,1486788,9936,13340,268784
2024-01-19T21:56:06,377613888,389978096,1964396,0.5,1256360,12536796,51356644,12.74,4757344,9906072,1752,898752,1487108,9968,13464,268744
2024-01-19T21:56:11,377645568,390010416,1932588,0.49,1256364,12537496,48743620,12.09,4757460,9889508,3060,881608,1486532,9936,13012,268816
2024-01-19T21:56:16,377637048,390002436,1940708,0.49,1256368,12537984,51661656,12.81,4757484,9907224,2572,898788,1486440,9936,13400,268816
2024-01-19T21:56:21,377625728,389991772,1951172,0.49,1256368,12538612,51660344,12.81,4757536,9905256,1824,896124,1486668,9936,13384,268864
2024-01-19T21:56:26,377635588,390002844,1939636,0.49,1256372,12539808,51142564,12.68,4757640,9900888,1460,890928,1487144,9936,13388,268832
2024-01-19T21:56:31,377630104,389998152,1944548,0.49,1256376,12540728,51559040,12.79,4757724,9910248,3004,899312,1486792,9952,13400,268848
2024-01-19T21:56:36,377627904,389996216,1946616,0.49,1256380,12540992,51455052,12.76,4757728,9907720,488,897064,1486656,9936,13360,268800
2024-01-19T21:56:41,377685068,390055660,1887424,0.48,1256388,12543244,44160296,10.95,4757800,9844476,1428,831008,1486424,9872,12284,268704
2024-01-19T21:56:46,377632580,390002740,1939896,0.49,1256400,12543020,48535884,12.04,4757876,9886148,1636,873048,1486652,9920,12784,268832
2024-01-19T21:56:51,377595952,389966632,1976092,0.5,1256400,12543512,51557048,12.79,4757972,9908660,2188,895132,1486592,9936,13376,268832
2024-01-19T21:56:56,377603908,389976632,1965832,0.5,1256404,12545552,47764364,11.84,4757996,9885136,1088,870088,1486852,9968,12984,268840
2024-01-19T21:57:01,377577296,389949588,1992968,0.5,1256408,12545116,51556668,12.79,4758124,9910900,1780,895852,1486760,9936,13356,268848
2024-01-19T21:57:06,377578408,389952464,1990632,0.5,1256408,12546880,47754796,11.84,4758184,9878844,3216,862332,1486220,9952,12912,268864
2024-01-19T21:57:11,377581636,389955664,1987052,0.5,1256408,12546836,48743720,12.09,4758224,9912276,2472,895696,1486616,9936,13248,268816
2024-01-19T21:57:16,377576568,389951304,1991696,0.5,1256408,12547548,48639828,12.06,4758288,9910240,1712,893136,1486328,9936,13276,268832
2024-01-19T21:57:21,377579116,389954876,1987936,0.5,1256408,12548552,51558100,12.79,4758360,9914904,1524,896752,1486536,9920,13388,268800
2024-01-19T21:57:26,377583852,389960324,1982520,0.5,1256408,12549228,51555444,12.79,4758420,9913792,3192,894560,1486540,9920,13392,268784
2024-01-19T21:57:31,377600740,389978144,1964976,0.5,1256408,12550144,51764636,12.84,4758504,9918856,2472,899244,1486280,9920,13396,268816
2024-01-19T21:57:36,377621464,389999500,1943264,0.49,1256412,12550792,51762008,12.84,4758556,9915728,1232,895516,1486616,9920,13308,268768
2024-01-19T21:57:41,377620700,389999216,1943676,0.49,1256416,12551240,51657312,12.81,4758592,9915576,1060,894880,1486516,9904,13288,268784
2024-01-19T21:57:46,377625580,390004780,1937388,0.49,1256424,12551876,51656416,12.81,4758624,9915448,1624,894276,1487280,9904,13400,268784
2024-01-19T21:57:51,377617064,389997140,1944984,0.49,1256424,12552756,51664584,12.81,4758712,9922460,936,900516,1487320,9904,13396,268768
2024-01-19T21:57:56,377622832,390004268,1938016,0.49,1256428,12554048,47861380,11.87,4758756,9890160,2040,866832,1487224,9904,12848,268784
2024-01-19T21:58:01,377618552,389999948,1942616,0.49,1256432,12553996,48845968,12.11,4758820,9900628,504,877476,1486952,9888,13016,268688
2024-01-19T21:58:06,377599304,389981868,1960208,0.5,1256432,12555088,51656928,12.81,4758900,9919876,1828,895684,1487516,9888,13380,268720
2024-01-19T21:58:11,377589640,389973100,1969020,0.5,1256436,12555932,51556792,12.79,4758972,9922224,1848,897184,1487520,9888,13408,268736
2024-01-19T21:58:16,377575780,389960856,1981208,0.5,1256440,12557532,51252952,12.71,4759004,9926160,3792,899644,1487588,9904,13452,268752
2024-01-19T21:58:21,377594608,389980332,1961568,0.5,1256448,12558060,47964968,11.89,4759116,9891948,1952,864948,1487864,9888,12832,268672
2024-01-19T21:58:26,377567468,389953856,1988016,0.5,1256456,12558700,51456528,12.76,4759160,9927588,2844,900064,1487908,9888,13376,268656
2024-01-19T21:58:31,377565792,389952476,1989544,0.5,1256456,12558992,51352240,12.73,4759220,9924952,3796,897116,1487764,9920,13380,268720
2024-01-19T21:58:36,377582848,389970020,1972060,0.5,1256456,12559484,51553608,12.78,4759264,9922840,408,894616,1487700,9920,13388,268688
2024-01-19T21:58:41,377615852,390004668,1937752,0.49,1256460,12561120,47953596,11.89,4759316,9894484,2196,864684,1487364,9920,12940,268688
2024-01-19T21:58:46,377596388,389985640,1956528,0.5,1256464,12561532,51461696,12.76,4759428,9931824,2168,901704,1487636,9952,13528,268680
2024-01-19T21:58:51,377616812,390006836,1935440,0.49,1256476,12562316,51559520,12.79,4759496,9929224,3508,898424,1487504,9920,13412,268672
2024-01-19T21:58:56,377606472,389997444,1945060,0.49,1256476,12563224,51656656,12.81,4759576,9926740,2516,894968,1487316,9936,13436,268688
2024-01-19T21:59:01,377623120,390015568,1927352,0.49,1256480,12564700,47757860,11.84,4759580,9899812,3188,866612,1486896,9920,12812,268720
2024-01-19T21:59:06,377597592,389990520,1952196,0.49,1256484,12565144,51556696,12.79,4759704,9930180,2560,896756,1487132,9936,13408,268752
2024-01-19T21:59:11,377599744,389993448,1948736,0.49,1256492,12565892,51556852,12.79,4759764,9930600,3596,896380,1487684,9952,13404,268816
2024-01-19T21:59:16,377599488,389993664,1948384,0.49,1256496,12566348,51454644,12.76,4759800,9930112,2692,895468,1487832,9952,13396,268800
2024-01-19T21:59:21,377618484,390013968,1927352,0.49,1256504,12568164,47658920,11.82,4759884,9900696,3112,864888,1488044,9936,12832,268720
2024-01-19T21:59:26,377600136,389996112,1945908,0.49,1256504,12568116,48536688,12.04,4759952,9927076,2320,890876,1487884,9952,13224,268800
2024-01-19T21:59:31,377595916,389993164,1948876,0.49,1256512,12569356,47861256,11.87,4759708,9903564,3100,865932,1487888,9968,12860,268848
2024-01-19T21:59:36,377574132,389971136,1970924,0.5,1256512,12569072,51350116,12.73,4759752,9933436,796,896040,1487908,9968,13360,268864
2024-01-19T21:59:41,377603976,390002316,1939396,0.49,1256516,12570412,51558644,12.79,4759852,9934344,2164,895800,1488248,9984,13364,268896
2024-01-19T21:59:46,377636236,390035932,1906236,0.48,1256520,12571752,47965436,11.89,4759908,9906456,1688,866028,1487804,10000,12968,268872
2024-01-19T21:59:51,377647624,390047228,1894888,0.48,1256528,12571760,48642384,12.06,4759952,9917324,3136,877376,1487748,10016,13164,268936
2024-01-19T21:59:56,377622424,390023144,1919136,0.49,1256540,12572860,51455544,12.76,4760016,9936360,888,895424,1487588,9984,13432,268848
2024-01-19T22:00:01,377642072,390043992,1897960,0.48,1256544,12574024,47959376,11.89,4760096,9903484,2148,861540,1487948,9984,12852,268848
2024-01-19T22:00:06,377615152,390017200,1925028,0.49,1256544,12574100,51557644,12.79,4760176,9938016,2000,896092,1487724,9984,13396,268816
2024-01-19T22:00:11,377608580,390011476,1930760,0.49,1256548,12574912,51556900,12.79,4760204,9940816,820,897900,1487748,9936,13392,268752
2024-01-19T22:00:16,377620332,390024244,1917884,0.49,1256556,12575940,51249172,12.71,4760280,9942384,1644,898508,1487836,9968,13476,268800
2024-01-19T22:00:21,377626700,390030756,1911648,0.48,1256560,12576060,48640732,12.06,4760340,9938120,2004,893988,1487580,10000,13396,268792
2024-01-19T22:00:26,377612636,390018328,1923776,0.49,1256572,12577664,51561220,12.79,4760436,9944904,3964,899572,1487900,10016,13552,268776
2024-01-19T22:00:31,377608380,390013976,1928124,0.49,1256580,12577572,51765984,12.84,4760480,9946348,2896,901160,1487892,9984,13424,268768
2024-01-19T22:00:36,377588380,389995128,1946968,0.49,1256584,12578652,51661956,12.81,4760588,9943616,2280,897500,1487964,10000,13396,268752
2024-01-19T22:00:41,377578944,389986492,1955688,0.5,1256584,12579432,51761212,12.84,4760652,9942308,1952,895424,1487900,10000,13364,268816
2024-01-19T22:00:46,377603284,390011508,1930924,0.49,1256588,12580044,48603188,12.05,4760692,9923796,1736,876296,1487708,10032,13032,268880
2024-01-19T22:00:51,377577376,389986856,1955564,0.5,1256596,12581276,51351036,12.73,4760740,9945480,1548,896288,1487736,10032,13312,268896
2024-01-19T22:00:56,377594332,390004624,1937384,0.49,1256604,12582064,51659092,12.81,4760868,9945408,3244,896032,1488164,10032,13420,268880
2024-01-19T22:01:01,377609544,390020124,1921604,0.49,1256616,12582348,51553800,12.78,4760904,9942348,440,892772,1488436,10032,13300,268864
2024-01-19T22:01:06,377642700,390054604,1887280,0.48,1256616,12583608,48334968,11.99,4760952,9928856,2148,877992,1488344,10032,12892,268928
2024-01-19T22:01:11,377643200,390056312,1885872,0.48,1256620,12584824,47654900,11.82,4761024,9918460,1472,866492,1488032,10048,12832,268896
2024-01-19T22:01:16,377643116,390056732,1886008,0.48,1256628,12585292,51458728,12.76,4761148,9951932,3616,899616,1487504,10064,13408,268928
2024-01-19T22:01:21,377633772,390047760,1895012,0.48,1256628,12585664,51556928,12.79,4761156,9948732,392,896016,1487472,10064,13392,268928
2024-01-19T22:01:26,377612800,390028212,1914596,0.48,1256636,12586980,48539012,12.04,4761228,9948872,2472,894940,1487536,10064,13320,268880
2024-01-19T22:01:31,377590568,390007148,1936016,0.49,1256636,12588144,51458720,12.76,4761328,9955940,2356,900988,1487184,10064,13432,268864
2024-01-19T22:01:36,377617332,390034516,1908688,0.48,1256636,12588636,51659680,12.81,4761384,9951304,1468,895996,1487256,10064,13424,269024
2024-01-19T22:01:41,377625516,390042968,1900120,0.48,1256644,12588880,48742444,12.09,4761404,9934536,752,878964,1487388,10064,13004,268960
2024-01-19T22:01:46,377618908,390037580,1905184,0.48,1256644,12590048,48640612,12.06,4761536,9932628,2544,876456,1487764,10144,12952,268928
2024-01-19T22:01:51,377597568,390017168,1925576,0.49,1256648,12590944,51453384,12.76,4761604,9952432,2420,894888,1487812,10064,13388,268880
2024-01-19T22:01:56,377599004,390018868,1923864,0.49,1256648,12591212,51557908,12.79,4761600,9954920,128,897068,1487820,10048,13336,268880
2024-01-19T22:02:01,377595332,390016736,1925740,0.49,1256652,12592756,51460624,12.76,4761664,9961632,2656,902340,1488068,10112,13556,268984
2024-01-19T22:02:06,377639864,390062260,1880684,0.48,1256652,12593760,51556780,12.79,4761804,9954824,2488,894788,1487588,10080,13420,268896
2024-01-19T22:02:11,377631664,390054596,1888172,0.48,1256660,12594272,51555752,12.79,4761848,9956252,1368,895644,1487780,10096,13452,268960
2024-01-19T22:02:16,377660312,390083768,1859028,0.47,1256660,12594800,48630032,12.06,4761848,9923264,412,862048,1487748,10080,12852,268960
2024-01-19T22:02:21,377618156,390042172,1900572,0.48,1256664,12595276,51658760,12.81,4761928,9956736,1424,895132,1487880,10096,13388,268960
2024-01-19T22:02:26,377607780,390032416,1909804,0.48,1256668,12595864,46031512,11.42,4761996,9950952,460,888832,1488432,10112,12940,268912
2024-01-19T22:02:31,377584492,390010408,1931200,0.49,1256680,12597108,51456360,12.76,4762096,9961240,1380,897980,1489068,10112,13452,268960
2024-01-19T22:02:36,377582732,390009124,1932568,0.49,1256684,12597592,51764044,12.84,4762132,9961380,1028,897732,1488972,10144,13512,268968
2024-01-19T22:02:41,377575464,390002484,1939132,0.49,1256692,12598108,51764648,12.84,4762168,9963872,1416,899748,1489152,10112,13452,268944
2024-01-19T22:02:46,377589344,390017412,1924372,0.49,1256696,12599164,51763004,12.84,4762276,9961968,1476,896908,1488972,10112,13404,268912
2024-01-19T22:02:51,377578236,390007428,1933948,0.49,1256708,12600120,51561256,12.79,4762340,9966400,3044,900352,1489536,10128,13424,268944
2024-01-19T22:02:56,377577284,390007164,1934664,0.49,1256712,12600756,51660076,12.81,4762412,9964552,392,898044,1489132,10128,13436,268928
2024-01-19T22:03:01,377579240,390009812,1932188,0.49,1256712,12601348,51865520,12.86,4762444,9964884,1252,897608,1489060,10128,13400,268944
2024-01-19T22:03:06,377591036,390023148,1918936,0.49,1256716,12602960,48436716,12.01,4762496,9964964,1692,896324,1488900,10128,13388,268912
2024-01-19T22:03:11,377588556,390021264,1921392,0.49,1256728,12603444,48639988,12.06,4762632,9963512,2952,894500,1488428,10128,13264,268928
2024-01-19T22:03:16,377584240,390017408,1925360,0.49,1256736,12603872,51657688,12.81,4762668,9965980,2392,896516,1488340,10128,13432,268960
2024-01-19T22:03:21,377573624,390007516,1934972,0.49,1256740,12604480,51351056,12.73,4762700,9966772,1600,896764,1488732,10144,13392,268976
2024-01-19T22:03:26,377590664,390025140,1917144,0.49,1256744,12605072,48845260,12.11,4762760,9950052,1176,879484,1488924,10128,13044,268944
2024-01-19T22:03:31,377580268,390016796,1925348,0.49,1256744,12607016,51457140,12.76,4762872,9969956,3644,897548,1489172,10144,13432,268992
2024-01-19T22:03:36,377590944,390027736,1914172,0.48,1256752,12607276,51665524,12.81,4762948,9975664,2532,903064,1489404,10192,13544,268960
2024-01-19T22:03:41,377590604,390027640,1914276,0.48,1256760,12607512,51452600,12.76,4762936,9967492,480,894560,1489396,10112,13416,268928
2024-01-19T22:03:46,377567732,390006740,1934892,0.49,1256768,12609456,48634456,12.06,4763048,9962836,1504,864460,1489700,10128,13000,269008
2024-01-19T22:03:51,377567076,390006440,1934604,0.49,1256772,12609856,51558092,12.79,4763156,9971556,2288,897052,1490240,10128,13440,268992
2024-01-19T22:03:56,377570384,390010224,1930872,0.49,1256776,12610328,51661980,12.81,4763184,9975664,3832,900228,1490188,10128,13428,268960
2024-01-19T22:04:01,377594056,390034880,1906220,0.48,1256776,12611292,47552904,11.79,4763192,9942124,496,865688,1490204,10112,12860,268944
2024-01-19T22:04:06,377563072,390004432,1937272,0.49,1256780,12611912,51654480,12.81,4763324,9969112,2612,891764,1489512,10128,13308,268944
2024-01-19T22:04:11,377583764,390026372,1915516,0.49,1256784,12613136,47758200,11.84,4763344,9944748,1836,867012,1489348,10128,12880,268928
2024-01-19T22:04:16,377609804,390053940,1888124,0.48,1256792,12614712,44166680,10.95,4763408,9915544,3636,835892,1489116,10144,12556,268888
2024-01-19T22:04:21,377555912,389999640,1942536,0.49,1256796,12614208,51458112,12.76,4763500,9979216,2820,900224,1489096,10112,13428,268896
2024-01-19T22:04:26,377547576,389991916,1950480,0.49,1256804,12614768,51452492,12.76,4763580,9973132,3360,894000,1488920,10112,13324,268944
2024-01-19T22:04:31,377535304,389980236,1962328,0.5,1256808,12615348,51661500,12.81,4763600,9977548,2728,897388,1488760,10112,13400,268976
2024-01-19T22:04:36,377534488,389980148,1962164,0.5,1256820,12616132,51762584,12.84,4763660,9979028,2076,898140,1488944,10096,13444,268976
2024-01-19T22:04:41,377528804,389975592,1966904,0.5,1256824,12617200,51662596,12.81,4763788,9981156,1888,899312,1488816,10096,13412,268944
2024-01-19T22:04:46,377518400,389965748,1976616,0.5,1256832,12617708,51762148,12.84,4763820,9979584,3496,897468,1488992,10096,13424,268912
2024-01-19T22:04:51,377516424,389964488,1977864,0.5,1256840,12618420,51559752,12.79,4763832,9982816,924,899932,1489000,10080,13440,268912
2024-01-19T22:04:56,377496788,389945584,1996264,0.51,1256848,12619148,51556600,12.79,4763932,9979172,2564,895564,1489500,10080,13348,268912
2024-01-19T22:05:01,377524520,389974716,1967664,0.5,1256856,12620492,41920508,10.4,4764028,9941832,1696,856932,1489016,10096,12620,268960
2024-01-19T22:05:06,377489908,389940372,2001680,0.51,1256856,12620720,51761376,12.84,4764068,9981700,1484,896572,1489384,10112,13424,269024
2024-01-19T22:05:11,377486084,389936996,2004844,0.51,1256856,12621172,51863276,12.86,4764104,9982468,712,896992,1489592,10112,13400,269024
2024-01-19T22:05:16,377486636,389938216,2003448,0.51,1256860,12621792,51459788,12.76,4764156,9982444,2304,896940,1489812,10144,13504,269048
2024-01-19T22:05:21,377492068,389944668,1996932,0.51,1256872,12622972,51557844,12.79,4764276,9986320,2092,899328,1489704,10112,13432,268976
2024-01-19T22:05:26,377491112,389944244,1997544,0.51,1256880,12623460,51556140,12.79,4764316,9985300,2692,897772,1489552,10080,13368,268880
2024-01-19T22:05:31,377476844,389931312,2010512,0.51,1256892,12624768,51561140,12.79,4764404,9990588,1016,901808,1489532,10112,13448,268992
2024-01-19T22:05:36,377485536,389940316,2000912,0.51,1256896,12625028,51863608,12.86,4764480,9985456,1236,896464,1490176,10096,13312,268992
2024-01-19T22:05:41,377495868,389952608,1988404,0.5,1256896,12627016,47863044,11.87,4764524,9959056,1952,868120,1490364,10080,12912,268944
2024-01-19T22:05:46,377498640,389955740,1985364,0.5,1256900,12627324,47859004,11.87,4764580,9955872,1168,864656,1490320,10064,12864,268912
2024-01-19T22:05:51,377448312,389905580,2035544,0.52,1256904,12627668,51563856,12.79,4764620,9995020,2132,903568,1490120,10112,13596,268952
2024-01-19T22:05:56,377505496,389963416,1977668,0.5,1256908,12628284,51660996,12.81,4764728,9990452,1668,898516,1490192,10064,13424,268864
2024-01-19T22:06:01,377493828,389952400,1989284,0.5,1256924,12629096,51762996,12.84,4764784,9992756,2164,899964,1489416,10064,13428,268944
2024-01-19T22:06:06,377506848,389966304,1975548,0.5,1256924,12629928,51727276,12.83,4764864,9991424,2676,897836,1489300,10048,13436,268896
2024-01-19T22:06:11,377524776,389985564,1956416,0.5,1256924,12631260,47964176,11.89,4764892,9963056,3508,868184,1489172,10048,12840,268928
2024-01-19T22:06:16,377512044,389973344,1968524,0.5,1256932,12631732,51454576,12.76,4765016,9992820,2700,897696,1489316,10048,13416,268912
2024-01-19T22:06:21,377534568,389996788,1945660,0.49,1256940,12632676,51454508,12.76,4765096,9991368,3656,895372,1488704,10048,13416,268912
2024-01-19T22:06:26,377538624,390001928,1941288,0.49,1256944,12633696,51250880,12.71,4765136,9993124,3348,896032,1487996,10032,13432,268800
2024-01-19T22:06:31,377524528,389988092,1955032,0.5,1256952,12633968,51661184,12.81,4765200,9994208,1412,896940,1488068,10032,13416,268896
2024-01-19T22:06:36,377536292,390001136,1942064,0.49,1256952,12635180,47655672,11.82,4765240,9964260,1244,865428,1488060,10064,13144,268856
2024-01-19T22:06:41,377477264,389942660,2000048,0.51,1256952,12635740,51660552,12.81,4765348,9995316,2948,896604,1488544,10032,13436,268864
2024-01-19T22:06:46,377476048,389942176,2000632,0.51,1256956,12636448,51659464,12.81,4765360,9999028,2508,899428,1488464,10032,13500,268848
2024-01-19T22:06:51,377510568,389977736,1965080,0.5,1256956,12637532,48742264,12.09,4765440,9977264,2176,876604,1488412,10032,12888,268944
2024-01-19T22:06:56,377484832,389953088,1990280,0.5,1256964,12638552,51455536,12.76,4765584,9995900,2468,894420,1487920,10048,13416,268880
2024-01-19T22:07:01,377473532,389942088,2001268,0.51,1256964,12638880,51559840,12.79,4765596,10001768,3640,899876,1487904,10016,13460,268896
2024-01-19T22:07:06,377530264,389999840,1943628,0.49,1256968,12639872,46211340,11.46,4765600,9935920,356,832960,1487816,10000,12344,268848
2024-01-19T22:07:11,377471032,389940756,2002500,0.51,1256972,12640008,51453908,12.76,4765680,9998696,1336,895780,1488036,10016,13372,268768
2024-01-19T22:07:16,377472672,389943720,1998880,0.51,1256980,12641288,51658104,12.81,4765828,9997564,1144,893516,1488728,10048,13360,268864
2024-01-19T22:07:21,377465732,389937204,2005540,0.51,1256980,12641716,51769020,12.84,4765848,10005984,1564,901560,1488580,10048,13584,268856
2024-01-19T22:07:26,377459908,389932000,2010840,0.51,1256984,12642288,51659784,12.81,4765876,10000752,1936,895844,1488528,10016,13424,268800
2024-01-19T22:07:31,377465312,389938416,2004540,0.51,1256988,12643312,51456428,12.76,4765940,10003796,1668,897852,1488396,10000,13476,268816
2024-01-19T22:07:36,377484960,389958696,1984016,0.5,1256992,12643908,51459592,12.76,4766032,10007032,3220,900816,1488672,10048,13572,268824
2024-01-19T22:07:41,377491496,389965740,1977148,0.5,1257000,12644412,51255464,12.71,4766064,10008176,2636,900760,1488492,10048,13584,268856
2024-01-19T22:07:46,377524728,390000088,1942732,0.49,1257012,12645484,51560456,12.79,4766164,10006348,2104,898476,1488592,10016,13460,268912
2024-01-19T22:07:51,377518512,389995256,1947228,0.49,1257016,12646836,51458492,12.76,4766244,10010948,2220,902040,1488956,10032,13544,268944
2024-01-19T22:07:56,377544548,390021444,1921504,0.49,1257028,12646916,51345808,12.73,4766336,9997120,3256,887772,1488552,10016,13208,268912
2024-01-19T22:08:01,377560572,390038792,1904156,0.48,1257036,12648248,47849176,11.87,4766352,9976948,384,865908,1488536,10016,12896,268960
2024-01-19T22:08:06,377506300,389984704,1958588,0.5,1257036,12648420,51659972,12.81,4766432,10006072,1808,895088,1488204,10016,13348,269008
2024-01-19T22:08:11,377532160,390011748,1931556,0.49,1257040,12649568,48640760,12.06,4766500,9989320,1452,877728,1488224,10000,12884,268944
2024-01-19T22:08:16,377491908,389972052,1970664,0.5,1257044,12650116,51663076,12.81,4766564,10013944,3216,901736,1488816,10016,13436,268896
2024-01-19T22:08:21,377515708,389996372,1946448,0.49,1257048,12650612,51866728,12.86,4766596,10013500,384,900792,1488732,10016,13464,268864
2024-01-19T22:08:26,377587648,390070412,1872340,0.47,1257052,12652680,44942620,11.15,4766660,9958156,2384,843528,1488828,10000,12448,268912
2024-01-19T22:08:31,377532384,390015268,1927708,0.49,1257060,12652736,51558860,12.79,4766776,10012624,1912,898036,1488660,10016,13460,268880
2024-01-19T22:08:36,377538004,390021604,1921148,0.49,1257064,12653548,51694296,12.82,4766840,10012612,1876,897236,1488784,10000,13448,268880
2024-01-19T22:08:41,377546108,390029984,1912856,0.48,1257076,12653788,51456996,12.76,4766848,10016784,1148,901156,1488720,9984,13448,268848
2024-01-19T22:08:46,377587560,390072864,1869388,0.47,1257076,12655320,47755916,11.84,4766936,9978244,1832,861300,1489204,9984,12984,268800
2024-01-19T22:08:51,377559288,390045356,1897328,0.48,1257076,12656072,51450920,12.76,4767064,10008128,1584,890560,1488784,9984,13360,268752
2024-01-19T22:08:56,377555160,390041676,1900560,0.48,1257076,12656536,51454236,12.76,4767084,10015584,2304,898108,1489216,10000,13400,268784
2024-01-19T22:09:01,377563844,390050672,1892032,0.48,1257084,12656784,51351668,12.73,4767108,10013436,644,895720,1488804,10000,13320,268768
2024-01-19T22:09:06,377565824,390053832,1888820,0.48,1257088,12657924,51659752,12.81,4767196,10015436,868,895960,1488892,10000,13448,268784
2024-01-19T22:09:11,377550460,390039528,1902752,0.48,1257096,12658964,51658108,12.81,4767308,10016328,2928,895516,1489276,9984,13456,268784
2024-01-19T22:09:16,377541700,390031232,1911072,0.48,1257100,12659440,51560308,12.79,4767336,10018812,2172,897996,1489236,9984,13436,268784
2024-01-19T22:09:21,377538208,390028764,1913336,0.48,1257100,12660676,51458792,12.76,4767372,10022448,2124,900516,1489228,9968,13500,268768
2024-01-19T22:09:26,377522936,390013844,1927848,0.49,1257100,12661028,51658344,12.81,4767484,10020676,1660,898512,1489636,9968,13428,268736
2024-01-19T22:09:31,377531284,390022796,1918992,0.49,1257100,12661628,48742284,12.09,4767520,10000768,2780,877992,1489544,9984,13112,268736
2024-01-19T22:09:36,377502508,389994764,1947204,0.49,1257104,12662368,51452780,12.76,4767596,10017104,2372,893744,1489364,9984,13372,268768
2024-01-19T22:09:41,377520376,390013860,1928068,0.49,1257116,12663576,48534836,12.04,4767688,10016372,3340,891344,1489412,9984,13340,268768
2024-01-19T22:09:46,377510492,390004884,1937396,0.49,1257116,12664484,51556100,12.79,4767760,10023812,2540,898452,1489060,9968,13452,268752
2024-01-19T22:09:51,377499704,389994836,1947104,0.49,1257124,12665216,51557152,12.79,4767788,10023676,1400,897512,1489400,9984,13472,268864
2024-01-19T22:09:56,377498636,389994520,1947428,0.49,1257124,12665924,51657520,12.81,4767848,10022360,948,895808,1489436,9984,13472,268816
2024-01-19T22:10:01,377462756,389960360,1981532,0.5,1257132,12667672,51557628,12.79,4767956,10024256,3036,895820,1489456,9984,13456,268768
2024-01-19T22:10:06,377468552,389966928,1974828,0.5,1257132,12668388,51660496,12.81,4768024,10025720,2472,896728,1489648,10000,13528,268768
2024-01-19T22:10:11,377468444,389967320,1974580,0.5,1257136,12668884,51556144,12.79,4768056,10025992,1064,896320,1489504,10000,13408,268848
2024-01-19T22:10:16,377458056,389957428,1984488,0.5,1257140,12669360,51145184,12.68,4768096,10027120,248,897144,1489504,9968,13408,268864
2024-01-19T22:10:21,377492924,389993360,1948456,0.49,1257148,12670396,48740096,12.09,4768196,10005160,2136,874264,1489624,9968,13068,268864
2024-01-19T22:10:26,377498864,390000736,1940920,0.49,1257148,12671828,47766552,11.85,4768264,10002196,1624,869888,1489788,10000,13188,268912
2024-01-19T22:10:31,377503200,390005564,1936572,0.49,1257148,12672392,47865952,11.87,4768280,10003872,2768,871016,1489236,9984,13036,268824
2024-01-19T22:10:36,377467352,389969940,1972548,0.5,1257160,12672568,51662124,12.81,4768364,10033100,880,900216,1488920,9968,13444,268784
2024-01-19T22:10:41,377471664,389975064,1967396,0.5,1257164,12673352,45824392,11.36,4768412,10006208,1588,872580,1488972,9968,12972,268800
2024-01-19T22:10:46,377444380,389948676,1993984,0.5,1257172,12674232,51864848,12.86,4768496,10033560,1392,899260,1488780,9984,13456,268736
2024-01-19T22:10:51,377451532,389957136,1985564,0.5,1257176,12675536,51454568,12.76,4768532,10036144,1488,900328,1488740,9952,13464,268672
2024-01-19T22:10:56,377452864,389958320,1984056,0.5,1257184,12675576,51660156,12.81,4768628,10033384,2172,897712,1488868,9984,13460,268800
2024-01-19T22:11:01,377457572,389964224,1978120,0.5,1257192,12676772,51252000,12.71,4768656,10036984,1924,900152,1488892,9984,13528,268848
2024-01-19T22:11:06,377476668,389983564,1958592,0.5,1257196,12677020,48845056,12.11,4768752,10032116,3260,895156,1489072,10032,13440,268768
2024-01-19T22:11:11,377446676,389954332,1987828,0.5,1257200,12677744,51561172,12.79,4768820,10038228,832,900524,1489100,10032,13576,268776
2024-01-19T22:11:16,377480020,389988512,1953688,0.49,1257204,12678584,51660464,12.81,4768872,10037652,2456,899100,1489052,10016,13488,268736
2024-01-19T22:11:21,377482312,389991076,1951172,0.49,1257212,12678824,51662500,12.81,4768880,10039096,496,900328,1489028,10000,13500,268768
2024-01-19T22:11:26,377477832,389987992,1953632,0.49,1257220,12680164,51867244,12.86,4769028,10038768,2588,898900,1489700,10000,13496,268800
2024-01-19T22:11:31,377469928,389981116,1960408,0.5,1257220,12681168,51660392,12.81,4769072,10039308,2408,898316,1489824,10032,13492,268800
2024-01-19T22:11:36,377464308,389975804,1965808,0.5,1257232,12681472,51455816,12.76,4769128,10037320,3448,896496,1489728,10000,13484,268768
2024-01-19T22:11:41,377461080,389973072,1968608,0.5,1257240,12681952,51558580,12.79,4769160,10039004,648,896924,1489668,10016,13468,268816
2024-01-19T22:11:46,377449028,389962080,1979448,0.5,1257248,12683012,51454860,12.76,4769260,10038788,2084,896368,1489812,10000,13516,268864
2024-01-19T22:11:51,377437640,389951828,1989904,0.5,1257248,12684140,51455608,12.76,4769384,10039044,2164,895472,1489616,10032,13496,268800
2024-01-19T22:11:56,377443548,389957996,1983784,0.5,1257252,12684388,51353824,12.74,4769384,10043100,1408,899336,1489576,10000,13472,268832
2024-01-19T22:12:01,377443220,389958120,1983704,0.5,1257256,12684848,51452600,12.76,4769436,10037868,652,894088,1489520,10000,13392,268800
2024-01-19T22:12:06,377432236,389948044,1993944,0.5,1257260,12685684,51761772,12.84,4769472,10044096,2380,899032,1489424,10000,13484,268752
2024-01-19T22:12:11,377431392,389948684,1993452,0.5,1257260,12687088,51454412,12.76,4769620,10042104,2388,895444,1489356,10000,13476,268768
2024-01-19T22:12:16,377423660,389941224,2001012,0.51,1257264,12687360,51453364,12.76,4769616,10044120,1468,897544,1489252,10000,13468,268832
2024-01-19T22:12:21,377428992,389947476,1994220,0.51,1257272,12688284,51558432,12.79,4769712,10044328,1256,896904,1489780,10000,13456,268768
2024-01-19T22:12:26,377424720,389943936,1997688,0.51,1257276,12689032,51555576,12.79,4769772,10046068,2836,897952,1489832,9984,13440,268832
2024-01-19T22:12:31,377420304,389940984,2000696,0.51,1257284,12690476,51459120,12.76,4769816,10051600,1188,902128,1489788,9984,13560,268816
2024-01-19T22:12:36,377446268,389967236,1974268,0.5,1257288,12690716,51452912,12.76,4769924,10045648,1224,895604,1490008,9952,13400,268720
2024-01-19T22:12:41,377469540,389991220,1950132,0.49,1257292,12691452,51661320,12.81,4769996,10047728,2996,897384,1490132,9984,13468,268816
2024-01-19T22:12:46,377478584,390001076,1940572,0.49,1257300,12692264,51663232,12.81,4770056,10052372,2688,901472,1489828,9968,13504,268800
2024-01-19T22:12:51,377477552,390000736,1940616,0.49,1257312,12693000,51457276,12.76,4770112,10049440,3588,897796,1490068,9984,13424,268768
2024-01-19T22:12:56,377485768,390009760,1931660,0.49,1257316,12693776,48636664,12.06,4770168,10022568,448,870024,1490028,9984,12924,268752
2024-01-19T22:13:01,377498476,390024520,1917440,0.49,1257324,12695816,47861592,11.87,4770252,10022144,2572,867644,1489492,9984,12956,268800
2024-01-19T22:13:06,377453872,389979728,1962020,0.5,1257324,12695616,51765020,12.84,4770344,10054220,2184,900108,1489716,9984,13500,268848
2024-01-19T22:13:11,377454632,389981204,1960852,0.5,1257324,12696324,51558416,12.79,4770404,10053240,3500,897936,1489416,9984,13472,268832
2024-01-19T22:13:16,377480364,390008716,1933220,0.49,1257328,12698108,47862060,11.87,4770448,10026940,844,870364,1489528,9968,13088,268768
2024-01-19T22:13:21,377472976,390001812,1939916,0.49,1257336,12698636,47662532,11.82,4770528,10027508,2360,870608,1489684,10032,13072,268808
2024-01-19T22:13:26,377434200,389963072,1978592,0.5,1257340,12698616,48539352,12.04,4770616,10050528,2148,893804,1489800,10016,13476,268856
2024-01-19T22:13:31,377429516,389959388,1982364,0.5,1257344,12699632,51353468,12.73,4770676,10052592,3604,894780,1489692,9984,13452,268880
2024-01-19T22:13:36,377431792,389962528,1979500,0.5,1257348,12700456,51458152,12.76,4770744,10060812,2712,902416,1489452,10000,13528,268768
2024-01-19T22:13:41,377411664,389943116,1998788,0.51,1257356,12701172,51458316,12.76,4770800,10059904,3620,900696,1489568,9984,13508,268784
2024-01-19T22:13:46,377407804,389939984,2001752,0.51,1257360,12701860,51862808,12.86,4770856,10056312,2660,896404,1489772,9984,13464,268720
2024-01-19T22:13:51,377403148,389936124,2005624,0.51,1257372,12702664,51659988,12.81,4770924,10057520,3624,896844,1489740,9984,13456,268784
2024-01-19T22:13:56,377396216,389929900,2011684,0.51,1257372,12703332,51555708,12.79,4770996,10057200,2640,895888,1489944,10000,13472,268816
2024-01-19T22:14:01,377398640,389933424,2007416,0.51,1257376,12704440,51353364,12.73,4771052,10062112,3852,899812,1490676,9984,13492,268768
2024-01-19T22:14:06,377411084,389946464,1994220,0.51,1257380,12704964,51558060,12.79,4771144,10060620,1208,897804,1490900,9968,13480,268784
2024-01-19T22:14:11,377415160,389951164,1989400,0.5,1257384,12705576,51866216,12.86,4771168,10062904,2568,899660,1491028,9968,13484,268816
2024-01-19T22:14:16,377431924,389969144,1971444,0.5,1257388,12706724,51661164,12.81,4771232,10063520,1444,899240,1491068,9952,13456,268848
2024-01-19T22:14:21,377451008,389988816,1951540,0.49,1257388,12707316,51451484,12.76,4771332,10059284,1444,894472,1491296,9952,13392,268768
2024-01-19T22:14:26,377445696,389984160,1956232,0.5,1257388,12707948,51557264,12.79,4771380,10063928,3408,898376,1491284,9968,13464,268800
2024-01-19T22:14:31,377446244,389985360,1954744,0.5,1257388,12708616,51659332,12.81,4771436,10063548,920,897336,1491556,9968,13432,268832
2024-01-19T22:14:36,377478912,390019536,1920904,0.49,1257396,12710136,47963632,11.89,4771504,10033980,2500,866404,1491200,9968,12916,268800
2024-01-19T22:14:41,377462480,390003376,1937380,0.49,1257396,12710316,51863252,12.86,4771588,10064840,2288,897200,1490976,10016,13540,268752
2024-01-19T22:14:46,377444548,389986416,1954452,0.49,1257400,12711252,51662824,12.81,4771632,10070140,2188,901520,1490896,10000,13488,268736
2024-01-19T22:14:51,377451484,389993608,1947488,0.49,1257408,12711500,51660296,12.81,4771692,10065844,1316,897072,1490668,10000,13456,268752
2024-01-19T22:14:56,377442456,389985484,1955776,0.5,1257412,12712268,48949304,12.14,4771752,10065476,1988,895916,1490636,9984,13316,268816
2024-01-19T22:15:01,377459620,390003360,1937908,0.49,1257420,12712944,51245932,12.71,4771840,10060704,1528,890576,1490656,9984,13384,268832
2024-01-19T22:15:06,377432476,389977188,1964116,0.5,1257424,12713836,51559900,12.79,4771880,10072344,1692,901436,1490696,10000,13508,268784
2024-01-19T22:15:11,377431796,389977456,1963952,0.5,1257432,12714740,51559716,12.79,4771960,10069608,1408,897824,1490628,9984,13484,268784
2024-01-19T22:15:16,377450244,389996624,1944964,0.49,1257440,12715344,51558424,12.79,4772012,10071600,1496,899332,1490556,9984,13504,268800
2024-01-19T22:15:21,377461708,390008756,1932828,0.49,1257448,12716008,51462308,12.76,4772012,10077876,828,904916,1490556,10000,13568,268784
2024-01-19T22:15:26,377494200,390042808,1897992,0.48,1257452,12717548,47763888,11.84,4772140,10042856,2572,868416,1491356,10016,13008,268760
2024-01-19T22:15:31,377464632,390013440,1927528,0.49,1257460,12717732,51558080,12.79,4772232,10073416,536,898464,1491196,9984,13472,268784
2024-01-19T22:15:36,377462216,390011460,1929672,0.49,1257464,12718192,51660944,12.81,4772264,10073088,1444,898148,1491004,10000,13480,268816
2024-01-19T22:15:41,377456304,390006256,1935280,0.49,1257472,12718872,51556208,12.79,4772324,10073744,1040,898248,1490620,9984,13428,268816
2024-01-19T22:15:46,377485224,390037040,1904736,0.48,1257476,12720696,46097852,11.43,4772388,10012340,1828,835016,1490416,10000,12348,268912
2024-01-19T22:15:51,377437128,389989080,1952440,0.49,1257484,12720824,51660528,12.81,4772500,10075160,1820,897940,1490672,10016,13456,268880
2024-01-19T22:15:56,377450952,390003648,1938088,0.49,1257484,12721496,51557336,12.79,4772532,10077056,1452,898580,1490528,10032,13440,268896
2024-01-19T22:16:01,377492084,390046212,1895600,0.48,1257488,12722936,47859752,11.87,4772556,10046636,1232,867232,1490440,10016,13088,268880
2024-01-19T22:16:06,377434352,389988616,1953572,0.49,1257492,12723044,51555764,12.79,4772692,10077020,1644,897656,1490088,10000,13488,268784
2024-01-19T22:16:11,377435600,389990388,1951424,0.49,1257492,12723544,51559008,12.79,4772728,10077380,3076,897568,1490488,10032,13520,268864
2024-01-19T22:16:16,377411736,389967220,1974232,0.5,1257496,12724236,51354532,12.74,4772776,10079596,624,899288,1490848,10016,13584,268856
2024-01-19T22:16:21,377446400,390003252,1938036,0.49,1257500,12725560,51872632,12.86,4772904,10084164,2804,902576,1491052,9984,13536,268840
2024-01-19T22:16:26,377452360,390009680,1931536,0.49,1257508,12726048,51560552,12.79,4772932,10083268,540,901360,1491096,10000,13480,268816
2024-01-19T22:16:31,377467244,390024912,1915932,0.49,1257508,12726304,48640312,12.06,4772940,10060820,1272,878408,1491560,10000,13092,268880
2024-01-19T22:16:36,377440240,389999612,1941232,0.49,1257516,12727964,51356740,12.74,4773028,10086564,868,902568,1491596,10000,13512,268864
2024-01-19T22:16:41,377467200,390027064,1913908,0.48,1257524,12728352,51658692,12.81,4773152,10081280,2412,896992,1491564,10032,13516,268864
2024-01-19T22:16:46,377462752,390022824,1918400,0.49,1257528,12728520,48843584,12.11,4773160,10079172,316,894728,1491348,10032,13136,268880
2024-01-19T22:16:51,377443740,390004820,1935988,0.49,1257536,12729440,51560564,12.79,4773228,10086960,2040,901792,1491844,10048,13576,268936
2024-01-19T22:16:56,377420968,389983088,1958264,0.5,1257540,12730472,51662256,12.81,4773316,10086168,1768,899904,1491304,10016,13532,268928
2024-01-19T22:17:01,377426848,389989628,1951756,0.49,1257544,12730956,51763820,12.84,4773344,10086900,3048,900204,1491444,10016,13500,268848
2024-01-19T22:17:06,377413324,389976832,1964448,0.5,1257548,12731664,51454900,12.76,4773396,10086568,2428,899292,1491564,10016,13460,268800
2024-01-19T22:17:11,377413232,389978080,1963220,0.5,1257556,12732956,51559040,12.79,4773480,10088080,1192,899512,1491584,10016,13528,268784
2024-01-19T22:17:16,377435880,390001184,1939908,0.49,1257564,12733396,48744880,12.09,4773592,10084496,1128,895696,1491800,10016,13396,268848
2024-01-19T22:17:21,377423292,389989128,1951744,0.49,1257564,12733860,51040796,12.66,4773596,10085848,1108,896372,1492088,10000,13392,268896
2024-01-19T22:17:26,377443256,390009580,1931156,0.49,1257568,12734288,48542072,12.04,4773348,10071800,736,881816,1492280,10048,12904,268872
2024-01-19T22:17:31,377460224,390028076,1912820,0.48,1257572,12735844,47658328,11.82,4773416,10060100,2376,869088,1492088,9984,12928,268864
2024-01-19T22:17:36,377456548,390024628,1916628,0.49,1257576,12736012,51349600,12.73,4773524,10085300,1936,893668,1491784,10000,13340,268816
2024-01-19T22:17:41,377456640,390025648,1915780,0.49,1257584,12736896,51555588,12.79,4773588,10087996,3368,895528,1491648,10000,13480,268816
2024-01-19T22:17:46,377451980,390021500,1920144,0.49,1257584,12737372,51351412,12.73,4773632,10090628,2532,897724,1491468,10016,13516,268752
2024-01-19T22:17:51,377449240,390019612,1922212,0.49,1257592,12738208,51660328,12.81,4773684,10091508,1032,897776,1491296,9968,13412,268768
2024-01-19T22:17:56,377434296,390005644,1935788,0.49,1257600,12739140,51664092,12.81,4773792,10094624,2628,900108,1491724,10000,13468,268864
2024-01-19T22:18:01,377426708,389998524,1942648,0.49,1257604,12739596,51352296,12.73,4773824,10091700,2192,896720,1491992,10000,13484,268880
2024-01-19T22:18:06,377422540,389995264,1945892,0.49,1257604,12740384,51661768,12.81,4773884,10095564,1968,899916,1492128,10016,13484,268848
2024-01-19T22:18:11,377437264,390010556,1930368,0.49,1257616,12740904,51450112,12.76,4773940,10090972,752,894760,1492396,10000,13328,268864
2024-01-19T22:18:16,377402256,389977144,1963748,0.5,1257624,12742396,51557240,12.79,4774072,10095076,2904,897672,1492524,10016,13460,268896
2024-01-19T22:18:21,377395956,389971356,1969952,0.5,1257628,12742864,48742260,12.09,4774112,10076740,2220,878796,1492148,10016,13084,268864
2024-01-19T22:18:26,377406616,389983644,1957672,0.5,1257636,12744372,47757780,11.84,4774144,10067372,1444,867520,1492252,9984,12920,268880
2024-01-19T22:18:31,377360804,389938152,2003692,0.51,1257648,12744672,51557560,12.79,4774272,10097920,1488,898372,1491732,10016,13572,268832
2024-01-19T22:18:36,377356536,389935460,2006424,0.51,1257652,12746136,51561708,12.79,4774308,10104720,3672,903696,1491800,10000,13556,268848
2024-01-19T22:18:41,377383660,389962608,1979204,0.5,1257652,12746136,51456408,12.76,4774384,10101156,2484,899728,1491896,10000,13508,268832
2024-01-19T22:18:46,377379212,389958584,1983036,0.5,1257660,12746488,51351416,12.73,4774392,10097740,1280,896380,1492152,10000,13504,268832
2024-01-19T22:18:51,377385872,389966332,1975532,0.5,1257668,12747564,51353988,12.74,4774460,10100060,1152,897800,1491912,10016,13556,268816
2024-01-19T22:18:56,377378544,389959988,1981732,0.5,1257668,12748548,51661068,12.81,4774592,10100976,2992,897920,1492056,10000,13512,268832
2024-01-19T22:19:01,377395976,389977796,1963988,0.5,1257676,12748916,51560748,12.79,4774612,10104740,2268,901172,1491992,10000,13488,268816
2024-01-19T22:19:06,377452036,390035088,1907016,0.48,1257684,12750104,44943660,11.15,4774652,10050980,1228,846252,1491708,10000,12532,268800
2024-01-19T22:19:11,377400120,389983424,1958904,0.5,1257692,12750356,51664412,12.81,4774752,10107400,1208,902624,1491476,10000,13592,268856
2024-01-19T22:19:16,377430436,390015052,1926844,0.49,1257692,12751772,51454764,12.76,4774848,10103212,2412,897012,1491804,10000,13488,268912
2024-01-19T22:19:21,377410596,389995516,1946440,0.49,1257700,12752032,51769400,12.84,4774872,10110228,140,903440,1491780,10032,13596,268920
2024-01-19T22:19:26,377431344,390016972,1924320,0.49,1257704,12752704,51559292,12.79,4774940,10104096,1180,896656,1492476,10048,13524,268872
2024-01-19T22:19:31,377426076,390013164,1927852,0.49,1257712,12754140,51661572,12.81,4775072,10107072,2284,898720,1492768,9968,13452,268880
2024-01-19T22:19:36,377433876,390021276,1919596,0.49,1257712,12754444,51451472,12.76,4775088,10103296,476,895212,1492920,10000,13440,268832
2024-01-19T22:19:41,377443036,390031428,1909164,0.48,1257716,12755492,47552016,11.79,4775128,10073820,2068,864196,1493140,10000,12944,268896
2024-01-19T22:19:46,377425388,390014472,1926520,0.49,1257720,12756160,51455224,12.76,4775228,10107236,1836,897056,1492760,10016,13456,268912
2024-01-19T22:19:51,377398996,389989032,1952364,0.49,1257720,12757108,51661988,12.81,4775316,10111440,3476,900316,1492360,9984,13480,268864
2024-01-19T22:19:56,377392200,389982840,1958628,0.5,1257724,12757712,51556208,12.79,4775352,10111836,288,899616,1492284,10016,13520,268832
2024-01-19T22:20:01,377384692,389976172,1965592,0.5,1257732,12758544,51653636,12.81,4775432,10104164,1496,891876,1491988,10000,13460,268816
2024-01-19T22:20:06,377361412,389953964,1987792,0.5,1257732,12759552,51760992,12.84,4775520,10111104,1892,897728,1492060,10000,13460,268816
2024-01-19T22:20:11,377352736,389945860,1995304,0.51,1257732,12760100,51562624,12.79,4775548,10114356,3160,900000,1492676,10000,13448,268856
2024-01-19T22:20:16,377359520,389953204,1987856,0.5,1257740,12760640,51561320,12.79,4775596,10116892,248,902548,1492792,10048,13608,268872
2024-01-19T22:20:21,377395936,389990848,1950392,0.49,1257740,12761804,51452784,12.76,4775708,10110576,1900,895244,1492676,10032,13520,268800
2024-01-19T22:20:26,377386856,389982452,1958796,0.5,1257740,12762472,51143268,12.68,4775756,10110928,1980,894900,1492684,10032,13532,268784
2024-01-19T22:20:31,377373828,389970016,1971216,0.5,1257744,12763064,51764728,12.84,4775808,10118216,1184,901624,1492696,10064,13552,268864
2024-01-19T22:20:36,377354984,389951920,1989068,0.5,1257748,12763748,51660548,12.81,4775860,10116448,888,899236,1493000,10064,13524,268864
2024-01-19T22:20:41,377342680,389940260,2000892,0.51,1257752,12764608,51350712,12.73,4775940,10111532,2248,893780,1492616,10032,13444,268944
2024-01-19T22:20:46,377379136,389977520,1963532,0.5,1257760,12765380,51658576,12.81,4776012,10114620,2200,895996,1492740,10032,13484,268912
2024-01-19T22:20:51,377366568,389965536,1975704,0.5,1257764,12765992,51457540,12.76,4776044,10119916,3280,900688,1492520,10032,13496,268928
2024-01-19T22:20:56,377356112,389956004,1985068,0.5,1257772,12766896,51764868,12.84,4776128,10118916,2484,898996,1492700,10016,13468,268880
2024-01-19T22:21:01,377323880,389924472,2016416,0.51,1257788,12767564,51557348,12.79,4776192,10119616,2504,898972,1492900,10032,13504,268848
2024-01-19T22:21:06,377330744,389932196,2008904,0.51,1257796,12768372,51660088,12.81,4776276,10118572,2448,897136,1492732,10032,13476,268864
2024-01-19T22:21:11,377323824,389925780,2015304,0.51,1257804,12768860,51865220,12.86,4776308,10122364,3548,900504,1492756,10016,13500,268864
2024-01-19T22:21:16,377357476,389960144,1981260,0.5,1257812,12769564,48637824,12.06,4776408,10095192,1772,872576,1492436,10000,13008,268880
2024-01-19T22:21:21,377327764,389931092,2010384,0.51,1257812,12770212,51455500,12.76,4776436,10123552,2900,900540,1492376,10000,13464,268864
2024-01-19T22:21:26,377374636,389979636,1962200,0.5,1257816,12771788,48638692,12.06,4776520,10100132,3060,875468,1492108,10000,12908,268848
2024-01-19T22:21:31,377352292,389957512,1984324,0.5,1257816,12771992,51556584,12.79,4776560,10121804,2800,896992,1492124,10000,13452,268880
2024-01-19T22:21:36,377339772,389946136,1995472,0.51,1257820,12773032,51347388,12.73,4776648,10121148,2220,895572,1492452,10000,13448,268896
2024-01-19T22:21:41,377350124,389957148,1984068,0.5,1257828,12773696,51554292,12.78,4776716,10122044,1724,895848,1492832,10016,13468,268864
2024-01-19T22:21:46,377325148,389933092,2008144,0.51,1257832,12774432,51460256,12.76,4776752,10130392,2976,903312,1492992,10000,13508,268856
2024-01-19T22:21:51,377346596,389956040,1985020,0.5,1257832,12775892,47863148,11.87,4776808,10095324,2184,866908,1493208,10032,13044,268872
2024-01-19T22:21:56,377337960,389947908,1993380,0.5,1257832,12776408,51561324,12.79,4776916,10128480,3488,899580,1492968,10032,13612,268920
2024-01-19T22:22:01,377334480,389945188,1995844,0.51,1257836,12777140,51661200,12.81,4776972,10129928,2412,899884,1493248,10000,13476,268896
2024-01-19T22:22:06,377347068,389958896,1982420,0.5,1257844,12778236,47860668,11.87,4776988,10098112,3156,867316,1492980,10000,12928,268896
2024-01-19T22:22:11,377343712,389956412,1985076,0.5,1257844,12779116,47659660,11.82,4777024,10102548,3652,871032,1492800,10000,13060,268880
2024-01-19T22:22:16,377339624,389952608,1988532,0.5,1257844,12779300,48433004,12.01,4777140,10108548,3228,877028,1493248,10016,13112,268896
2024-01-19T22:22:21,377312780,389926668,2014564,0.51,1257852,12780204,51455196,12.76,4777212,10128836,2408,896464,1493148,10016,13492,268880
2024-01-19T22:22:26,377302236,389917012,2024280,0.51,1257860,12781060,51561464,12.79,4777236,10134780,4184,901988,1493112,10000,13532,268912
2024-01-19T22:22:31,377290344,389905824,2035392,0.52,1257872,12781756,51661804,12.81,4777352,10133900,2452,900164,1493184,10000,13520,268896
2024-01-19T22:22:36,377301612,389917892,2023328,0.51,1257876,12782392,48743864,12.09,4777416,10131652,1624,897220,1493340,10000,13404,268880
2024-01-19T22:22:41,377314268,389931212,2010256,0.51,1257884,12783044,51660204,12.81,4777460,10134708,1204,899628,1493096,10016,13532,268896
2024-01-19T22:22:46,377310312,389928724,2012700,0.51,1257888,12784400,51561480,12.79,4777524,10139416,3520,903020,1493248,10016,13564,268896
2024-01-19T22:22:51,377318280,389936912,2004540,0.51,1257892,12784544,51661504,12.81,4777580,10135008,2304,898504,1493292,10016,13468,268848
2024-01-19T22:22:56,377313100,389932112,2009396,0.51,1257896,12784796,51658476,12.81,4777580,10135112,1388,898400,1493360,10016,13472,268848
2024-01-19T22:23:01,377327800,389948224,1993600,0.5,1257908,12786180,47756832,11.84,4777700,10102128,1320,864296,1493060,10016,12920,268784
2024-01-19T22:23:06,377301300,389922592,2018928,0.51,1257916,12787040,51557596,12.79,4777820,10135796,2692,897200,1493364,9984,13448,268768
2024-01-19T22:23:11,377315328,389937020,2004208,0.51,1257916,12787424,51765088,12.84,4777836,10139524,3712,900336,1493672,10000,13512,268864
2024-01-19T22:23:16,377335192,389957176,1983924,0.5,1257920,12787720,51251104,12.71,4777860,10135688,508,897392,1493792,10000,13364,268864
2024-01-19T22:23:21,377332824,389956120,1985000,0.5,1257924,12788996,51761268,12.84,4777976,10137940,2660,897416,1493804,10000,13532,268768
2024-01-19T22:23:26,377331992,389955964,1985244,0.5,1257924,12789692,51454108,12.76,4778036,10138112,2340,896500,1493696,10032,13568,268816
2024-01-19T22:23:31,377339392,389963936,1977120,0.5,1257928,12790248,51657608,12.81,4778072,10139796,1492,898096,1493860,10000,13488,268800
2024-01-19T22:23:36,377335616,389961100,1979984,0.5,1257940,12791184,51460004,12.76,4778108,10146492,1524,904120,1493824,10000,13516,268832
2024-01-19T22:23:41,377338704,389964468,1976740,0.5,1257944,12791420,48845228,12.11,4778196,10138012,1300,895316,1493740,10000,13380,268880
2024-01-19T22:23:46,377371964,389999072,1942276,0.49,1257948,12792780,47856540,11.87,4778248,10106416,540,862328,1493580,9984,12828,268832
2024-01-19T22:23:51,377322484,389949976,1990776,0.5,1257952,12793144,51662324,12.81,4778328,10145500,2412,901220,1494192,10000,13480,268864
2024-01-19T22:23:56,377325944,389954624,1986412,0.5,1257952,12794332,51559932,12.79,4778388,10146976,2644,901552,1493908,9984,13520,268816
2024-01-19T22:24:01,377335140,389963720,1977112,0.5,1257956,12794336,51456480,12.76,4778420,10146552,1212,901024,1494004,9984,13500,268864
2024-01-19T22:24:06,377335384,389965420,1974752,0.5,1257960,12795800,51656664,12.81,4778560,10142488,1752,895800,1494652,10000,13464,268768
2024-01-19T22:24:11,377326460,389956856,1983536,0.5,1257964,12796128,48745856,12.09,4778592,10145948,2772,898796,1494460,9984,13408,268768
2024-01-19T22:24:16,377317836,389949176,1991504,0.5,1257968,12797072,51658176,12.81,4778656,10144208,2412,896308,1494168,9984,13508,268784
2024-01-19T22:24:21,377315580,389947792,1993408,0.5,1257968,12797916,48637840,12.06,4778744,10139920,2836,891244,1493676,9984,13008,268816
2024-01-19T22:24:26,377306324,389939664,2001556,0.51,1257968,12799056,51042828,12.66,4778784,10148876,280,899120,1493644,9968,13496,268768
2024-01-19T22:24:31,377301024,389934568,2006488,0.51,1257968,12799296,51659160,12.81,4778828,10148740,1852,898708,1493772,9984,13492,268800
2024-01-19T22:24:36,377301680,389935892,2005208,0.51,1257980,12799932,51456232,12.76,4778896,10150020,1372,899492,1493748,9984,13412,268768
2024-01-19T22:24:41,377283260,389918684,2022440,0.51,1257988,12801148,51559044,12.79,4778984,10148456,2012,896672,1493712,10000,13496,268832
2024-01-19T22:24:46,377302980,389938852,2002328,0.51,1257996,12801592,48639396,12.06,4779036,10131140,1528,879636,1493652,10000,13140,268832
2024-01-19T22:24:51,377275936,389912496,2029000,0.51,1258004,12802248,51660912,12.81,4779092,10153784,2428,900960,1493360,9968,13444,268752
2024-01-19T22:24:56,377312844,389950636,1990728,0.5,1258016,12803452,47963472,11.89,4779124,10121228,1796,867248,1493508,10000,12956,268736
2024-01-19T22:25:01,377306872,389945216,1996064,0.51,1258020,12803964,51764896,12.84,4779260,10154348,1768,900084,1493628,9984,13492,268752
2024-01-19T22:25:06,377305968,389945084,1996136,0.51,1258028,12804684,51452156,12.76,4779320,10149796,3456,894996,1493732,9984,13480,268752
2024-01-19T22:25:11,377305412,389944984,1996376,0.51,1258032,12805140,51454372,12.76,4779356,10152640,2672,897148,1493588,9968,13472,268816
2024-01-19T22:25:16,377294848,389935200,2006136,0.51,1258036,12805916,51763272,12.84,4779428,10154912,3328,898864,1493612,9984,13404,268752
2024-01-19T22:25:21,377278524,389919452,2021952,0.51,1258044,12806452,51761116,12.84,4779476,10154020,2412,897400,1493576,9984,13408,268784
2024-01-19T22:25:26,377308576,389950388,1990656,0.5,1258044,12807340,51661500,12.81,4779544,10159436,1876,902020,1493932,10016,13576,268736
2024-01-19T22:25:31,377326564,389969692,1971284,0.5,1258048,12808604,51553908,12.78,4779652,10152996,2004,894440,1494048,10000,13376,268784
2024-01-19T22:25:36,377317800,389961740,1979004,0.5,1258052,12809356,51767440,12.84,4779720,10162248,3368,903124,1494336,9968,13520,268736
2024-01-19T22:25:41,377316124,389961080,1979620,0.5,1258060,12810332,51558416,12.79,4779760,10160768,3076,900492,1494412,9968,13564,268736
2024-01-19T22:25:46,377307256,389952496,1988636,0.5,1258064,12810588,51555692,12.79,4779820,10157352,3724,896952,1494004,9984,13488,268768
2024-01-19T22:25:51,377293024,389939520,2001792,0.51,1258068,12811856,45816056,11.36,4779876,10144664,2608,865996,1493808,9984,13368,268672
2024-01-19T22:25:56,377290048,389936928,2003904,0.51,1258068,12812656,51457100,12.76,4780000,10164500,3640,902244,1493872,9952,13600,268736
2024-01-19T22:26:01,377319620,389967060,1974060,0.5,1258072,12813192,51458244,12.76,4780056,10160900,2532,898076,1493604,10000,13604,268776
2024-01-19T22:26:06,377329440,389977488,1963496,0.5,1258072,12813880,51455244,12.76,4780084,10161292,1684,897904,1493660,9952,13532,268720
2024-01-19T22:26:11,377353356,390002200,1939020,0.49,1258072,12814664,51556104,12.79,4780160,10162204,1232,898152,1493436,9952,13464,268656
2024-01-19T22:26:16,377360868,390010700,1930672,0.49,1258076,12815656,51763328,12.84,4780240,10165224,3144,900152,1493276,9968,13508,268784
2024-01-19T22:26:21,377356128,390006292,1935216,0.49,1258080,12815940,51760720,12.84,4780264,10162176,288,896728,1493184,9952,13476,268800
2024-01-19T22:26:26,377339928,389990912,1950840,0.49,1258084,12816760,51457084,12.76,4780312,10166708,2028,900652,1492936,9952,13520,268880
2024-01-19T22:26:31,377372536,390024632,1916884,0.49,1258084,12817876,51661428,12.81,4780428,10166500,948,898972,1493168,9952,13500,268864
2024-01-19T22:26:36,377371060,390023880,1917684,0.49,1258088,12818588,51356616,12.74,4780440,10168536,840,900716,1493128,9920,13460,268784
2024-01-19T22:26:41,377349676,390002944,1938256,0.49,1258096,12818964,51352556,12.73,4780512,10164992,2336,896860,1493556,9952,13468,268848
2024-01-19T22:26:46,377372348,390026876,1914428,0.48,1258100,12820184,51248876,12.71,4780592,10166284,2180,897040,1493488,9936,13496,268800
2024-01-19T22:26:51,377369076,390024260,1917120,0.49,1258108,12820788,51661632,12.81,4780688,10170572,3680,900480,1493456,9984,13540,268800
2024-01-19T22:26:56,377385896,390041344,1900136,0.48,1258108,12821028,51558028,12.79,4780692,10170124,440,900100,1493380,9984,13508,268768
2024-01-19T22:27:01,377377884,390034324,1906792,0.48,1258108,12821956,51356092,12.74,4780724,10170140,2188,899348,1493808,9968,13520,268752
2024-01-19T22:27:06,377377328,390034956,1906412,0.48,1258108,12823212,51355424,12.74,4780836,10172692,2368,900764,1493488,9984,13548,268672
2024-01-19T22:27:11,377386820,390044928,1895792,0.48,1258116,12823692,51764760,12.84,4780924,10175428,3460,903008,1494128,9984,13496,268768
2024-01-19T22:27:16,377389240,390047592,1893096,0.48,1258116,12823916,51864556,12.86,4780932,10171876,2704,899308,1494180,10000,13516,268736
2024-01-19T22:27:21,377403320,390062424,1877768,0.48,1258120,12824676,48842400,12.11,4780980,10148540,3252,875176,1494664,9968,13272,268752
2024-01-19T22:27:26,377366468,390027128,1913476,0.48,1258132,12826220,51349836,12.73,4781168,10169396,2084,894736,1494252,9968,13488,268704
2024-01-19T22:27:31,377351224,390012356,1928112,0.49,1258140,12826656,51356508,12.74,4781188,10174044,3636,899064,1494416,10016,13588,268808
2024-01-19T22:27:36,377358488,390020248,1920188,0.49,1258144,12827272,51562872,12.79,4781228,10176948,2776,901376,1494456,10048,13688,268792
2024-01-19T22:27:41,377370564,390033264,1907436,0.48,1258152,12828196,51658460,12.81,4781304,10173908,3372,897208,1494200,9984,13500,268800
2024-01-19T22:27:46,377352728,390016252,1924328,0.49,1258156,12829020,51561784,12.79,4781396,10176684,2504,899420,1494316,10016,13568,268856
2024-01-19T22:27:51,377329092,389993780,1946772,0.49,1258160,12830180,51557960,12.79,4781440,10178084,4008,899656,1494344,10000,13540,268800
2024-01-19T22:27:56,377337440,390002384,1938528,0.49,1258164,12830424,51559376,12.79,4781496,10177680,2676,899108,1493992,10000,13524,268832
2024-01-19T22:28:01,377322360,389987956,1952736,0.49,1258164,12831100,51457768,12.76,4781548,10177988,3476,898296,1494188,9984,13480,268848
2024-01-19T22:28:06,377331308,389997816,1942888,0.49,1258168,12831976,51457752,12.76,4781636,10179828,2504,899748,1494208,9968,13492,268848
2024-01-19T22:28:11,377323608,389990472,1950196,0.49,1258168,12832332,51451832,12.76,4781640,10178712,3572,898208,1494244,9968,13528,268832
2024-01-19T22:28:16,377320276,389987856,1953204,0.49,1258168,12833056,51655276,12.81,4781712,10175596,984,894492,1493844,9968,13456,268800
2024-01-19T22:28:21,377343932,390012424,1928960,0.49,1258172,12833912,51555468,12.79,4781780,10178272,1760,896520,1493572,9952,13432,268736
2024-01-19T22:28:26,377339596,390008800,1932660,0.49,1258184,12834616,51657388,12.81,4781860,10178908,692,896352,1493492,9984,13496,268800
2024-01-19T22:28:31,377401528,390072112,1869592,0.47,1258192,12835956,47961112,11.89,4781896,10149512,1304,865712,1493280,9984,12948,268816
2024-01-19T22:28:36,377355416,390026264,1915248,0.49,1258200,12836208,51455184,12.76,4781992,10182020,3352,898024,1493476,9984,13504,268832
2024-01-19T22:28:41,377344960,390017040,1924508,0.49,1258204,12837452,51561836,12.79,4782000,10191368,1532,906148,1493424,9984,13588,268848
2024-01-19T22:28:46,377350944,390024352,1917044,0.49,1258216,12838608,47860672,11.87,4782120,10152772,2728,866544,1493736,9984,12960,268800
2024-01-19T22:28:51,377330924,390004080,1937092,0.49,1258224,12838360,51355592,12.74,4782156,10185808,1968,899384,1493948,10000,13556,268832
2024-01-19T22:28:56,377316976,389991152,1949468,0.49,1258228,12839252,51659108,12.81,4782248,10184764,1980,898052,1494624,9984,13508,268816
2024-01-19T22:29:01,377341384,390016064,1924964,0.49,1258236,12839764,51553852,12.78,4782292,10181012,832,893688,1494200,9984,13480,268864
2024-01-19T22:29:06,377331360,390007028,1933880,0.49,1258244,12840572,51555984,12.79,4782372,10184304,2396,896224,1494492,9984,13500,268848
2024-01-19T22:29:11,377335080,390012108,1928944,0.49,1258256,12841876,51458080,12.76,4782452,10191516,2508,902284,1494392,9984,13564,268832
2024-01-19T22:29:16,377369932,390047964,1893180,0.48,1258260,12842860,47754472,11.84,4782504,10153188,3364,863012,1494316,9984,13008,268880
2024-01-19T22:29:21,377337992,390016156,1925124,0.49,1258268,12842976,51554240,12.78,4782568,10186904,2600,896768,1494188,9984,13492,268832
2024-01-19T22:29:26,377332432,390011592,1929556,0.49,1258268,12843956,51452956,12.76,4782656,10188260,3724,897084,1494336,9984,13516,268816
2024-01-19T22:29:31,377340508,390020776,1920460,0.49,1258276,12845036,47654208,11.82,4782700,10157824,2180,865660,1494268,9984,12952,268800
2024-01-19T22:29:36,377321008,390001472,1939828,0.49,1258280,12845116,51455572,12.76,4782760,10190668,1640,898460,1494316,9984,13504,268880
2024-01-19T22:29:41,377325580,390006496,1935148,0.49,1258292,12845560,51659924,12.81,4782796,10190468,960,897760,1493968,9984,13492,268880
2024-01-19T22:29:46,377346476,390028928,1912464,0.48,1258300,12846976,47960824,11.89,4782860,10160084,2532,866040,1494332,9984,12932,268848
2024-01-19T22:29:51,377309252,389991916,1949680,0.49,1258312,12847160,51455752,12.76,4782964,10194100,2248,900024,1494144,9984,13536,268816
2024-01-19T22:29:56,377317556,390001072,1940600,0.49,1258316,12847988,51658880,12.81,4783020,10192688,2968,897312,1494088,9968,13492,268832
2024-01-19T22:30:01,377316380,390000372,1941300,0.49,1258316,12848412,51762720,12.84,4783052,10194824,2428,899596,1494140,9968,13520,268816
2024-01-19T22:30:06,377323216,390008036,1933424,0.49,1258320,12849232,51658048,12.81,4783104,10193584,884,897668,1494356,9984,13500,268848
2024-01-19T22:30:11,377324772,390010324,1931016,0.49,1258320,12849988,51766488,12.84,4783172,10197980,1016,901512,1494452,10016,13664,268872
2024-01-19T22:30:16,377313424,389999688,1941800,0.49,1258320,12850700,51349032,12.73,4783244,10192252,1684,894864,1494304,9968,13488,268784
2024-01-19T22:30:21,377324560,390011952,1929380,0.49,1258328,12851728,51660040,12.81,4783320,10197536,1084,899124,1494552,10000,13544,268800
2024-01-19T22:30:26,377315768,390003796,1937420,0.49,1258336,12852372,51656208,12.81,4783380,10193088,1256,894276,1494652,10000,13492,268784
2024-01-19T22:30:31,377306128,389994936,1945792,0.49,1258336,12853196,51352696,12.73,4783448,10199512,2496,899944,1495096,10016,13520,268944
2024-01-19T22:30:36,377306336,389995884,1944716,0.49,1258340,12853912,51450400,12.76,4783520,10194220,2468,893956,1495244,10032,13396,268896
2024-01-19T22:30:41,377298988,389989008,1951656,0.49,1258344,12854636,51759676,12.84,4783560,10197608,900,896580,1494924,10016,13528,268912
2024-01-19T22:30:46,377300756,389991580,1948864,0.49,1258344,12855312,51660016,12.81,4783616,10200104,1096,898072,1495272,10000,13508,268832
2024-01-19T22:30:51,377297676,389989740,1950612,0.49,1258348,12856520,51658096,12.81,4783716,10201128,2748,898400,1495392,10000,13532,268896
2024-01-19T22:30:56,377298976,389992588,1947828,0.49,1258348,12858084,51351988,12.73,4783764,10202312,3244,898068,1495312,10000,13572,268880
2024-01-19T22:31:01,377309644,390003824,1936652,0.49,1258352,12858628,47858852,11.87,4783836,10170736,2776,865984,1495272,9968,12944,268880
2024-01-19T22:31:06,377264560,389958928,1981604,0.5,1258368,12858824,51457376,12.76,4783912,10206984,2488,901716,1495192,9984,13560,268832
2024-01-19T22:31:11,377264248,389959928,1981000,0.5,1258368,12860192,51256376,12.71,4783996,10206728,3896,900564,1494740,9984,13568,268880
2024-01-19T22:31:16,377300784,389997316,1943780,0.49,1258372,12861000,47655176,11.82,4784028,10173372,2696,866540,1494612,9984,13064,268880
2024-01-19T22:31:21,377260432,389957136,1984000,0.5,1258376,12861208,51455728,12.76,4784084,10205736,3592,898776,1494532,9984,13560,268880
2024-01-19T22:31:26,377260160,389957348,1983880,0.5,1258376,12861816,51453568,12.76,4784164,10205140,2596,897500,1494316,10000,13512,268864
2024-01-19T22:31:31,377256680,389955352,1986228,0.5,1258384,12863504,47961728,11.89,4784240,10175428,3112,866220,1493752,9984,12964,268944
2024-01-19T22:31:36,377224480,389923140,2018484,0.51,1258388,12863492,51044984,12.66,4784276,10209512,256,900340,1493704,10000,13496,268928
2024-01-19T22:31:41,377220836,389919704,2021660,0.51,1258392,12863764,51557888,12.79,4784328,10209600,716,900136,1493896,10000,13524,268880
2024-01-19T22:31:46,377238400,389938492,2002816,0.51,1258400,12864984,51462712,12.76,4784408,10213556,1872,903176,1493948,10032,13612,268904
2024-01-19T22:31:51,377252024,389952784,1988920,0.5,1258400,12865700,51558400,12.79,4784504,10209164,3112,897984,1493504,10000,13512,268960
2024-01-19T22:31:56,377278424,389980244,1961452,0.5,1258408,12866760,47962156,11.89,4784520,10181356,2616,869100,1493504,10000,13084,268912
2024-01-19T22:32:01,377280092,389981820,1959836,0.5,1258412,12866616,51850780,12.86,4784576,10213796,2444,901776,1493592,10000,13488,268944
2024-01-19T22:32:06,377287512,389990164,1950848,0.49,1258420,12867496,48640328,12.06,4784672,10203176,2000,890316,1494272,10000,13104,268864
2024-01-19T22:32:11,377298044,390001836,1939132,0.49,1258420,12868632,48640936,12.06,4784736,10190388,1752,877016,1494320,9984,12960,268800
2024-01-19T22:32:16,377269284,389973648,1967148,0.5,1258420,12869188,51657684,12.81,4784788,10210812,1584,896488,1494508,10000,13520,268832
2024-01-19T22:32:21,377317508,390023284,1917504,0.49,1258424,12870584,47758792,11.84,4784844,10181404,1240,865732,1494528,10000,12940,268832
2024-01-19T22:32:26,377278540,389984244,1956540,0.5,1258428,12870492,51559740,12.79,4784884,10215924,2568,900356,1494548,10000,13480,268832
2024-01-19T22:32:31,377302204,390008696,1932516,0.49,1258436,12871228,45720408,11.34,4784996,10187884,1768,871656,1494164,10000,12904,268832
2024-01-19T22:32:36,377257836,389965608,1975528,0.5,1258436,12872512,51353816,12.74,4785084,10216788,3324,899464,1494236,10000,13512,268848
2024-01-19T22:32:41,377257720,389966052,1974932,0.5,1258436,12873044,51762152,12.84,4785124,10217708,2572,899708,1494416,9984,13540,268800
2024-01-19T22:32:46,377241892,389950628,1990288,0.5,1258444,12873420,51556072,12.79,4785132,10216460,1336,898092,1494504,9984,13552,268800
2024-01-19T22:32:51,377289196,389998828,1942096,0.49,1258448,12874256,44942288,11.15,4785192,10166652,736,847564,1494552,9968,12544,268784
2024-01-19T22:32:56,377252860,389963828,1976164,0.5,1258448,12875608,51348884,12.73,4785332,10217568,3168,897236,1495468,9968,13508,268896
2024-01-19T22:33:01,377248556,389959960,1980472,0.5,1258452,12876084,51556948,12.79,4785368,10221924,2580,901112,1494984,9968,13520,268880
2024-01-19T22:33:06,377246728,389958740,1981768,0.5,1258456,12876720,51661584,12.81,4785420,10220784,1448,899544,1494876,9984,13516,268848
2024-01-19T22:33:11,377259628,389973052,1967460,0.5,1258460,12878108,47864268,11.87,4785464,10190036,1120,867248,1494892,10000,13088,268824
2024-01-19T22:33:16,377237604,389951368,1988880,0.5,1258468,12878536,51770040,12.84,4785580,10226076,2948,903052,1495060,9984,13480,268808
2024-01-19T22:33:21,377249508,389963788,1976308,0.5,1258480,12879072,51462480,12.76,4785636,10225740,2320,902268,1495180,10032,13580,268808
2024-01-19T22:33:26,377244484,389959608,1980688,0.5,1258484,12879884,51461936,12.76,4785684,10229536,3564,905332,1495008,10032,13668,268824
2024-01-19T22:33:31,377237572,389953592,1987000,0.5,1258488,12880764,51454156,12.76,4785772,10221680,2472,896664,1494724,9984,13500,268848
2024-01-19T22:33:36,377222004,389938760,2002116,0.51,1258492,12881496,51452688,12.76,4785816,10221480,1620,895792,1494440,9984,13504,268864
2024-01-19T22:33:41,377214488,389932004,2009072,0.51,1258496,12882256,51762228,12.84,4785892,10225288,1384,898972,1494236,9984,13512,268816
2024-01-19T22:33:46,377218016,389935772,2005376,0.51,1258500,12882464,51644184,12.81,4785896,10229544,352,902876,1494192,9952,13480,268832
2024-01-19T22:33:51,377228156,389946728,1994864,0.51,1258504,12883280,51559216,12.79,4785968,10226536,760,899196,1493744,9984,13520,268832
2024-01-19T22:33:56,377223276,389942960,1998664,0.51,1258508,12884360,51556548,12.79,4786080,10224892,1960,896468,1493740,9984,13508,268784
2024-01-19T22:34:01,377240636,389960796,1980456,0.5,1258508,12884828,51661356,12.81,4786104,10228928,3432,900188,1494120,9984,13516,268864
2024-01-19T22:34:06,377235356,389956008,1985180,0.5,1258512,12885308,51354940,12.74,4786140,10228912,368,899712,1494192,9984,13520,268832
2024-01-19T22:34:11,377241084,389962600,1977936,0.5,1258516,12886172,51352656,12.73,4786224,10227556,2224,897656,1494840,9984,13444,268816
2024-01-19T22:34:16,377246504,389969128,1971152,0.5,1258524,12887276,51560572,12.79,4786320,10234152,2016,903204,1495092,9984,13528,268768
2024-01-19T22:34:21,377260436,389983796,1956856,0.5,1258532,12887988,51764488,12.84,4786392,10232424,3552,900828,1494736,9984,13524,268736
2024-01-19T22:34:26,377259252,389983380,1957340,0.5,1258536,12888760,51561116,12.79,4786400,10234524,920,902024,1494660,10000,13540,268784
2024-01-19T22:34:31,377233832,389958404,1982344,0.5,1258544,12889180,51556556,12.79,4786484,10229120,2160,896532,1494648,10000,13500,268768
2024-01-19T22:34:36,377206964,389933368,2007056,0.51,1258548,12891004,51355532,12.74,4786532,10239192,2888,904148,1494976,9984,13616,268752
2024-01-19T22:34:41,377203396,389929720,2011184,0.51,1258552,12890872,51556596,12.79,4786644,10234132,3468,899848,1494544,9984,13532,268736
2024-01-19T22:34:46,377233188,389960160,1980736,0.5,1258552,12891496,48743200,12.09,4786680,10232672,2296,897692,1494576,9984,13236,268688
2024-01-19T22:34:51,377222728,389950660,1990088,0.5,1258552,12892424,51555308,12.79,4786752,10233808,3460,898084,1494756,9984,13508,268784
2024-01-19T22:34:56,377213064,389941512,1999280,0.51,1258556,12892940,51559448,12.79,4786796,10236696,2668,900444,1494708,9984,13544,268800
2024-01-19T22:35:01,377244188,389973904,1966748,0.5,1258556,12894176,51562952,12.79,4786912,10238384,3556,901068,1494880,10016,13608,268872
2024-01-19T22:35:06,377247960,389977936,1962656,0.5,1258568,12894412,51041212,12.66,4786920,10236344,292,898600,1494952,9984,13476,268864
2024-01-19T22:35:11,377223592,389954456,1985920,0.5,1258572,12895276,51865588,12.86,4786996,10238240,2072,899752,1495188,9984,13516,268864
2024-01-19T22:35:16,377233548,389964612,1975980,0.5,1258576,12895396,51862300,12.86,4786744,10236256,1456,897456,1495048,9984,13532,268848
2024-01-19T22:35:21,377248184,389979772,1961308,0.5,1258580,12895940,48742784,12.09,4786788,10224152,1508,884424,1494536,9984,13216,268896
2024-01-19T22:35:26,377259892,389992432,1948692,0.49,1258580,12896864,51387700,12.74,4786860,10240512,1448,900344,1494520,9952,13504,268832
2024-01-19T22:35:31,377264340,389997672,1943240,0.49,1258584,12897664,51543836,12.78,4786884,10245508,1008,904676,1494720,9936,13464,268768
2024-01-19T22:35:36,377251136,389985480,1955048,0.5,1258592,12898636,51763264,12.84,4787016,10241744,2824,899496,1495136,9952,13488,268800
2024-01-19T22:35:41,377248284,389983312,1957580,0.5,1258600,12899332,51453980,12.76,4787072,10240656,1056,898176,1494752,9936,13500,268800
2024-01-19T22:35:46,377258096,389993724,1947348,0.49,1258604,12899840,51353044,12.73,4787116,10242532,2436,899724,1494660,9936,13532,268768
2024-01-19T22:35:51,377259728,389996324,1944504,0.49,1258612,12900804,51561744,12.79,4787200,10244828,1220,901120,1494900,9936,13500,268736
2024-01-19T22:35:56,377256188,389993732,1946732,0.49,1258612,12901652,51352072,12.73,4787264,10241972,2956,897348,1495364,9936,13496,268736
2024-01-19T22:36:01,377261216,389999636,1941072,0.49,1258612,12902528,51761012,12.84,4787344,10243468,1176,898020,1495120,9936,13480,268784
2024-01-19T22:36:06,377256916,389996136,1944576,0.49,1258616,12903276,51660740,12.81,4787412,10247876,2724,901756,1495164,9936,13540,268736
2024-01-19T22:36:11,377260344,390000040,1940768,0.49,1258628,12903748,51661180,12.81,4787452,10247524,656,900920,1495060,9936,13528,268720
2024-01-19T22:36:16,377285532,390026332,1914212,0.48,1258636,12904780,48947992,12.14,4787540,10226656,2044,879308,1495388,9936,13136,268752
2024-01-19T22:36:21,377266064,390007640,1932656,0.49,1258648,12905528,51762020,12.84,4787616,10247772,1736,899672,1495652,9936,13516,268720
2024-01-19T22:36:26,377254008,389996324,1944072,0.49,1258656,12906188,51558184,12.79,4787684,10249336,3424,900648,1495624,9936,13536,268736
2024-01-19T22:36:31,377248828,389991928,1948484,0.49,1258664,12906932,51761652,12.84,4787732,10248616,628,899140,1495640,9920,13516,268720
2024-01-19T22:36:36,377279540,390023948,1916424,0.49,1258668,12908148,47553152,11.79,4787788,10219412,3020,868636,1495768,9920,13488,268688
2024-01-19T22:36:41,377251460,389996416,1944184,0.49,1258672,12908672,51352776,12.73,4787888,10249328,2152,898376,1495560,9920,13512,268720
2024-01-19T22:36:46,377238732,389984408,1956632,0.5,1258680,12909200,51657360,12.81,4787920,10247960,1552,896456,1495304,9920,13508,268752
2024-01-19T22:36:51,377223300,389969972,1971164,0.5,1258692,12910168,51663256,12.81,4788032,10253952,1412,901452,1495224,9920,13516,268784
2024-01-19T22:36:56,377234580,389981932,1959084,0.5,1258696,12910688,48744152,12.09,4788088,10249104,2788,896284,1495500,9920,13400,268800
2024-01-19T22:37:01,377252100,390001300,1939752,0.49,1258708,12912500,47859816,11.87,4788156,10221216,2536,866632,1495488,9904,13048,268720
2024-01-19T22:37:06,377210376,389959864,1980984,0.5,1258712,12912732,51457812,12.76,4788196,10256216,1880,901524,1495744,9920,13564,268672
2024-01-19T22:37:11,377244276,389994588,1946276,0.49,1258720,12913576,47863564,11.87,4788232,10225744,736,870200,1495700,9904,12964,268688
2024-01-19T22:37:16,377226872,389977528,1963504,0.5,1258724,12913872,51555616,12.79,4788336,10252308,2852,896436,1495576,9904,13508,268784
2024-01-19T22:37:21,377215196,389967188,1974104,0.5,1258728,12915188,51356308,12.74,4788432,10258048,2532,901004,1495332,9888,13544,268752
2024-01-19T22:37:26,377218780,389970820,1970468,0.5,1258732,12915216,51766216,12.84,4788476,10259936,340,902896,1495352,9920,13660,268728
2024-01-19T22:37:31,377214104,389966576,1974500,0.5,1258736,12915592,51355388,12.74,4788476,10259264,1832,901888,1495616,9904,13508,268800
2024-01-19T22:37:36,377232928,389986332,1954428,0.49,1258740,12916508,48744328,12.09,4788568,10239932,1468,881752,1495944,9904,13148,268800
2024-01-19T22:37:41,377242720,389997976,1942844,0.49,1258748,12918328,47964652,11.89,4788656,10230060,3124,870024,1495908,9888,12988,268800
2024-01-19T22:37:46,377212516,389967672,1973352,0.5,1258748,12918232,51865468,12.86,4788704,10260340,2680,900460,1495700,9920,13520,268864
2024-01-19T22:37:51,377213884,389969616,1971364,0.5,1258748,12918692,51350952,12.73,4788748,10256916,3824,896632,1495860,9920,13504,268848
2024-01-19T22:37:56,377204376,389960768,1980304,0.5,1258748,12919360,51764920,12.84,4788808,10263536,2824,902832,1495760,9920,13516,268832
2024-01-19T22:38:01,377195756,389953392,1986888,0.5,1258752,12920584,51557220,12.79,4788916,10260624,3272,898728,1496568,9920,13460,268800
2024-01-19T22:38:06,377195204,389953472,1986748,0.5,1258760,12921168,48949804,12.14,4788980,10261496,2368,899032,1496668,9920,13444,268784
2024-01-19T22:38:11,377194824,389953680,1986584,0.5,1258768,12921616,51660636,12.81,4789000,10264812,1192,901828,1496756,9920,13504,268784
2024-01-19T22:38:16,377219824,389979400,1960800,0.5,1258780,12922332,48634856,12.06,4789072,10237640,996,874052,1496812,9920,13112,268768
2024-01-19T22:38:21,377193540,389954220,1985956,0.5,1258780,12923364,51764764,12.84,4789156,10265952,2780,900984,1496908,9920,13536,268800
2024-01-19T22:38:26,377182244,389943804,1996396,0.51,1258784,12924240,51558048,12.79,4789248,10264916,2548,899680,1496884,9952,13596,268784
2024-01-19T22:38:31,377181272,389943112,1996884,0.51,1258784,12924476,51353816,12.74,4789244,10267876,1252,901752,1497132,9920,13536,268848
2024-01-19T22:38:36,377199248,389962336,1978248,0.5,1258788,12925772,51762392,12.84,4789352,10264812,1408,898028,1496492,9920,13544,268800
2024-01-19T22:38:41,377188172,389951764,1989072,0.5,1258788,12926220,51453476,12.76,4789392,10264708,2648,897528,1496296,9904,13540,268832
2024-01-19T22:38:46,377204348,389968876,1972236,0.5,1258788,12927116,51558716,12.79,4789472,10269044,2528,901004,1496060,9904,13500,268832
2024-01-19T22:38:51,377192808,389957688,1983144,0.5,1258788,12927468,51556844,12.79,4789476,10269720,3536,901360,1496340,9904,13576,268752
2024-01-19T22:38:56,377196000,389961732,1979252,0.5,1258792,12928320,51560296,12.79,4789564,10269380,1064,900428,1496184,9936,13616,268744
2024-01-19T22:39:01,377201332,389967920,1972948,0.5,1258800,12929160,51448856,12.76,4789636,10263148,2484,893200,1496308,9920,13436,268736
2024-01-19T22:39:06,377200380,389967712,1973164,0.5,1258808,12929892,51355140,12.74,4789692,10269580,2316,899000,1496304,9872,13412,268672
2024-01-19T22:39:11,377208708,389977272,1963528,0.5,1258812,12931092,47653156,11.82,4789728,10239120,2368,867328,1496408,9920,12908,268608
2024-01-19T22:39:16,377208452,389977348,1963680,0.5,1258816,12931440,51760564,12.84,4789832,10268532,2068,896624,1496160,9920,13420,268688
2024-01-19T22:39:21,377227536,389997720,1943304,0.49,1258816,12932716,44738552,11.09,4789872,10236712,2124,863440,1496176,9904,12864,268656
2024-01-19T22:39:26,377186372,389956476,1983980,0.5,1258824,12932816,48540056,12.04,4789936,10272108,3572,898684,1496556,9936,13128,268736
2024-01-19T22:39:31,377197968,389968976,1971200,0.5,1258828,12933692,48640980,12.06,4789984,10256264,864,882120,1496860,9920,13364,268704
2024-01-19T22:39:36,377171008,389942956,1997644,0.51,1258836,12934668,51558884,12.79,4790092,10273860,2692,898964,1496392,9968,13636,268808
2024-01-19T22:39:41,377185928,389958412,1982228,0.5,1258844,12935152,48642736,12.06,4790140,10256880,1972,881432,1496396,9936,13164,268752
2024-01-19T22:39:46,377200236,389974308,1966180,0.5,1258852,12936764,47653356,11.82,4790192,10243368,1744,866484,1496516,9936,12964,268816
2024-01-19T22:39:51,377216020,389991120,1948984,0.49,1258864,12937748,47860892,11.87,4790300,10245096,2048,867244,1496932,9920,13036,268816
2024-01-19T22:39:56,377189660,389964880,1975528,0.5,1258868,12937868,51348412,12.73,4790380,10274936,3068,897008,1496624,9952,13436,268800
2024-01-19T22:40:01,377193436,389969168,1971512,0.5,1258876,12938308,51560572,12.79,4790400,10280420,372,901560,1496416,9968,13564,268832
2024-01-19T22:40:06,377182220,389959276,1981536,0.5,1258880,12939636,51659544,12.81,4790484,10277152,2220,897604,1496276,9968,13524,268752
2024-01-19T22:40:11,377205504,389983832,1956880,0.5,1258880,12940844,47652540,11.82,4790512,10245080,816,864208,1496440,9952,12908,268752
2024-01-19T22:40:16,377190916,389969468,1971108,0.5,1258880,12941012,51657768,12.81,4790624,10278764,1788,897972,1496632,9968,13432,268768
2024-01-19T22:40:21,377186868,389965896,1974816,0.5,1258888,12941452,51452072,12.76,4790632,10279428,344,898132,1496524,9968,13500,268768
2024-01-19T22:40:26,377176628,389956688,1984164,0.5,1258896,12942412,51659356,12.81,4790724,10280440,2136,898460,1496448,9968,13516,268816
2024-01-19T22:40:31,377213896,389995184,1945748,0.49,1258904,12943632,47849716,11.87,4790760,10250292,428,867092,1496368,9968,12952,268816
2024-01-19T22:40:36,377190000,389971956,1969048,0.5,1258908,12944212,51558216,12.79,4790884,10283836,2108,899568,1496380,10000,13528,268848
2024-01-19T22:40:41,377186224,389968416,1972592,0.5,1258912,12944436,51865576,12.86,4790892,10285508,1680,901512,1496384,10000,13532,268832
2024-01-19T22:40:46,377195704,389978780,1961952,0.5,1258920,12945208,51455520,12.76,4790924,10285812,1204,901156,1496764,10016,13452,268864
2024-01-19T22:40:51,377231732,390017320,1923608,0.49,1258928,12947680,47966380,11.9,4791056,10258012,2064,870628,1496600,9936,12944,268880
2024-01-19T22:40:56,377198696,389983976,1956632,0.5,1258932,12947352,51453484,12.76,4791140,10284684,2704,897868,1496936,10000,13504,268832
2024-01-19T22:41:01,377199340,389984976,1955320,0.5,1258940,12947596,51558972,12.79,4791160,10289744,892,902848,1497352,10000,13536,268880
2024-01-19T22:41:06,377226504,390013584,1926680,0.49,1258948,12949032,47753480,11.84,4791200,10253900,572,865628,1497384,9984,12956,268864
2024-01-19T22:41:11,377177868,389965900,1973548,0.5,1258952,12950044,51251384,12.71,4791368,10288444,2640,898824,1498136,10000,13496,268832
2024-01-19T22:41:16,377174860,389963180,1976288,0.5,1258952,12950320,51872784,12.86,4791400,10296548,2560,907192,1498128,10016,13652,268920
2024-01-19T22:41:21,377172600,389961852,1977620,0.5,1258956,12951276,51559600,12.79,4791424,10292800,3776,902420,1498096,10000,13556,268928
2024-01-19T22:41:26,377151480,389941256,1998244,0.51,1258964,12951740,51760784,12.84,4791512,10288520,2700,897764,1498120,10016,13520,268896
2024-01-19T22:41:31,377158268,389948700,1991104,0.5,1258968,12952356,51557868,12.79,4791568,10292736,3520,901444,1497852,10016,13428,268928
2024-01-19T22:41:36,377145216,389936400,2003148,0.51,1258976,12953296,51455560,12.76,4791656,10290160,2440,897588,1497912,10032,13492,268880
2024-01-19T22:41:41,377125412,389917092,2022708,0.51,1258980,12953756,51665960,12.81,4791680,10300508,1352,907884,1497692,10016,13588,268848
2024-01-19T22:41:46,377188140,389980952,1959376,0.5,1258980,12954892,48640032,12.06,4791788,10268696,1476,875020,1497160,10016,13324,268816
2024-01-19T22:41:51,377155252,389948876,1991456,0.5,1258984,12955716,51660104,12.81,4791848,10293940,2972,899536,1497140,10032,13532,268864
2024-01-19T22:41:56,377167444,389961316,1978968,0.5,1258996,12955940,51454536,12.76,4791884,10291360,220,896872,1497200,10080,13536,268832
2024-01-19T22:42:01,377154564,389949048,1991068,0.5,1259000,12956560,51455008,12.76,4791924,10297484,1192,901300,1497356,10048,13528,268880
2024-01-19T22:42:06,377182296,389978140,1961844,0.5,1259000,12957904,48643884,12.06,4792016,10280160,1496,883728,1497504,10048,13228,268896
2024-01-19T22:42:11,377166736,389963284,1976736,0.5,1259000,12958572,51453464,12.76,4792068,10296656,1132,899536,1497504,10064,13504,268960
2024-01-19T22:42:16,377184752,389982404,1957664,0.5,1259004,12959576,44942892,11.15,4792100,10262016,904,863412,1497552,10048,12984,268944
2024-01-19T22:42:21,377150424,389948276,1992004,0.5,1259008,12959744,51658664,12.81,4792148,10297992,2112,899808,1497368,10048,13520,268992
2024-01-19T22:42:26,377148840,389948164,1992420,0.5,1259012,12961164,51558292,12.79,4792260,10298576,1384,899096,1497112,10048,13548,268928
2024-01-19T22:42:31,377145060,389944296,1996056,0.51,1259012,12961188,48742960,12.09,4792276,10297340,2372,897384,1497232,10096,13376,268896
2024-01-19T22:42:36,377128332,389928420,2012080,0.51,1259012,12962320,51664056,12.81,4792340,10303864,1056,903284,1496804,10048,13584,268896
2024-01-19T22:42:41,377160364,389961556,1979084,0.5,1259016,12963420,47553236,11.79,4792400,10268520,2028,866944,1496664,10032,13052,268832
2024-01-19T22:42:46,377129960,389931260,2009416,0.51,1259024,12963520,51352652,12.73,4792468,10301680,2984,900060,1496628,10048,13552,268944
2024-01-19T22:42:51,377135752,389937836,2002588,0.51,1259032,12964312,51658068,12.81,4792548,10298484,1032,896144,1496864,10048,13516,268928
2024-01-19T22:42:56,377143620,389946264,1994236,0.51,1259040,12964824,51762612,12.84,4792592,10303492,2568,900644,1496828,10048,13536,268960
2024-01-19T22:43:01,377151824,389955244,1984892,0.5,1259040,12965584,51455856,12.76,4792660,10302404,2160,898916,1497208,10016,13500,268960
2024-01-19T22:43:06,377180460,389985252,1954116,0.49,1259048,12966884,51667204,12.81,4792732,10310616,4396,905884,1498040,10080,13708,268952
2024-01-19T22:43:11,377191504,389996664,1942464,0.49,1259052,12967228,51658780,12.81,4792800,10302568,2504,897548,1498300,10048,13524,268912
2024-01-19T22:43:16,377183272,389989108,1949880,0.49,1259056,12967872,51765356,12.84,4792844,10307888,3704,902288,1498468,10048,13568,268912
2024-01-19T22:43:21,377210980,390018136,1920492,0.49,1259060,12969200,47859532,11.87,4792908,10272796,776,865936,1498816,10064,12880,268880
2024-01-19T22:43:26,377167188,389974420,1963756,0.5,1259072,12969224,51661880,12.81,4792976,10308420,2556,901528,1499308,10048,13524,268928
2024-01-19T22:43:31,377177212,389985000,1953476,0.49,1259076,12969796,51661964,12.81,4792996,10309420,620,902124,1498988,10048,13512,268864
2024-01-19T22:43:36,377158920,389967648,1971012,0.5,1259080,12970700,48435800,12.01,4793072,10302724,2240,894532,1498836,10048,13340,268864
2024-01-19T22:43:41,377161212,389971312,1967024,0.5,1259092,12972060,51662208,12.81,4793232,10309304,2344,899884,1499160,10096,13648,268880
2024-01-19T22:43:46,377155268,389966216,1972200,0.5,1259096,12972888,51560724,12.79,4793232,10314848,4028,904424,1499096,10064,13588,268912
2024-01-19T22:43:51,377153224,389964204,1974152,0.5,1259104,12972900,51457988,12.76,4793256,10315500,340,905116,1499168,10064,13540,268880
2024-01-19T22:43:56,377133996,389946004,1992356,0.5,1259112,12973920,51453912,12.76,4793356,10309472,2180,898276,1499164,10064,13548,268896
2024-01-19T22:44:01,377163136,389976620,1962128,0.5,1259120,12975368,47758000,11.84,4793424,10277348,1672,864748,1498796,10064,12976,268896
2024-01-19T22:44:06,377142392,389955836,1982884,0.5,1259120,12975292,51556484,12.79,4793476,10313588,1476,901104,1498860,10064,13504,268944
2024-01-19T22:44:11,377175040,389989960,1948352,0.49,1259128,12976704,47656604,11.82,4793548,10280488,1152,866580,1499324,10048,12964,268960
2024-01-19T22:44:16,377146488,389962060,1976600,0.5,1259136,12977336,51559112,12.79,4793608,10316652,3224,902684,1498988,10064,13540,268944
2024-01-19T22:44:21,377132936,389949068,1989988,0.5,1259148,12977804,51559284,12.79,4793712,10316632,2528,901992,1498672,10048,13556,268912
2024-01-19T22:44:26,377152604,389969440,1969708,0.5,1259148,12978500,51248856,12.71,4793768,10314992,2392,899532,1498588,10048,13528,268848
2024-01-19T22:44:31,377168928,389987420,1951608,0.49,1259152,12980144,47863232,11.87,4793804,10287564,2184,870512,1498716,10048,13036,268896
2024-01-19T22:44:36,377143952,389962196,1977408,0.5,1259156,12979868,51557872,12.79,4793884,10318780,1588,902060,1498164,10048,13532,268912
2024-01-19T22:44:41,377143520,389963008,1976880,0.5,1259160,12981184,51661544,12.81,4794000,10317368,3548,899408,1497804,10032,13540,268928
2024-01-19T22:44:46,377146072,389966048,1973892,0.5,1259164,12981672,51766660,12.84,4794032,10322856,2656,904532,1497748,10048,13564,268912
2024-01-19T22:44:51,377159528,389980236,1959752,0.5,1259176,12982412,51661264,12.81,4794076,10320436,3820,901376,1497680,10048,13540,268944
2024-01-19T22:44:56,377202796,390024492,1915664,0.49,1259184,12983388,49702656,12.33,4794160,10282884,2064,862944,1497516,10016,12852,268896
2024-01-19T22:45:01,377162416,389985156,1954896,0.5,1259192,12984476,51562804,12.79,4794244,10326476,4116,905552,1497568,10032,13564,268896
2024-01-19T22:45:06,377165840,389988588,1951268,0.49,1259192,12984464,48640368,12.06,4794280,10318056,2400,897184,1497784,10048,13416,268864
2024-01-19T22:45:11,377151556,389975528,1964428,0.5,1259196,12985704,51663004,12.81,4794336,10326912,4132,904792,1497664,10032,13568,268880
2024-01-19T22:45:16,377143424,389968204,1971748,0.5,1259196,12986416,51660524,12.81,4794448,10322200,2496,899428,1497764,10016,13512,268848
2024-01-19T22:45:21,377140912,389966052,1974152,0.5,1259200,12986788,51657432,12.81,4794468,10319676,3416,896684,1497496,10016,13528,268816
2024-01-19T22:45:26,377127700,389953612,1986688,0.5,1259208,12987524,51658840,12.81,4794536,10320936,2680,897112,1497428,9984,13448,268864
2024-01-19T22:45:31,377131028,389957532,1982356,0.5,1259212,12988112,51558732,12.79,4794576,10327416,3700,903288,1497840,10016,13560,268880
2024-01-19T22:45:36,377129596,389957136,1982836,0.5,1259212,12989160,51558608,12.79,4794676,10327136,2312,902060,1497744,10064,13612,268896
2024-01-19T22:45:41,377125968,389954088,1985888,0.5,1259212,12989708,51660936,12.81,4794724,10326140,3508,900484,1497772,10064,13612,268928
2024-01-19T22:45:46,377149476,389978832,1961072,0.5,1259220,12990968,47857960,11.87,4794756,10294876,2264,867460,1497812,9984,13024,268880
2024-01-19T22:45:51,377119424,389948556,1991060,0.5,1259224,12990720,51455124,12.76,4794788,10329884,640,903136,1498120,10000,13516,268944
2024-01-19T22:45:56,377130420,389960860,1978328,0.5,1259224,12992012,51460992,12.76,4794880,10330968,1568,903280,1498564,10032,13728,268936
2024-01-19T22:46:01,377141724,389972716,1966332,0.5,1259228,12992528,51453980,12.76,4794960,10327644,2852,899408,1498736,10000,13548,268912
2024-01-19T22:46:06,377140004,389971736,1967388,0.5,1259244,12993220,51869220,12.86,4795040,10333684,2460,904748,1498692,10000,13572,268864
2024-01-19T22:46:11,377156444,389988736,1950732,0.49,1259252,12993748,51554592,12.78,4795096,10328000,824,898516,1498372,10000,13420,268784
2024-01-19T22:46:16,377151564,389984944,1954048,0.49,1259260,12994824,48743332,12.09,4795192,10326552,2628,896300,1498852,10000,13412,268864
2024-01-19T22:46:21,377140648,389975020,1963760,0.5,1259264,12995792,51656448,12.81,4795252,10328976,2384,897596,1499084,10000,13504,268864
2024-01-19T22:46:26,377140652,389975996,1962528,0.5,1259268,12996708,51664484,12.81,4795324,10337376,3672,905140,1499392,10016,13564,268864
2024-01-19T22:46:31,377139184,389975248,1963620,0.5,1259276,12997396,51557860,12.79,4795384,10331280,2664,898520,1499072,10064,13604,268848
2024-01-19T22:46:36,377165568,390002928,1936044,0.49,1259276,12998612,47965340,11.89,4795416,10305780,3556,871812,1499048,10000,12996,268816
2024-01-19T22:46:41,377143880,389981552,1957700,0.5,1259280,12998916,51455112,12.76,4795504,10334856,2740,900644,1498772,10032,13668,268904
2024-01-19T22:46:46,377165276,390003608,1935584,0.49,1259292,12999620,51662092,12.81,4795568,10335704,2168,900840,1498776,10000,13568,268864
2024-01-19T22:46:51,377170504,390009388,1929948,0.49,1259296,13000180,51559108,12.79,4795624,10335376,1468,900432,1498620,9984,13556,268832
2024-01-19T22:46:56,377189684,390029784,1909084,0.48,1259300,13001400,42911268,10.64,4795680,10313788,2008,877144,1499080,9984,13144,268832
2024-01-19T22:47:01,377156908,389997672,1941432,0.49,1259304,13002028,51662760,12.81,4795788,10338788,1724,901576,1498876,9984,13568,268848
2024-01-19T22:47:06,377160144,390001488,1937372,0.49,1259308,13002592,51455496,12.76,4795820,10339392,3372,901756,1499132,9984,13552,268880
2024-01-19T22:47:11,377177940,390020236,1919124,0.49,1259308,13003528,51355452,12.74,4795852,10341712,1104,903140,1498648,10000,13552,268848
2024-01-19T22:47:16,377178456,390022452,1917068,0.49,1259312,13005212,48745420,12.09,4795932,10341008,3464,898356,1498500,10000,13600,268864
2024-01-19T22:47:21,377165644,390009704,1929852,0.49,1259312,13005260,51254224,12.71,4796060,10339264,2572,899140,1498480,10016,13620,268824
2024-01-19T22:47:26,377162212,390006552,1933156,0.49,1259316,13005656,51454420,12.76,4796080,10339844,3580,899352,1498208,10000,13524,268896
2024-01-19T22:47:31,377162208,390006900,1932884,0.49,1259324,13005988,51661888,12.81,4796100,10340988,528,900284,1498144,10016,13580,268864
2024-01-19T22:47:36,377139676,389986100,1954132,0.49,1259328,13007968,51558408,12.79,4796204,10341520,3264,898584,1497444,10016,13584,268864
2024-01-19T22:47:41,377128624,389975320,1964900,0.5,1259332,13008172,51557240,12.79,4796304,10343496,2164,900336,1497520,10016,13548,268848
2024-01-19T22:47:46,377122788,389969924,1969896,0.5,1259336,13008596,51457008,12.76,4796300,10345400,1444,902328,1497932,10016,13552,268832
2024-01-19T22:47:51,377116212,389963964,1976116,0.5,1259340,13009216,51554312,12.78,4796364,10339820,448,896188,1497664,10032,13524,268848
2024-01-19T22:47:56,377124056,389973320,1966600,0.5,1259340,13010664,48742460,12.09,4796444,10343088,1696,897972,1497888,10000,13416,268736
2024-01-19T22:48:01,377136236,389985792,1953936,0.49,1259344,13010968,51349692,12.73,4796516,10341368,3320,896292,1498064,10032,13548,268832
2024-01-19T22:48:06,377145700,389996260,1943456,0.49,1259344,13011960,51558724,12.79,4796564,10347740,1140,901520,1498088,10032,13588,268864
2024-01-19T22:48:11,377123260,389974520,1965300,0.5,1259352,13012604,51555740,12.79,4796664,10344700,2644,897980,1498032,10032,13544,268896
2024-01-19T22:48:16,377129692,389981904,1957588,0.5,1259356,13013528,51622796,12.8,4796748,10343212,2296,895532,1498384,10016,13544,268896
2024-01-19T22:48:21,377120000,389972708,1966868,0.5,1259360,13013988,51353240,12.73,4796780,10346236,3740,898232,1498332,10016,13524,268944
2024-01-19T22:48:26,377122804,389976304,1963048,0.5,1259368,13014764,51245964,12.71,4796824,10346656,868,897808,1498564,10016,13556,268928
2024-01-19T22:48:31,377158168,390012992,1926696,0.49,1259376,13015976,47858532,11.87,4796892,10316420,2296,866496,1498332,10016,12984,268928
2024-01-19T22:48:36,377136272,389991096,1948084,0.49,1259376,13015944,51358360,12.74,4796956,10352692,2008,902792,1498872,10064,13672,268968
2024-01-19T22:48:41,377126660,389982276,1957080,0.5,1259380,13016752,51762640,12.84,4797012,10351044,3580,900368,1498676,10016,13548,268928
2024-01-19T22:48:46,377117852,389974856,1964808,0.5,1259384,13018108,51458184,12.76,4797100,10355524,3084,903496,1498396,10016,13612,268912
2024-01-19T22:48:51,377130240,389987364,1952008,0.49,1259388,13018288,51762236,12.84,4797144,10351552,3616,899552,1498624,10032,13556,268992
2024-01-19T22:48:56,377125548,389983248,1956176,0.5,1259388,13018816,51557172,12.79,4797172,10354344,604,901812,1498620,10048,13664,268960
2024-01-19T22:49:01,377128196,389986548,1952956,0.49,1259396,13019472,51347800,12.73,4797260,10347424,2016,894380,1498528,10016,13336,268928
2024-01-19T22:49:06,377162524,390021996,1917000,0.49,1259400,13021080,47955264,11.89,4797324,10322648,1948,868448,1498544,10048,13216,269000
2024-01-19T22:49:11,377131920,389991784,1947212,0.49,1259404,13020968,51562008,12.79,4797380,10355264,1308,900756,1499044,10048,13644,268968
2024-01-19T22:49:16,377131408,389992204,1946684,0.49,1259416,13021896,51561696,12.79,4797464,10356452,1460,901016,1499144,10048,13628,268968
2024-01-19T22:49:21,377142100,390003232,1935464,0.49,1259420,13022404,51351360,12.73,4797496,10353400,2484,897148,1499160,10016,13480,268992
2024-01-19T22:49:26,377106156,389968384,1970404,0.5,1259420,13023460,51767204,12.84,4797616,10358044,2256,901216,1499108,10048,13556,268984
2024-01-19T22:49:31,377114828,389977508,1961552,0.5,1259420,13023912,51763108,12.84,4797624,10358436,3540,901084,1498836,10016,13496,268944
2024-01-19T22:49:36,377110820,389974788,1964416,0.5,1259420,13025164,51460084,12.76,4797692,10362228,1388,903772,1498728,10032,13712,268904
2024-01-19T22:49:41,377092080,389956996,1982152,0.5,1259420,13026112,51660224,12.81,4797768,10361452,2252,902092,1498784,9984,13568,268864
2024-01-19T22:49:46,377077760,389942916,1996840,0.51,1259428,13026348,51557088,12.79,4797828,10360496,2588,900852,1498172,10016,13564,268880
2024-01-19T22:49:51,377099088,389965188,1974748,0.5,1259436,13027296,51455608,12.76,4797912,10360944,1184,900596,1497980,9984,13560,268832
2024-01-19T22:49:56,377088912,389956328,1983560,0.5,1259448,13028588,51157556,12.69,4797952,10370840,3328,909348,1498040,10032,13752,268840
2024-01-19T22:50:01,377130148,389998604,1941136,0.49,1259452,13029564,47963780,11.89,4798048,10332388,2352,869864,1498248,10000,13072,268768
2024-01-19T22:50:06,377088916,389958224,1981488,0.5,1259456,13030420,51560836,12.79,4798096,10368764,5064,905360,1498268,10016,13676,268816
2024-01-19T22:50:11,377078332,389947548,1992532,0.5,1259460,13030324,51558760,12.79,4798180,10362940,2628,899764,1497900,10000,13560,268816
2024-01-19T22:50:16,377065768,389935632,2004116,0.51,1259468,13030940,51660236,12.81,4798220,10363788,1712,899968,1498256,10000,13540,268800
2024-01-19T22:50:21,377087228,389958256,1981712,0.5,1259468,13032080,51250192,12.71,4798280,10365888,1732,900584,1498060,10016,13548,268832
2024-01-19T22:50:26,377129724,390001796,1938252,0.49,1259468,13033052,50011004,12.4,4798360,10331928,3056,866196,1498052,9984,13012,268800
2024-01-19T22:50:31,377093728,389966280,1973816,0.5,1259468,13033472,51455676,12.76,4798420,10367176,2600,901120,1498064,10000,13540,268832
2024-01-19T22:50:36,377083716,389957540,1982504,0.5,1259480,13034644,51460044,12.76,4798440,10374284,4776,907012,1498204,10000,13632,268832
2024-01-19T22:50:41,377102976,389977720,1962236,0.5,1259480,13035536,51558704,12.79,4798572,10367672,2944,899868,1498320,10032,13632,268800
2024-01-19T22:50:46,377085588,389960504,1979520,0.5,1259488,13035692,51565060,12.79,4798616,10372208,3784,904128,1498260,10032,13684,268872
2024-01-19T22:50:51,377080192,389955824,1984188,0.5,1259492,13036384,51455312,12.76,4798660,10368332,2640,899728,1498292,10000,13532,268832
2024-01-19T22:50:56,377087068,389963204,1976720,0.5,1259492,13036872,48851480,12.11,4798708,10371168,3424,901920,1498396,9984,13384,268736
2024-01-19T22:51:01,377123196,390000964,1938980,0.49,1259492,13038520,48066440,11.92,4798792,10339752,1228,868980,1498360,9984,13100,268768
2024-01-19T22:51:06,377108844,389986576,1953484,0.49,1259496,13038404,45723332,11.34,4798836,10345392,1312,874844,1498320,10000,13220,268896
2024-01-19T22:51:11,377084080,389962952,1976968,0.5,1259500,13039532,51351040,12.73,4798940,10369524,2052,897792,1498468,10000,13548,268832
2024-01-19T22:51:16,377096532,389975832,1964528,0.5,1259504,13040000,48637788,12.06,4798964,10348652,1476,876604,1497984,10016,13168,268848
2024-01-19T22:51:21,377099228,389979932,1960840,0.5,1259504,13041344,51561048,12.79,4799024,10378460,1536,905104,1497632,10016,13600,268800
2024-01-19T22:51:26,377138296,390019428,1921236,0.49,1259508,13041760,48706424,12.08,4799108,10354792,2176,881156,1497748,10000,13148,268816
2024-01-19T22:51:31,377120348,390002256,1937900,0.49,1259508,13042496,51551736,12.78,4799188,10369492,1036,895136,1498296,10000,13492,268880
2024-01-19T22:51:36,377109124,389991996,1948196,0.49,1259516,13043424,51456164,12.76,4799208,10379080,848,903796,1498288,10000,13592,268896
2024-01-19T22:51:41,377107012,389991268,1948480,0.49,1259528,13044772,51457864,12.76,4799332,10378588,3080,902152,1498756,10016,13588,268800
2024-01-19T22:51:46,377092168,389976740,1963076,0.5,1259532,13045060,51659372,12.81,4799400,10376720,2076,899928,1498712,10016,13540,268832
2024-01-19T22:51:51,377125712,390011768,1928184,0.49,1259532,13046616,47555872,11.79,4799404,10348300,1280,869956,1498504,10048,13120,268888
2024-01-19T22:51:56,377105248,389990828,1949660,0.49,1259532,13046132,51556856,12.79,4799480,10378000,532,900296,1497976,10032,13440,268864
2024-01-19T22:52:01,377076708,389963832,1976156,0.5,1259532,13047624,51354988,12.74,4799604,10378196,2120,899140,1498528,10048,13568,268904
2024-01-19T22:52:06,377091368,389978748,1961044,0.5,1259532,13047888,51568464,12.79,4799632,10382660,512,903436,1498716,10128,13808,268968
2024-01-19T22:52:11,377082992,389971376,1968412,0.5,1259544,13048884,51459868,12.76,4799636,10386752,1300,906372,1498716,10032,13584,268928
2024-01-19T22:52:16,377111204,390001040,1939200,0.49,1259544,13050332,47953264,11.89,4799756,10349628,1488,867932,1498268,10032,12988,268896
2024-01-19T22:52:21,377067076,389956900,1983184,0.5,1259556,13050300,51762928,12.84,4799812,10382120,2560,900572,1498432,10032,13536,268896
2024-01-19T22:52:26,377096424,389988236,1951816,0.49,1259560,13052252,47761856,11.84,4799880,10355812,2828,872344,1498496,10000,12972,268832
2024-01-19T22:52:31,377069240,389960684,1979360,0.5,1259568,13051868,51663424,12.81,4799952,10387732,816,904760,1498512,10032,13552,268912
2024-01-19T22:52:36,377096872,389989856,1950484,0.49,1259568,13053332,51252084,12.71,4800012,10388412,1560,903924,1498292,10032,13544,268896
2024-01-19T22:52:41,377083388,389976344,1964120,0.5,1259572,13053292,51360136,12.74,4800076,10389004,1400,904772,1498176,10048,13664,268936
2024-01-19T22:52:46,377076824,389970796,1969536,0.5,1259576,13054256,51671296,12.81,4800172,10391140,300,905836,1498356,10112,13844,268912
2024-01-19T22:52:51,377059732,389954720,1985476,0.5,1259580,13055304,51558012,12.79,4800240,10386876,1680,900660,1498456,10016,13560,268864
2024-01-19T22:52:56,377094592,389990804,1949468,0.49,1259588,13056484,47346336,11.74,4800288,10353876,164,866536,1498416,10000,12964,268864
2024-01-19T22:53:01,377069104,389965412,1975004,0.5,1259592,13056592,51659476,12.81,4800340,10387820,1772,899452,1498256,10016,13520,268864
2024-01-19T22:53:06,377065292,389962440,1978228,0.5,1259600,13057412,51659708,12.81,4800104,10389152,1300,900732,1498016,10032,13580,268896
2024-01-19T22:53:11,377048768,389946416,1994188,0.51,1259604,13057896,51768552,12.84,4800220,10390764,1480,901876,1498092,10048,13624,268912
2024-01-19T22:53:16,377061396,389959632,1980620,0.5,1259608,13058504,51872520,12.86,4800256,10395608,3076,906240,1498420,10048,13684,268904
2024-01-19T22:53:21,377065888,389964716,1975552,0.5,1259608,13059060,51660180,12.81,4800296,10389532,728,899528,1498440,10016,13544,268896
2024-01-19T22:53:26,377098776,389998656,1941820,0.49,1259616,13060084,47661472,11.82,4800364,10362224,2112,871344,1498252,10048,13108,268888
2024-01-19T22:53:31,377057656,389958240,1982488,0.5,1259620,13060776,51558524,12.79,4800448,10394076,1904,902100,1498008,10080,13628,268832
2024-01-19T22:53:36,377082484,389983628,1956760,0.5,1259624,13061224,48435532,12.01,4800480,10369980,1816,878280,1498456,10032,13152,268864
2024-01-19T22:53:41,377104952,390007164,1932972,0.49,1259628,13062308,48748960,12.09,4800572,10375640,1028,882820,1498688,10096,13532,268880
2024-01-19T22:53:46,377072368,389975292,1964740,0.5,1259632,13063028,51557180,12.79,4800620,10395456,2864,901972,1498780,10032,13532,268864
2024-01-19T22:53:51,377096884,390000788,1939520,0.49,1259632,13063944,51555548,12.79,4800716,10393284,2304,898808,1498568,10032,13552,268912
2024-01-19T22:53:56,377090460,389994724,1945788,0.49,1259636,13064328,51762752,12.84,4800720,10397396,1616,902608,1498336,10032,13524,268864
2024-01-19T22:54:01,377120064,390025120,1915452,0.49,1259640,13065060,47962156,11.89,4800756,10362840,416,867320,1498332,10016,12972,268864
2024-01-19T22:54:06,377096744,390003184,1937272,0.49,1259648,13066448,48641492,12.06,4800860,10397348,2868,900564,1498436,10032,13600,268880
2024-01-19T22:54:11,377066660,389973476,1966876,0.5,1259648,13066776,51561696,12.79,4800972,10397868,2344,900912,1498588,10096,13696,268920
2024-01-19T22:54:16,377059320,389966888,1973112,0.5,1259652,13067528,51454696,12.76,4800992,10397264,828,899020,1498936,10016,13496,268912
2024-01-19T22:54:21,377072972,389981032,1958708,0.5,1259652,13068012,51559776,12.79,4801028,10400032,588,901792,1499204,10064,13636,268880
2024-01-19T22:54:26,377093212,390002408,1937528,0.49,1259656,13069136,51760512,12.84,4801140,10397748,1800,898604,1499016,10048,13548,268896
2024-01-19T22:54:31,377090516,390000892,1939132,0.49,1259660,13070288,48540020,12.04,4801160,10400952,960,900540,1498952,10080,13716,268888
2024-01-19T22:54:36,377070400,389980696,1959092,0.5,1259660,13070188,51763432,12.84,4801220,10401516,528,901276,1499208,10048,13456,268880
2024-01-19T22:54:41,377089076,390000496,1939284,0.49,1259664,13071316,51465728,12.76,4801328,10406152,1412,905024,1499208,10112,13804,268960
2024-01-19T22:54:46,377089604,390001888,1937964,0.49,1259664,13072168,51558500,12.79,4801380,10401188,2008,899228,1499148,10064,13544,268944
2024-01-19T22:54:51,377085864,389999160,1940976,0.49,1259664,13073132,51661388,12.81,4801388,10406664,944,903616,1498912,10064,13612,268976
2024-01-19T22:54:56,377095236,390008924,1931480,0.49,1259664,13073508,51761432,12.84,4801480,10401140,1648,897404,1498660,10080,13528,268832
2024-01-19T22:55:01,377085488,390000040,1940440,0.49,1259668,13074336,48743168,12.09,4801576,10402456,1020,898512,1498616,10080,13472,268832
2024-01-19T22:55:06,377100448,390015776,1924548,0.49,1259672,13075100,51452756,12.76,4801620,10403324,460,898516,1498780,10080,13572,268816
2024-01-19T22:55:11,377107904,390024512,1915600,0.49,1259684,13076340,47657464,11.82,4801648,10376900,508,870900,1499020,10080,13004,268896
2024-01-19T22:55:16,377068584,389985400,1954572,0.5,1259688,13076496,51665004,12.81,4801748,10410444,1576,904412,1499208,10112,13688,269000
2024-01-19T22:55:21,377094952,390012828,1926728,0.49,1259692,13077500,51659080,12.81,4801828,10404984,1080,898020,1499676,10064,13516,268928
2024-01-19T22:55:26,377119900,390038836,1900676,0.48,1259696,13078520,47765568,11.85,4801852,10380988,1068,873056,1499756,10128,13332,268928
2024-01-19T22:55:31,377120004,390039508,1899980,0.48,1259704,13078936,48844756,12.11,4801932,10387700,1288,879392,1499924,10048,12860,268896
2024-01-19T22:55:36,377109972,390030204,1909604,0.48,1259708,13079660,48741628,12.09,4801996,10386252,348,877416,1499604,10048,12988,268816
2024-01-19T22:55:41,377072172,389993696,1946260,0.49,1259716,13080832,51362868,12.74,4802096,10417372,1868,906992,1499568,10144,13828,268912
2024-01-19T22:55:46,377065936,389987860,1952144,0.49,1259720,13081144,51660492,12.81,4802152,10412032,396,901692,1499604,10080,13536,268768
2024-01-19T22:55:51,377054400,389977280,1962608,0.5,1259724,13081980,51351940,12.73,4802212,10409748,1028,898816,1499836,10080,13572,268800
2024-01-19T22:55:56,377061072,389984788,1954824,0.5,1259732,13082828,51456860,12.76,4802272,10413788,404,901992,1500092,10080,13560,268832
2024-01-19T22:56:01,377041744,389966568,1973272,0.5,1259736,13083752,51558360,12.79,4802364,10413104,1248,900520,1500044,10080,13580,268832
2024-01-19T22:56:06,377040060,389965352,1974804,0.5,1259752,13084176,51659584,12.81,4802416,10412996,288,899956,1499756,10080,13580,268800
2024-01-19T22:56:11,377049412,389975944,1964340,0.5,1259760,13085492,51659600,12.81,4802540,10413908,1296,899632,1499544,10080,13576,268832
2024-01-19T22:56:16,377051456,389978224,1962156,0.5,1259772,13085708,51668640,12.81,4802548,10420044,356,905676,1499456,10144,13820,268912
2024-01-19T22:56:21,377051036,389978484,1961912,0.5,1259772,13086360,51458844,12.76,4802552,10418532,20,903336,1499468,10080,13560,268880
2024-01-19T22:56:26,377058996,389987020,1953332,0.49,1259780,13086956,51553328,12.78,4802656,10412588,1588,896936,1499484,10064,13504,268944
2024-01-19T22:56:31,377073540,390002604,1938276,0.49,1259784,13087964,51762252,12.84,4802744,10415320,3148,898916,1498984,10080,13560,268896
2024-01-19T22:56:36,377066000,389995376,1945564,0.49,1259784,13088256,51455900,12.76,4802764,10418400,2624,901596,1498944,10080,13564,268880
2024-01-19T22:56:41,377071016,390000880,1940240,0.49,1259784,13088748,51458736,12.76,4802804,10416624,1064,899876,1498760,10192,13644,268952
2024-01-19T22:56:46,377057492,389988860,1951884,0.49,1259788,13090236,51556612,12.79,4802944,10413460,2156,894872,1499148,10064,13516,268960
2024-01-19T22:56:51,377058516,389990628,1949960,0.49,1259792,13090940,51558028,12.79,4802996,10419128,2528,899880,1499340,10064,13596,268976
2024-01-19T22:56:56,377039968,389972360,1968264,0.5,1259800,13091176,51764772,12.84,4803000,10422152,684,902628,1499340,10048,13608,269008
2024-01-19T22:57:01,377035784,389968864,1971924,0.5,1259800,13091852,51455364,12.76,4803064,10421528,880,901444,1499188,10048,13568,268944
2024-01-19T22:57:06,377038132,389972228,1968580,0.5,1259804,13092852,51457780,12.76,4803128,10423088,1248,902044,1499180,10112,13612,268968
2024-01-19T22:57:11,377031904,389966728,1974116,0.5,1259804,13093556,51351384,12.73,4803216,10421304,1912,899704,1499168,10064,13560,268896
2024-01-19T22:57:16,377019412,389954688,1986340,0.5,1259816,13094036,51662864,12.81,4803244,10426636,2328,904572,1498944,10080,13552,268848
2024-01-19T22:57:21,377014608,389950592,1990364,0.5,1259820,13094740,51665640,12.81,4803304,10429396,2836,906668,1499016,10080,13708,268840
2024-01-19T22:57:26,377048928,389986220,1954616,0.5,1259824,13096040,51559008,12.79,4803436,10426704,2592,902712,1499140,10048,13584,268848
2024-01-19T22:57:31,377064728,390002780,1938076,0.49,1259824,13096764,51555084,12.78,4803484,10423208,2512,898572,1499156,10032,13556,268816
2024-01-19T22:57:36,377032752,389971304,1969876,0.5,1259828,13097256,51561988,12.79,4803532,10427864,896,902816,1498836,10064,13696,268936
2024-01-19T22:57:41,377048316,389987648,1953448,0.49,1259832,13098040,48852664,12.11,4803580,10412016,828,886320,1498912,10064,13488,268888
2024-01-19T22:57:46,377014424,389955180,1985828,0.5,1259840,13099472,51662484,12.81,4803684,10430400,2308,903296,1498984,10032,13636,268880
2024-01-19T22:57:51,377024144,389965432,1975580,0.5,1259848,13100016,51455720,12.76,4803712,10430024,812,901792,1498960,10032,13624,268832
2024-01-19T22:57:56,377044564,389986024,1954896,0.5,1259856,13100264,51455244,12.76,4803756,10427456,768,899436,1498968,10032,13576,268944
2024-01-19T22:58:01,377061892,390005204,1936280,0.49,1259860,13102084,48062712,11.92,4803856,10395060,988,865424,1498432,10016,13000,268848
2024-01-19T22:58:06,377037180,389980856,1960388,0.5,1259864,13102444,51557072,12.79,4803956,10429264,1684,899312,1498672,10016,13580,268832
2024-01-19T22:58:11,377036756,389981528,1959772,0.5,1259864,13103520,51560060,12.79,4803996,10434688,3020,903668,1498636,10016,13604,268880
2024-01-19T22:58:16,377047004,389991888,1949272,0.49,1259864,13103652,51660884,12.81,4804012,10431944,1452,900940,1498756,10016,13556,268912
2024-01-19T22:58:21,377057888,390003872,1937068,0.49,1259876,13104744,51661876,12.81,4804084,10434736,1572,902716,1498972,10016,13628,268848
2024-01-19T22:58:26,377036720,389983964,1956676,0.5,1259880,13105932,51810548,12.85,4804212,10438348,2708,905240,1499340,10160,13640,268840
2024-01-19T22:58:31,377022884,389970556,1969784,0.5,1259880,13106308,51865572,12.86,4804264,10434860,2736,901460,1499692,10032,13576,268880
2024-01-19T22:58:36,377039816,389987700,1952708,0.49,1259880,13106520,51872168,12.86,4804272,10440328,372,906704,1499624,10048,13684,268856
2024-01-19T22:58:41,377039076,389987680,1952632,0.49,1259888,13107208,51452356,12.76,4804332,10431128,1036,896820,1499744,10016,13524,268832
2024-01-19T22:58:46,377047904,389997168,1943460,0.49,1259892,13107884,51667068,12.81,4804396,10441548,1632,906712,1499408,10048,13656,268808
2024-01-19T22:58:51,377087440,390038100,1902208,0.48,1259900,13109148,51864652,12.86,4804508,10435700,2644,899660,1499852,10016,13540,268864
2024-01-19T22:58:56,377112376,390064056,1876384,0.48,1259904,13110148,47861700,11.87,4804524,10407288,420,870288,1499736,10048,13096,268920
2024-01-19T22:59:01,377094636,390046568,1893688,0.48,1259912,13110248,51452056,12.76,4804592,10433248,1128,896324,1500064,10016,13452,268880
2024-01-19T22:59:06,377117500,390070880,1869532,0.47,1259920,13111672,47760300,11.84,4804656,10410248,1600,871820,1499924,10016,13116,268880
2024-01-19T22:59:11,377100960,390055192,1885560,0.48,1259924,13112456,51664336,12.81,4804788,10440340,2636,901360,1499648,10048,13676,268888
2024-01-19T22:59:16,377099504,390053952,1886872,0.48,1259924,13112688,51457028,12.76,4804796,10440544,424,901244,1499560,10016,13528,268896
2024-01-19T22:59:21,377087908,390043132,1897784,0.48,1259924,13113424,51555876,12.79,4804824,10439440,900,899428,1499508,10016,13556,268848
2024-01-19T22:59:26,377087052,390043340,1897332,0.48,1259924,13114492,51248088,12.71,4804928,10436444,1652,895512,1499748,10000,13528,268864
2024-01-19T22:59:31,377072024,390029428,1911268,0.48,1259932,13115544,51458592,12.76,4805032,10442756,2440,900908,1499780,10032,13652,268824
2024-01-19T22:59:36,377062272,390020400,1920300,0.49,1259936,13116252,51664204,12.81,4805040,10447148,728,904580,1499788,10016,13664,268800
2024-01-19T22:59:41,377070244,390029028,1911612,0.48,1259948,13116840,48642372,12.06,4805088,10426560,676,883348,1499904,10016,13240,268880
2024-01-19T22:59:46,377078672,390039248,1901184,0.48,1259952,13118616,47968052,11.9,4805176,10418624,196,873812,1500124,10048,13668,268888
2024-01-19T22:59:51,377063964,390024408,1915680,0.49,1259956,13118320,48650264,12.06,4805272,10447556,1128,902636,1500628,10096,13704,268992
2024-01-19T22:59:56,377078280,390039260,1901028,0.48,1259968,13118892,48639248,12.06,4805300,10424940,8,879896,1500380,10016,13188,268896
2024-01-19T23:00:01,377060320,390022332,1917716,0.49,1259972,13119860,51040148,12.66,4805384,10442760,1876,896664,1500680,10032,13480,268960
2024-01-19T23:00:06,377065280,390027952,1912288,0.48,1259976,13120504,48740524,12.09,4805452,10426864,1080,880152,1500500,10032,13364,268832
2024-01-19T23:00:11,377081136,390045528,1895028,0.48,1259980,13122180,48005952,11.9,4805532,10419312,1452,871116,1500224,10112,12968,268896
2024-01-19T23:00:16,377049708,390014240,1926408,0.49,1259988,13122328,51453960,12.76,4805604,10447836,2032,899584,1500116,10016,13572,268816
2024-01-19T23:00:21,377032092,389997740,1942872,0.49,1259988,13123448,48537336,12.04,4805632,10447028,1252,896768,1500148,10016,13604,268832
2024-01-19T23:00:26,376998456,389964388,1975756,0.5,1259992,13123720,51557948,12.79,4805712,10449048,1720,899660,1500624,10032,13540,268848
2024-01-19T23:00:31,376995184,389962032,1978020,0.5,1259996,13124632,51558832,12.79,4805812,10450536,2252,900184,1500716,10032,13552,268848
2024-01-19T23:00:36,376986668,389954376,1986064,0.5,1260004,13125496,51668260,12.81,4805872,10457704,1200,906652,1500316,10064,13736,268840
2024-01-19T23:00:41,376986556,389955084,1985904,0.5,1260012,13126300,51564992,12.79,4805968,10455636,1708,903708,1499776,10096,13696,268880
2024-01-19T23:00:46,376993108,389962428,1978584,0.5,1260020,13127124,51353888,12.74,4806004,10454440,2476,901720,1499712,10016,13580,268832
2024-01-19T23:00:51,377000752,389971024,1969776,0.5,1260024,13128016,51563660,12.79,4806100,10459912,928,906388,1499980,10048,13700,268840
2024-01-19T23:00:56,376984932,389955728,1985004,0.5,1260024,13128540,51560032,12.79,4806124,10456052,956,902112,1500048,10032,13584,268784
2024-01-19T23:01:01,377004032,389976180,1964364,0.5,1260024,13129852,44946324,11.15,4806200,10422648,1600,867584,1500276,10064,13384,268808
2024-01-19T23:01:06,376957152,389929820,2010304,0.51,1260040,13130376,51560016,12.79,4806268,10456064,1948,900448,1500676,10064,13680,268904
2024-01-19T23:01:11,376978956,389951992,1988240,0.5,1260044,13130696,51661856,12.81,4806296,10459088,352,903088,1500612,10048,13600,268880
2024-01-19T23:01:16,376991524,389965956,1973836,0.5,1260052,13132016,51455892,12.76,4806384,10459648,1460,902420,1501120,10048,13592,268944
2024-01-19T23:01:21,377096736,390073248,1867148,0.47,1260056,13133560,42119476,10.45,4806444,10394804,2088,834004,1501048,10032,12444,268960
2024-01-19T23:01:26,377042368,390018040,1921796,0.49,1260064,13133204,51660776,12.81,4806536,10458484,3764,900704,1501116,10032,13560,268960
2024-01-19T23:01:31,377038680,390014824,1925180,0.49,1260072,13133668,51865972,12.86,4806572,10461116,716,902408,1500948,10048,13548,268912
2024-01-19T23:01:36,377034872,390012004,1927556,0.49,1260084,13134624,51562844,12.79,4806672,10462240,2472,902800,1501412,10064,13708,268840
2024-01-19T23:01:41,377038696,390016232,1923388,0.49,1260088,13135004,51457480,12.76,4806708,10461244,1804,901336,1501372,10064,13644,268840
2024-01-19T23:01:46,377022676,390000884,1938292,0.49,1260092,13135600,51559468,12.79,4806704,10462272,1624,901864,1501888,10048,13592,268880
2024-01-19T23:01:51,377045588,390024672,1914740,0.48,1260104,13136460,48537616,12.04,4806796,10442120,1256,880856,1501656,10048,13256,268864
2024-01-19T23:01:56,377005476,389985448,1954104,0.49,1260108,13137316,51257760,12.71,4806892,10466616,2316,904096,1501544,10160,13668,268952
2024-01-19T23:02:01,377003580,389984528,1955352,0.5,1260112,13138244,51563000,12.79,4806944,10467696,916,904776,1501260,10080,13732,268936
2024-01-19T23:02:06,377028172,390009396,1930408,0.49,1260116,13138512,48070760,11.92,4806968,10436416,472,873244,1501340,10064,13168,268904
2024-01-19T23:02:11,377010316,389992216,1947808,0.49,1260120,13139196,48845544,12.11,4807028,10441232,1120,877300,1501108,10064,13336,268864
2024-01-19T23:02:16,376990220,389973132,1967592,0.5,1260120,13140208,51658704,12.81,4807132,10463448,692,898712,1500408,10064,13556,268832
2024-01-19T23:02:21,376984356,389968204,1972304,0.5,1260128,13141112,51657996,12.81,4807204,10464240,1552,898572,1500648,10064,13592,268912
2024-01-19T23:02:26,376986504,389970608,1969872,0.5,1260132,13141376,51563616,12.79,4807216,10469924,456,904100,1500664,10096,13712,268920
2024-01-19T23:02:31,376976988,389962212,1978232,0.5,1260136,13142512,51554552,12.78,4807288,10464132,1492,897240,1500680,10064,13516,268896
2024-01-19T23:02:36,376964820,389950824,1990048,0.5,1260136,13143180,51531292,12.78,4807400,10472848,2040,905392,1500364,10096,13688,268920
2024-01-19T23:02:41,376971444,389958060,1983032,0.5,1260144,13143780,51767112,12.84,4807428,10471492,328,903552,1500148,10112,13724,268952
2024-01-19T23:02:46,376982744,389969768,1971248,0.5,1260152,13144188,51454548,12.76,4807460,10468732,760,899756,1500216,10096,13668,268944
2024-01-19T23:02:51,376982604,389971032,1969836,0.5,1260160,13145536,51561256,12.79,4807500,10476428,1180,906704,1500412,10096,13664,268944
2024-01-19T23:02:56,376975244,389964060,1976488,0.5,1260160,13145900,51357420,12.74,4807620,10474288,1428,904188,1500756,10128,13720,268984
2024-01-19T23:03:01,376989820,389979460,1960704,0.5,1260164,13146724,48843496,12.11,4807668,10448764,1844,877952,1501136,10096,13184,268880
2024-01-19T23:03:06,376962404,389952548,1987632,0.5,1260172,13147212,51661312,12.81,4807716,10473760,1000,902448,1501128,10096,13584,268912
2024-01-19T23:03:11,376965896,389957824,1982444,0.5,1260184,13148952,51253052,12.71,4807772,10477904,3652,904988,1501072,10096,13644,268912
2024-01-19T23:03:16,376941756,389933688,2007192,0.51,1260184,13148924,51559012,12.79,4807868,10474856,284,901936,1500492,10080,13572,268848
2024-01-19T23:03:21,376938912,389931296,2009432,0.51,1260192,13149316,51452100,12.76,4807892,10468260,1916,895036,1500696,10080,13532,268880
2024-01-19T23:03:26,376959136,389952240,1988444,0.5,1260192,13150024,51762860,12.84,4807968,10475584,276,901864,1500752,10096,13560,268928
2024-01-19T23:03:31,376966688,389960876,1979604,0.5,1260192,13151024,51559440,12.79,4807992,10477048,1300,902244,1501040,10064,13576,268944
2024-01-19T23:03:36,376957752,389952688,1988196,0.5,1260196,13151760,51565460,12.79,4808116,10481500,1576,906204,1500644,10128,13764,268936
2024-01-19T23:03:41,376976568,389972428,1968292,0.5,1260196,13152688,51563672,12.79,4808136,10479976,2496,903760,1500804,10224,13744,268948
2024-01-19T23:03:46,376998456,389995580,1944852,0.49,1260200,13153816,47900888,11.88,4808208,10447472,1232,870132,1501224,10176,13384,268976
2024-01-19T23:03:51,376979872,389976892,1963552,0.5,1260204,13153708,51459108,12.76,4808264,10480056,1688,902844,1501212,10064,13536,268896
2024-01-19T23:03:56,376979824,389977648,1962916,0.5,1260208,13154412,51556900,12.79,4808320,10478692,1168,900744,1501188,10064,13592,268880
2024-01-19T23:04:01,376979360,389977648,1963112,0.5,1260208,13154876,51252952,12.71,4808356,10480852,1480,902636,1500992,10096,13688,268904
2024-01-19T23:04:06,377004712,390003984,1936576,0.49,1260212,13155808,51759104,12.84,4808432,10475920,1256,896836,1501240,10080,13548,268912
2024-01-19T23:04:11,377002940,390003216,1937180,0.49,1260220,13156772,51767644,12.84,4808532,10481644,1184,902180,1501436,10112,13688,268968
2024-01-19T23:04:16,376991648,389992468,1947720,0.49,1260232,13157248,51352492,12.73,4808560,10479828,1832,899456,1501700,10096,13572,268976
2024-01-19T23:04:21,376999732,390001412,1938968,0.49,1260236,13158076,51558856,12.79,4808636,10483840,848,902708,1501536,10064,13568,268880
2024-01-19T23:04:26,377028036,390030356,1909708,0.48,1260236,13158824,48642392,12.06,4808668,10464796,784,882868,1501744,10048,13044,268864
2024-01-19T23:04:31,377002768,390005916,1933848,0.49,1260244,13159672,51455960,12.76,4808780,10482968,1440,900396,1502016,10064,13592,268880
2024-01-19T23:04:36,376993708,389997556,1942352,0.49,1260256,13160336,48536692,12.04,4808840,10479988,616,897652,1501896,10064,13468,268912
2024-01-19T23:04:41,377052012,390056924,1882956,0.48,1260264,13161384,45042444,11.17,4808872,10426396,812,842060,1501932,10064,12584,268920
2024-01-19T23:04:46,377045244,390051752,1888452,0.48,1260272,13162972,47964312,11.89,4808968,10456932,3660,871072,1501608,10064,13076,268912
2024-01-19T23:04:51,377027740,390033872,1906412,0.48,1260272,13162604,51558588,12.79,4809048,10487268,2612,901940,1501520,10064,13604,268928
2024-01-19T23:04:56,377001756,390008496,1931848,0.49,1260276,13163204,48646136,12.06,4809088,10483556,2120,897652,1501464,10096,13348,269000
2024-01-19T23:05:01,377050632,390058548,1882068,0.48,1260280,13164368,44636388,11.07,4809112,10434696,592,847616,1501200,10064,12628,268960
2024-01-19T23:05:06,376991560,390000496,1939392,0.49,1260288,13165392,51561588,12.79,4809240,10491376,3284,903396,1501916,10112,13720,269032
2024-01-19T23:05:11,376981944,389991416,1948540,0.49,1260292,13165904,51351756,12.73,4809320,10487488,2512,899124,1501868,10064,13584,268912
2024-01-19T23:05:16,376990156,390000372,1939412,0.49,1260296,13166640,51560136,12.79,4809328,10494240,2012,905040,1502044,10080,13608,268912
2024-01-19T23:05:21,376985740,389996716,1943312,0.49,1260308,13167336,51662516,12.81,4809440,10491276,1592,901616,1501852,10080,13588,268912
2024-01-19T23:05:26,376978152,389989588,1950680,0.49,1260308,13167796,51598640,12.8,4809468,10493808,2156,903680,1501612,10160,13524,268944
2024-01-19T23:05:31,376983892,389996396,1944148,0.49,1260312,13168780,51558368,12.79,4809564,10493304,900,902212,1501416,10064,13572,268864
2024-01-19T23:05:36,376999912,390012696,1927856,0.49,1260316,13169064,51661076,12.81,4809572,10492784,1176,901472,1501400,10064,13576,268880
2024-01-19T23:05:41,377000844,390014828,1925668,0.49,1260320,13170196,51258268,12.71,4809708,10495080,980,902876,1501520,10144,13800,268880
2024-01-19T23:05:46,377014760,390029616,1910816,0.48,1260320,13171040,51559964,12.79,4809752,10495348,1656,902128,1501612,10080,13588,268848
2024-01-19T23:05:51,377007708,390023692,1916432,0.49,1260320,13172220,51563728,12.79,4809788,10500244,1216,905968,1501868,10112,13752,268872
2024-01-19T23:05:56,377009288,390024996,1915076,0.49,1260324,13171944,51558120,12.79,4809816,10496024,1120,901988,1501916,10080,13564,268880
2024-01-19T23:06:01,377012276,390029312,1910632,0.48,1260328,13173184,51672704,12.81,4809940,10502260,2332,906816,1502128,10160,13912,268968
2024-01-19T23:06:06,377018868,390036564,1903676,0.48,1260336,13173868,51558092,12.79,4809988,10497584,2624,901944,1501800,10064,13580,268928
2024-01-19T23:06:11,377006424,390024676,1915604,0.49,1260344,13174328,51357308,12.74,4810032,10500684,2556,904500,1501848,10096,13700,268920
2024-01-19T23:06:16,376991796,390011188,1929288,0.49,1260352,13175464,51357964,12.74,4810096,10502824,984,905564,1501648,10048,13624,268848
2024-01-19T23:06:21,377013872,390034128,1905748,0.48,1260364,13176292,51661880,12.81,4810212,10498684,1364,900664,1502272,10096,13552,268936
2024-01-19T23:06:26,377003356,390024448,1915908,0.49,1260368,13177124,51250048,12.71,4810264,10497348,228,898108,1501792,10064,13532,268896
2024-01-19T23:06:31,376986288,390008752,1931492,0.49,1260380,13178472,51460580,12.76,4810296,10506052,2800,906016,1501916,10064,13668,268848
2024-01-19T23:06:36,377009872,390032524,1907740,0.48,1260388,13178644,51456740,12.76,4810400,10502724,1828,902092,1501904,10064,13580,268864
2024-01-19T23:06:41,377018356,390041564,1898908,0.48,1260400,13179144,51763200,12.84,4810456,10500488,3352,899936,1501740,10096,13688,268872
2024-01-19T23:06:46,377009828,390034008,1906268,0.48,1260408,13180104,51556516,12.79,4810544,10499080,2944,897696,1501940,10048,13540,268832
2024-01-19T23:06:51,376984136,390009144,1930824,0.49,1260420,13180960,48740968,12.09,4810604,10497676,3308,895404,1502208,10048,13236,268912
2024-01-19T23:06:56,376976844,390002800,1937308,0.49,1260420,13181828,51563716,12.79,4810692,10506092,2828,903068,1502148,10080,13724,268920
2024-01-19T23:07:01,376994624,390021900,1918428,0.49,1260424,13183092,47861056,11.87,4810716,10471472,1444,867028,1501980,10032,12996,268912
2024-01-19T23:07:06,376976284,390003692,1936532,0.49,1260432,13183236,51668620,12.81,4810812,10509560,1512,905268,1502064,10128,13780,268880
2024-01-19T23:07:11,376951268,389979832,1960480,0.5,1260436,13184368,51700852,12.82,4810920,10506564,2536,901012,1501996,10048,13544,268912
2024-01-19T23:07:16,376972416,390001400,1938776,0.49,1260448,13184748,51870068,12.86,4810932,10509952,2696,904172,1502160,10096,13704,268920
2024-01-19T23:07:21,376979432,390009112,1931388,0.49,1260448,13185412,51663228,12.81,4811000,10507904,1032,901404,1501868,10048,13552,268880
2024-01-19T23:07:26,376961732,389991948,1948280,0.49,1260452,13185944,51559700,12.79,4811056,10505720,1688,898896,1502140,10080,13680,268936
2024-01-19T23:07:31,376946460,389977684,1962584,0.5,1260456,13186924,51456260,12.76,4811120,10512148,2084,903880,1502124,10048,13592,268880
2024-01-19T23:07:36,376935408,389967360,1972792,0.5,1260460,13187652,51460080,12.76,4811184,10511400,2876,903096,1502236,10080,13700,268920
2024-01-19T23:07:41,376927540,389960152,1980256,0.5,1260460,13188304,51763028,12.84,4811244,10510092,924,901012,1501988,10048,13612,268896
2024-01-19T23:07:46,376930620,389964240,1976100,0.5,1260460,13189276,51777048,12.84,4811332,10517628,1944,907776,1502092,10160,13940,269000
2024-01-19T23:07:51,376928236,389962672,1977556,0.5,1260468,13190032,51765784,12.84,4811396,10513640,2252,903024,1502256,10064,13612,268976
2024-01-19T23:07:56,376958644,389994268,1946076,0.49,1260476,13191196,48066352,11.92,4811420,10482012,700,870244,1502156,10032,13064,268848
2024-01-19T23:08:01,376920564,389956228,1984204,0.5,1260476,13191188,51671688,12.81,4811492,10519816,796,908124,1502116,10112,13836,268864
2024-01-19T23:08:06,376929856,389966108,1974120,0.5,1260484,13191796,48746860,12.09,4811532,10498932,696,886668,1502292,10080,13340,268808
2024-01-19T23:08:11,376936848,389974052,1966284,0.5,1260492,13192708,51349832,12.73,4811632,10509400,1436,896316,1502216,10032,13472,268784
2024-01-19T23:08:16,376935100,389973084,1967556,0.5,1260500,13193496,48952700,12.14,4811680,10498500,604,884588,1501896,10080,13328,268808
2024-01-19T23:08:21,376932736,389971708,1969452,0.5,1260500,13194424,51456496,12.76,4811772,10515112,1260,900376,1501436,10032,13604,268768
2024-01-19T23:08:26,376928336,389967564,1973652,0.5,1260504,13194664,51358888,12.74,4811776,10518128,1676,902772,1501392,10064,13700,268856
2024-01-19T23:08:31,376979256,390019880,1921152,0.49,1260508,13196048,47756508,11.84,4811836,10483268,1056,867012,1501584,10016,13024,268816
2024-01-19T23:08:36,376942564,389984068,1957264,0.5,1260508,13197020,51559356,12.79,4811992,10518884,3388,901916,1501192,10048,13564,268864
2024-01-19T23:08:41,376937372,389979276,1962292,0.5,1260512,13197380,51360552,12.74,4812020,10520600,2840,903120,1500992,10112,13796,268864
2024-01-19T23:08:46,376966056,390008872,1931836,0.49,1260516,13198784,48155928,11.94,4812036,10486272,1924,867900,1501356,10048,13140,268912
2024-01-19T23:08:51,376954868,389998660,1942648,0.49,1260528,13199208,51453588,12.76,4812192,10518004,1796,898900,1501296,10048,13500,268832
2024-01-19T23:08:56,376933556,389978004,1963268,0.5,1260536,13199868,51658216,12.81,4812240,10517892,2460,897648,1501320,10112,13424,268912
2024-01-19T23:09:01,376922748,389967408,1973928,0.5,1260548,13200308,51660904,12.81,4812264,10522060,520,901880,1501016,10048,13560,268912
2024-01-19T23:09:06,376987080,390033020,1908268,0.48,1260552,13201568,44948916,11.15,4812284,10474196,696,852744,1501080,10064,12592,268952
2024-01-19T23:09:11,376932280,389978720,1962628,0.5,1260556,13202028,51764276,12.84,4812412,10523704,1804,901624,1501056,10048,13508,268960
2024-01-19T23:09:16,376914952,389962184,1979360,0.5,1260564,13202816,51560752,12.79,4812476,10523552,2188,901092,1500856,10032,13512,268888
2024-01-19T23:09:21,376916208,389964100,1977456,0.5,1260572,13203456,51558460,12.79,4812524,10524996,620,901940,1500856,10016,13584,268896
2024-01-19T23:09:26,376912700,389961208,1980008,0.5,1260576,13204064,51566664,12.79,4812568,10530348,872,906908,1501200,10080,13824,268912
2024-01-19T23:09:31,376930516,389980684,1960520,0.5,1260576,13205664,51564740,12.79,4812660,10530288,2212,905180,1501272,10064,13748,268808
2024-01-19T23:09:36,376948880,389999408,1942108,0.49,1260576,13206032,51666280,12.81,4812732,10530372,548,904980,1500952,10080,13676,268840
2024-01-19T23:09:41,376941340,389992452,1948956,0.49,1260580,13206592,51464360,12.76,4812768,10530700,1156,904848,1501080,10128,13848,268832
2024-01-19T23:09:46,376944284,389996336,1945344,0.49,1260584,13207512,48645984,12.06,4812824,10514780,1588,888592,1500824,10016,13236,268736
2024-01-19T23:09:51,376919880,389973084,1968120,0.5,1260592,13208580,51763624,12.84,4812944,10529620,2500,901972,1501376,10032,13596,268816
2024-01-19T23:09:56,376929584,389983144,1958100,0.5,1260592,13208944,51659060,12.81,4812972,10527588,404,899512,1501328,10032,13576,268864
2024-01-19T23:10:01,376930312,389984340,1956780,0.5,1260600,13209392,51557140,12.79,4812980,10530996,720,901996,1501464,10048,13604,268880
2024-01-19T23:10:06,376929248,389984180,1956896,0.5,1260604,13210304,51457656,12.76,4813076,10530360,1932,901092,1501496,10064,13724,268904
2024-01-19T23:10:11,376941604,389997356,1943564,0.49,1260608,13211244,48649268,12.06,4813176,10531116,3372,901024,1501528,10080,13312,268904
2024-01-19T23:10:16,376945892,390002376,1938788,0.49,1260608,13211968,51353424,12.73,4813228,10533160,2724,901856,1501292,10048,13632,268896
2024-01-19T23:10:21,376961180,390018644,1922508,0.49,1260612,13212908,48750748,12.09,4813264,10514804,1584,882988,1501340,10064,13224,268928
2024-01-19T23:10:26,376937272,389995612,1945668,0.49,1260616,13213784,51566452,12.79,4813376,10537320,1788,904720,1501208,10048,13712,268984
2024-01-19T23:10:31,376921516,389980416,1960776,0.5,1260616,13214496,51664624,12.81,4813408,10535600,1480,902240,1501144,10064,13688,268968
2024-01-19T23:10:36,376918012,389977432,1963656,0.5,1260620,13214948,51350648,12.73,4813440,10533868,984,899872,1501312,10032,13608,268896
2024-01-19T23:10:41,376914560,389975080,1965492,0.5,1260620,13216060,51562788,12.79,4813548,10538544,2928,903912,1501816,10096,13832,268856
2024-01-19T23:10:46,376908704,389970432,1969956,0.5,1260628,13217220,51457980,12.76,4813592,10540784,1288,904928,1502040,10032,13628,268816
2024-01-19T23:10:51,376897680,389959436,1980952,0.5,1260628,13217216,51663356,12.81,4813648,10540984,1120,905252,1502072,10032,13612,268736
2024-01-19T23:10:56,376889728,389951868,1988748,0.5,1260632,13217528,51663540,12.81,4813384,10539792,1052,903552,1501912,10048,13736,268808
2024-01-19T23:11:01,376876828,389939916,2000588,0.51,1260636,13218476,51453700,12.76,4813488,10536636,1308,899476,1502020,10016,13572,268768
2024-01-19T23:11:06,376877808,389942080,1998312,0.51,1260656,13219608,51459852,12.76,4813576,10540400,2208,902272,1502164,10048,13724,268824
2024-01-19T23:11:11,376881672,389946184,1994320,0.51,1260664,13219840,48639364,12.06,4813584,10535412,484,897024,1502052,10000,13420,268816
2024-01-19T23:11:16,376881224,389946588,1993704,0.5,1260672,13220668,51458876,12.76,4813676,10542340,1460,903132,1502280,10016,13516,268856
2024-01-19T23:11:21,376905024,389971272,1968756,0.5,1260676,13221568,51562112,12.79,4813764,10544220,1028,904228,1502524,10048,13692,268808
2024-01-19T23:11:26,376936372,390003620,1936436,0.49,1260680,13222524,51358820,12.74,4813824,10542648,2012,901668,1502536,10048,13672,268856
2024-01-19T23:11:31,376949064,390016696,1923396,0.49,1260684,13222932,48744096,12.09,4813864,10537228,548,896032,1502472,10048,13276,268792
2024-01-19T23:11:36,376942736,390011204,1929104,0.49,1260684,13223840,51250700,12.71,4813912,10544620,1252,902460,1502184,10016,13616,268848
2024-01-19T23:11:41,376973156,390042584,1898024,0.48,1260684,13224820,51765572,12.84,4814020,10543716,952,900880,1501864,10048,13684,268840
2024-01-19T23:11:46,376954116,390024284,1916672,0.49,1260688,13225432,51562780,12.79,4814072,10546664,3168,903040,1501640,10048,13664,268856
2024-01-19T23:11:51,376942248,390013096,1927820,0.49,1260696,13226124,51762180,12.84,4814124,10546344,1168,902124,1501660,10016,13552,268848
2024-01-19T23:11:56,376946020,390017468,1922916,0.49,1260704,13226708,48537152,12.04,4814176,10524392,1784,879588,1502200,10016,13196,268848
2024-01-19T23:12:01,376947048,390019668,1920156,0.49,1260708,13227872,45824764,11.36,4814260,10525632,1092,879716,1502764,10016,13356,268864
2024-01-19T23:12:06,376932540,390005636,1933920,0.49,1260708,13228344,51457952,12.76,4814320,10549376,2776,902996,1503036,10016,13600,268832
2024-01-19T23:12:11,376921664,389995452,1943748,0.49,1260712,13229028,51561108,12.79,4814376,10547436,1028,900580,1503396,10064,13732,268904
2024-01-19T23:12:16,376930136,390006044,1932640,0.49,1260716,13231100,44752140,11.1,4814448,10512536,2548,863488,1503956,10128,13044,268888
2024-01-19T23:12:21,376881832,389957640,1981140,0.5,1260716,13231020,51660456,12.81,4814548,10550912,2060,902172,1503840,10032,13596,268832
2024-01-19T23:12:26,376877596,389953744,1985484,0.5,1260724,13231432,51659180,12.81,4814580,10548384,1544,899256,1503312,10032,13480,268816
2024-01-19T23:12:31,376875968,389952624,1986900,0.5,1260728,13231904,51263248,12.71,4814612,10557528,748,907984,1503048,10112,13948,268936
2024-01-19T23:12:36,376907140,389984420,1955460,0.5,1260728,13232528,48745488,12.09,4814656,10542812,916,892884,1502692,10304,13376,268824
2024-01-19T23:12:41,376933616,390012740,1927292,0.49,1260728,13234376,47666896,11.82,4814724,10529260,1772,877368,1502536,10080,13292,268912
2024-01-19T23:12:46,376935808,390015020,1925040,0.49,1260736,13234456,51457008,12.76,4814820,10553300,2212,901432,1502508,10032,13604,268768
2024-01-19T23:12:51,376955472,390035756,1903996,0.48,1260748,13235472,47864048,11.87,4814840,10524552,928,871116,1502860,10064,13252,268792
2024-01-19T23:12:56,376930788,390010972,1928812,0.49,1260752,13235344,51353192,12.73,4814900,10554504,1012,901824,1502852,10032,13596,268720
2024-01-19T23:13:01,376905148,389986524,1953844,0.49,1260760,13236540,51557840,12.79,4815016,10553304,1636,899464,1502256,10016,13588,268736
2024-01-19T23:13:06,376922480,390005232,1935304,0.49,1260764,13237872,51561720,12.79,4815064,10559500,3100,904508,1502128,10048,13752,268744
2024-01-19T23:13:11,376901892,389984880,1955644,0.5,1260768,13238064,51666628,12.81,4815156,10560664,3840,905420,1502180,10048,13728,268840
2024-01-19T23:13:16,376891904,389975352,1965124,0.5,1260768,13238520,51659604,12.81,4815176,10556864,3072,901176,1502232,10016,13592,268720
2024-01-19T23:13:21,376909128,389993592,1946384,0.49,1260772,13239496,51253200,12.71,4815260,10557980,3752,901544,1502768,10048,13716,268856
2024-01-19T23:13:26,376915692,390000976,1939476,0.49,1260780,13240284,51249248,12.71,4815328,10557320,2812,900008,1502316,10016,13604,268832
2024-01-19T23:13:31,376914452,390000716,1940128,0.49,1260784,13241328,51658428,12.81,4815412,10557616,3692,899324,1501856,10016,13588,268880
2024-01-19T23:13:36,376951984,390038776,1902184,0.48,1260788,13241848,47669128,11.82,4815440,10534072,632,875448,1501744,10080,13388,268904
2024-01-19T23:13:41,376919284,390007080,1933200,0.49,1260796,13242792,51664816,12.81,4815520,10562668,2916,903044,1502476,10032,13736,268872
2024-01-19T23:13:46,376943124,390031044,1909420,0.48,1260804,13242884,48849912,12.11,4815568,10543664,536,883960,1502316,10016,13004,268856
2024-01-19T23:13:51,376917776,390006736,1933916,0.49,1260812,13243920,51658440,12.81,4815648,10559676,2360,899092,1502124,10000,13616,268848
2024-01-19T23:13:56,376897216,389986936,1953684,0.49,1260820,13244664,51452260,12.76,4815672,10559824,892,898460,1502164,10000,13472,268880
2024-01-19T23:14:01,376888688,389978860,1961808,0.5,1260832,13245108,51219620,12.7,4815772,10561496,1520,899824,1502112,10032,13568,268872
2024-01-19T23:14:06,376907500,389998272,1942504,0.49,1260836,13245700,48746180,12.09,4815808,10566036,828,903184,1502008,10000,13512,268800
2024-01-19T23:14:11,376932768,390024632,1916496,0.49,1260840,13246772,51457864,12.76,4815896,10562872,2740,899568,1501672,10000,13584,268816
2024-01-19T23:14:16,376941884,390034260,1906752,0.48,1260848,13247252,48851328,12.11,4815964,10567060,2216,903404,1501812,10032,13616,268872
2024-01-19T23:14:21,376951580,390045176,1895876,0.48,1260848,13248444,47973500,11.9,4815988,10542620,2688,877728,1501800,10224,13360,268944
2024-01-19T23:14:26,376918284,390012200,1928548,0.49,1260856,13248720,51765452,12.84,4816064,10568628,2860,903600,1502140,10032,13604,268896
2024-01-19T23:14:31,376921940,390016532,1924380,0.49,1260860,13249356,51764856,12.84,4816124,10570936,2544,905368,1502012,10032,13568,268896
2024-01-19T23:14:36,376915836,390011600,1929260,0.49,1260864,13250488,51559392,12.79,4816220,10566164,2536,899552,1502100,10080,13680,268936
2024-01-19T23:14:41,376945432,390042648,1898220,0.48,1260868,13251896,44948224,11.15,4816228,10521176,2076,852616,1502132,10048,12592,268904
2024-01-19T23:14:46,376871972,389969216,1971336,0.5,1260876,13251920,51561424,12.79,4816320,10572308,2560,904344,1502444,10032,13668,268896
2024-01-19T23:14:51,376909508,390007560,1932896,0.49,1260884,13252696,51557084,12.79,4816408,10569620,2316,900832,1502564,10032,13620,268960
2024-01-19T23:14:56,376901324,390000020,1940036,0.49,1260892,13253300,51564744,12.79,4816448,10574420,2128,905164,1502996,10064,13720,268904
2024-01-19T23:15:01,376905536,390004864,1935464,0.49,1260892,13253896,51562860,12.79,4816508,10575236,1376,905512,1502760,10064,13704,268888
2024-01-19T23:15:06,376921484,390022540,1917996,0.49,1260896,13255680,48068628,11.92,4816588,10542232,3304,870780,1502492,10064,13160,268872
2024-01-19T23:15:11,376918700,390020440,1920276,0.49,1260900,13256320,47860220,11.87,4816628,10542048,2364,869796,1502352,10016,13024,268800
2024-01-19T23:15:16,376904696,390006868,1934072,0.49,1260904,13256776,51558332,12.79,4816700,10574076,2460,901528,1502100,10000,13656,268848
2024-01-19T23:15:21,376898340,390000744,1940268,0.49,1260908,13256976,51249948,12.71,4816748,10572724,1360,900048,1502056,10000,13524,268784
2024-01-19T23:15:26,376891728,389995280,1945584,0.49,1260912,13258032,51565900,12.79,4816820,10580172,3212,906600,1502292,10064,13828,268816
2024-01-19T23:15:31,376865032,389969704,1971096,0.5,1260912,13259168,51558036,12.79,4816880,10576812,1452,901972,1502340,10000,13644,268784
2024-01-19T23:15:36,376874364,389979724,1960796,0.5,1260920,13259780,51668152,12.81,4816972,10581304,3116,906204,1502688,10048,13804,268928
2024-01-19T23:15:41,376883924,389990016,1950828,0.49,1260920,13260480,51770472,12.84,4817040,10582152,2488,906176,1502396,10064,13852,268880
2024-01-19T23:15:46,376898948,390005900,1935328,0.49,1260932,13261236,51764168,12.84,4817088,10577040,2116,900356,1502104,10048,13716,268872
2024-01-19T23:15:51,376898200,390005800,1935492,0.49,1260932,13261864,51663136,12.81,4817144,10580332,1304,903048,1502060,10000,13588,268768
2024-01-19T23:15:56,376894100,390002664,1938472,0.49,1260936,13262840,51458520,12.76,4817208,10580088,3248,902444,1502200,10000,13584,268800
2024-01-19T23:16:01,376902312,390011584,1929924,0.49,1260940,13263540,48435544,12.01,4817252,10556880,352,878008,1501832,9984,12892,268768
2024-01-19T23:16:06,376897040,390007528,1933748,0.49,1260948,13264724,47663024,11.82,4817300,10550084,1704,870648,1502088,10032,13128,268808
2024-01-19T23:16:11,376877412,389987872,1953336,0.49,1260960,13264680,51458920,12.76,4817392,10582220,1368,902416,1502160,10032,13620,268840
2024-01-19T23:16:16,376913308,390024684,1916352,0.49,1260964,13265540,51557284,12.79,4817452,10580432,924,899868,1502384,9984,13544,268720
2024-01-19T23:16:21,376894900,390006912,1934076,0.49,1260964,13266168,51560296,12.79,4817500,10585308,316,903724,1502440,10000,13580,268736
2024-01-19T23:16:26,376915560,390028760,1912176,0.48,1260972,13267272,51664388,12.81,4817616,10585160,1072,902496,1502568,10032,13716,268744
2024-01-19T23:16:31,376897732,390011580,1929076,0.49,1260976,13267920,51457236,12.76,4817652,10583836,1444,901172,1502844,10048,13676,268808
2024-01-19T23:16:36,376917936,390032268,1907796,0.48,1260988,13268388,45828812,11.36,4817708,10565364,104,882724,1503440,10016,13320,268776
2024-01-19T23:16:41,376879796,389995444,1944568,0.49,1260992,13269740,51359316,12.74,4817816,10589936,1912,905008,1503452,10048,13744,268808
2024-01-19T23:16:46,376886784,390003376,1936728,0.49,1260992,13270708,51666452,12.81,4817852,10591544,1956,906180,1503336,10048,13744,268840
2024-01-19T23:16:51,376872116,389989500,1950176,0.49,1260996,13271476,51353924,12.74,4817900,10589928,2052,904272,1503784,10016,13640,268880
2024-01-19T23:16:56,376894500,390012672,1926808,0.49,1261000,13272252,51350132,12.73,4817972,10587584,332,900660,1503988,10000,13604,268848
2024-01-19T23:17:01,376901244,390019860,1919592,0.49,1261008,13272660,51247400,12.71,4818044,10586000,1396,898936,1504044,10000,13488,268816
2024-01-19T23:17:06,376901716,390021692,1918060,0.49,1261020,13273968,51560780,12.79,4818136,10591052,1652,902760,1503784,10048,13752,268856
2024-01-19T23:17:11,376883152,390003204,1936316,0.49,1261024,13274048,48949104,12.14,4818180,10588600,1412,900084,1504008,10016,13496,268864
2024-01-19T23:17:16,376894228,390015744,1923968,0.49,1261024,13275484,47960816,11.89,4818220,10558028,240,867728,1503844,10000,13048,268848
2024-01-19T23:17:21,376867396,389989260,1950512,0.49,1261032,13275756,51765092,12.84,4818312,10594040,1324,904044,1503852,10000,13604,268832
2024-01-19T23:17:26,376867040,389989632,1950396,0.49,1261036,13276484,51696804,12.82,4818376,10593964,236,903316,1503592,10000,13604,268832
2024-01-19T23:17:31,376868984,389992164,1947840,0.49,1261040,13276976,51666812,12.81,4818440,10594260,1476,903312,1503708,10080,13744,268880
2024-01-19T23:17:36,376934492,390059328,1880880,0.48,1261044,13278608,44058228,10.93,4818448,10527452,356,834580,1503524,10000,12524,268784
2024-01-19T23:17:41,376867928,389993220,1946480,0.49,1261052,13279128,51772244,12.84,4818568,10600124,2988,906912,1503960,10080,13884,268944
2024-01-19T23:17:46,376870192,389995704,1944044,0.49,1261060,13279332,51456040,12.76,4818628,10596108,2076,902200,1503920,10016,13624,268864
2024-01-19T23:17:51,376852624,389979200,1960964,0.5,1261064,13280404,51154888,12.69,4818664,10600756,1280,906308,1503492,10096,13828,268976
2024-01-19T23:17:56,376871992,389999260,1940940,0.49,1261068,13281076,51662084,12.81,4818744,10597348,1464,902400,1503472,10032,13532,268864
2024-01-19T23:18:01,376851680,389979408,1961096,0.5,1261076,13281536,51450532,12.76,4818828,10592944,1752,897056,1503160,10016,13480,268800
2024-01-19T23:18:06,376854648,389982812,1957432,0.5,1261084,13282144,51452520,12.76,4818876,10597316,556,901472,1503240,10032,13568,268896
2024-01-19T23:18:11,376861876,389990672,1949488,0.49,1261084,13282752,51554452,12.78,4818932,10594288,500,897800,1503348,10032,13492,268864
2024-01-19T23:18:16,376854172,389983832,1955980,0.5,1261088,13283584,51457928,12.76,4818996,10599044,1396,901804,1503724,10064,13700,268872
2024-01-19T23:18:21,376885388,390015772,1924180,0.49,1261096,13284260,48533504,12.04,4819060,10575880,616,878100,1503624,9984,13112,268816
2024-01-19T23:18:26,376867152,389998112,1941920,0.49,1261100,13284796,51665220,12.81,4819100,10604672,2392,906324,1503580,10048,13644,268832
2024-01-19T23:18:31,376871944,390003936,1936272,0.49,1261100,13285836,51661828,12.81,4819184,10602820,1320,903480,1503396,10048,13624,268832
2024-01-19T23:18:36,376945668,390078936,1860432,0.47,1261100,13287144,44944176,11.15,4819212,10554416,1572,854264,1504204,10048,12672,268864
2024-01-19T23:18:41,376895940,390029444,1909756,0.48,1261104,13287328,51565784,12.79,4819316,10605452,1544,904836,1504420,10112,13884,268888
2024-01-19T23:18:46,376894440,390028780,1910300,0.48,1261108,13288172,51366956,12.74,4819380,10607448,2224,906192,1504528,10160,13960,268904
2024-01-19T23:18:51,376941112,390076676,1862324,0.47,1261116,13289384,47963584,11.89,4819408,10572584,1932,869968,1504612,10064,13168,268832
2024-01-19T23:18:56,376905032,390041048,1898060,0.48,1261124,13289820,51560984,12.79,4819516,10606084,3316,903084,1504512,10080,13620,268912
2024-01-19T23:19:01,376929616,390066692,1872516,0.47,1261136,13290880,47660908,11.82,4819556,10575340,1996,871460,1504400,10128,13120,268968
2024-01-19T23:19:06,376900784,390038472,1900836,0.48,1261136,13291460,51660708,12.81,4819628,10608332,4220,903672,1504332,10080,13592,268944
2024-01-19T23:19:11,376893092,390031128,1908272,0.48,1261140,13291808,51248452,12.71,4819704,10603068,2436,898332,1504236,10080,13568,268960
2024-01-19T23:19:16,376884360,390022916,1916308,0.49,1261144,13292316,51660196,12.81,4819740,10606160,1452,900804,1504420,10080,13496,268944
2024-01-19T23:19:21,376879932,390019584,1919980,0.49,1261144,13293424,51564280,12.79,4819824,10612004,1544,905700,1504068,10112,13708,268936
2024-01-19T23:19:26,376877008,390017272,1922064,0.49,1261152,13294012,51761144,12.84,4819864,10607128,2768,900256,1504312,10096,13592,268896
2024-01-19T23:19:31,376859548,390000768,1938356,0.49,1261156,13294936,51559948,12.79,4819960,10611308,1012,903528,1504552,10096,13644,268912
2024-01-19T23:19:36,376842180,389984036,1954848,0.5,1261164,13295632,51458776,12.76,4820016,10611700,1888,903428,1504724,10128,13752,269000
2024-01-19T23:19:41,376870380,390013136,1925676,0.49,1261176,13296508,48850632,12.11,4820064,10589568,1308,879988,1504808,10080,13144,268936
2024-01-19T23:19:46,376851516,389994700,1943608,0.49,1261180,13296924,51661504,12.81,4820124,10612556,808,903036,1505320,10080,13676,269000
2024-01-19T23:19:51,376852188,389996516,1941716,0.49,1261188,13298196,51463856,12.76,4820192,10616100,1636,905456,1505260,10128,13848,269008
2024-01-19T23:19:56,376851996,389997116,1941152,0.49,1261196,13298996,48747016,12.09,4820264,10611004,2140,899548,1505208,10080,13296,268912
2024-01-19T23:20:01,376834792,389980384,1958444,0.5,1261200,13299468,51252468,12.71,4820344,10611356,2456,899580,1504644,10080,13596,268928
2024-01-19T23:20:06,376830356,389976444,1962240,0.5,1261200,13299932,48851312,12.11,4820372,10611400,420,899076,1504820,10144,13444,268976
2024-01-19T23:20:11,376838404,389985576,1952948,0.49,1261204,13301004,51556836,12.79,4820452,10613564,1532,900220,1504988,10080,13596,268992
2024-01-19T23:20:16,376836768,389984568,1954200,0.49,1261212,13301620,51452932,12.76,4820516,10613784,2132,900048,1504748,10080,13572,268992
2024-01-19T23:20:21,376860536,390009020,1929848,0.49,1261220,13302272,48641024,12.06,4820564,10599200,3432,884716,1504672,10080,13380,268960
2024-01-19T23:20:26,376869768,390019492,1919772,0.49,1261228,13303484,48642448,12.06,4820652,10596036,2376,880432,1504296,10080,13160,268968
2024-01-19T23:20:31,376838392,389988684,1950544,0.49,1261228,13304056,51453076,12.76,4820720,10614848,3716,898800,1504328,10064,13652,268960
2024-01-19T23:20:36,376845996,389997004,1942856,0.49,1261236,13304780,51553504,12.78,4820804,10613980,2304,897404,1503680,10064,13608,268960
2024-01-19T23:20:41,376829728,389981736,1958224,0.5,1261240,13305752,51459160,12.76,4820852,10625096,3968,907340,1503604,10064,13684,268992
2024-01-19T23:20:46,376855940,390009492,1930628,0.49,1261240,13307256,47962072,11.89,4820932,10588036,2176,868924,1503484,10064,13044,268944
2024-01-19T23:20:51,376842312,389996232,1943596,0.49,1261240,13307584,51557988,12.79,4820984,10621288,3644,901392,1503816,10064,13604,268944
2024-01-19T23:20:56,376872600,390027836,1912160,0.48,1261244,13308904,47762228,11.84,4821028,10590668,436,870120,1503640,10096,13288,268904
2024-01-19T23:21:01,376815604,389970924,1968588,0.5,1261248,13309004,51870760,12.86,4821108,10626296,2124,905596,1504104,10096,13704,268920
2024-01-19T23:21:06,376805488,389961500,1978308,0.5,1261272,13309660,51354792,12.74,4821140,10627344,1540,906068,1503820,10064,13576,268864
2024-01-19T23:21:11,376790160,389947184,1992136,0.5,1261276,13310588,51568848,12.79,4821252,10629036,3620,906832,1504388,10128,13848,268944
2024-01-19T23:21:16,376808804,389966300,1973240,0.5,1261276,13311060,51358160,12.74,4821288,10627176,172,904572,1504168,10096,13676,268920
2024-01-19T23:21:21,376800924,389959364,1980232,0.5,1261280,13311988,51560768,12.79,4821372,10626468,1760,903464,1504124,10096,13604,268944
2024-01-19T23:21:26,376793984,389953672,1986064,0.5,1261280,13313160,51358644,12.74,4821476,10624604,2160,900736,1504060,10128,13800,268960
2024-01-19T23:21:31,376789148,389949496,1989976,0.5,1261280,13313812,51664684,12.81,4821508,10632288,3544,907092,1504332,10048,13628,268976
2024-01-19T23:21:36,376786284,389947512,1991852,0.5,1261284,13314680,51456972,12.76,4821540,10631168,920,905208,1504448,10048,13560,268928
2024-01-19T23:21:41,376790624,389952476,1987128,0.5,1261292,13315304,51658672,12.81,4821640,10626648,1536,900248,1504200,10064,13708,268872
2024-01-19T23:21:46,376788608,389950960,1988796,0.5,1261300,13315784,51419124,12.75,4821680,10626476,1680,899584,1504060,10048,13592,268848
2024-01-19T23:21:51,376795240,389958612,1980824,0.5,1261308,13316816,51460996,12.76,4821788,10628976,1032,901684,1504360,10064,13700,268840
2024-01-19T23:21:56,376803072,389967152,1972136,0.5,1261312,13317504,51564108,12.79,4821832,10633600,1524,905172,1504524,10096,13852,268848
2024-01-19T23:22:01,376805800,389970352,1968956,0.5,1261320,13317948,51459828,12.76,4821876,10634016,1048,905116,1504524,10080,13828,268744
2024-01-19T23:22:06,376839468,390005488,1933796,0.49,1261328,13319412,47860808,11.87,4821928,10597132,2040,866860,1504544,10016,13024,268784
2024-01-19T23:22:11,376817972,389984336,1955452,0.5,1261332,13319680,51661848,12.81,4822028,10632956,1876,902456,1504112,10016,13636,268864
2024-01-19T23:22:16,376813560,389981220,1958932,0.5,1261332,13320992,47662148,11.82,4822056,10605168,3284,873324,1503732,10048,13140,268904
2024-01-19T23:22:21,376784060,389951688,1988648,0.5,1261332,13320952,51454336,12.76,4822116,10633528,2804,901816,1503556,10032,13636,268912
2024-01-19T23:22:26,376816744,389984976,1955484,0.5,1261336,13321516,48750184,12.09,4822156,10623556,3552,891376,1503468,10048,13344,268904
2024-01-19T23:22:31,376800840,389970032,1970584,0.5,1261336,13322448,48742556,12.09,4822248,10631228,1040,898104,1503340,10016,13496,268832
2024-01-19T23:22:36,376794468,389964340,1976488,0.5,1261340,13323136,51562596,12.79,4822296,10639132,2716,905028,1503116,10032,13728,268856
2024-01-19T23:22:41,376841860,390013748,1927236,0.49,1261348,13325136,43955092,10.9,4822332,10569804,1800,834000,1502968,9936,12436,268816
2024-01-19T23:22:46,376763576,389935208,2005608,0.51,1261356,13324872,51563532,12.79,4822452,10640468,3632,905112,1503136,10032,13740,268936
2024-01-19T23:22:51,376802404,389975384,1965428,0.5,1261364,13326180,47654444,11.82,4822492,10604468,2436,867820,1503172,9984,13044,268880
2024-01-19T23:22:56,376777136,389950288,1990288,0.5,1261364,13326300,51565328,12.79,4822580,10639604,3804,903232,1503460,10048,13808,268848
2024-01-19T23:23:01,376841320,390016072,1924436,0.49,1261364,13327884,44950664,11.15,4822636,10591384,2016,853176,1503544,10032,12852,268816
2024-01-19T23:23:06,376769404,389944624,1995608,0.51,1261368,13328276,51354804,12.74,4822688,10642016,4208,903524,1503892,10000,13660,268816
2024-01-19T23:23:11,376786312,389961884,1978680,0.5,1261376,13328616,48537572,12.04,4822724,10617292,2340,878472,1503564,9968,12880,268752
2024-01-19T23:23:16,376758480,389934660,2005488,0.51,1261384,13329144,51555616,12.79,4822792,10639072,1656,899252,1504052,9984,13608,268816
2024-01-19T23:23:21,376767248,389944480,1995656,0.51,1261396,13330192,51457408,12.76,4822928,10641352,1584,901220,1504056,10016,13748,268824
2024-01-19T23:23:26,376766784,389944304,1995956,0.51,1261404,13330444,51353584,12.74,4822928,10642632,2092,902164,1503960,9952,13600,268688
2024-01-19T23:23:31,376778856,389958224,1982092,0.5,1261412,13332272,47761312,11.84,4823024,10613412,2024,870652,1503916,10000,13136,268792
2024-01-19T23:23:36,376758064,389937320,2002920,0.51,1261416,13332148,51656980,12.81,4823084,10639708,480,897720,1504000,9984,13560,268784
2024-01-19T23:23:41,376751560,389931884,2008140,0.51,1261424,13333184,51761964,12.84,4823180,10643028,1168,900280,1504240,10000,13600,268752
2024-01-19T23:23:46,376781308,389962640,1977420,0.5,1261424,13334188,47858604,11.87,4823184,10613364,1816,869492,1504208,10000,13088,268752
2024-01-19T23:23:51,376743320,389924716,2015412,0.51,1261432,13334248,51661100,12.81,4823240,10645908,1680,902076,1504136,10000,13624,268816
2024-01-19T23:23:56,376808716,389991924,1948360,0.49,1261436,13335996,44942168,11.15,4823320,10591448,528,845716,1504040,9984,12372,268736
2024-01-19T23:24:01,376756892,389940072,2000368,0.51,1261440,13335984,51773684,12.84,4823392,10654152,2620,908664,1503864,10048,13844,268848
2024-01-19T23:24:06,376784156,389967880,1972512,0.5,1261444,13336520,51452512,12.76,4823468,10641024,576,895500,1503916,9984,13480,268752
2024-01-19T23:24:11,376768532,389953260,1986884,0.5,1261448,13337408,51556968,12.79,4823516,10647020,2356,900132,1504276,9984,13620,268720
2024-01-19T23:24:16,376779520,389965220,1974448,0.5,1261448,13338348,51557160,12.79,4823600,10647044,2060,899268,1504784,9984,13600,268800
2024-01-19T23:24:21,376770156,389956552,1982884,0.5,1261452,13338916,51762176,12.84,4823636,10651048,1260,902852,1505140,9984,13592,268848
2024-01-19T23:24:26,376785232,389972348,1967192,0.5,1261456,13339592,51458012,12.76,4823696,10650596,1012,901804,1505076,10000,13600,268800
2024-01-19T23:24:31,376808232,389996828,1942856,0.49,1261456,13340964,47760324,11.84,4823732,10618704,1392,868492,1505040,10032,13148,268840
2024-01-19T23:24:36,376804784,389993300,1946436,0.49,1261464,13340868,51251148,12.71,4823816,10649752,1216,899192,1504996,10016,13464,268816
2024-01-19T23:24:41,376814640,390004204,1935088,0.49,1261468,13341884,51249500,12.71,4823900,10647704,2892,896224,1505468,10016,13588,268816
2024-01-19T23:24:46,376815856,390006164,1933588,0.49,1261480,13342596,51760464,12.84,4823972,10652284,2472,900740,1505028,10000,13616,268768
2024-01-19T23:24:51,376815312,390006444,1933048,0.49,1261480,13343288,51559848,12.79,4824008,10656416,1216,903980,1505420,10016,13572,268880
2024-01-19T23:24:56,376810816,390003024,1936324,0.49,1261492,13344304,48542800,12.04,4824088,10638188,1024,885044,1505612,10048,13524,268904
2024-01-19T23:25:01,376781948,389976232,1963332,0.5,1261496,13346356,51557652,12.79,4824140,10658012,2944,902912,1505416,10016,13624,268816
2024-01-19T23:25:06,376775248,389970496,1969376,0.5,1261504,13347244,51560032,12.79,4824236,10658424,1132,902872,1505176,10000,13732,268824
2024-01-19T23:25:11,376799988,389996656,1943316,0.49,1261512,13348652,47861144,11.87,4824304,10627500,2608,870060,1505080,10032,13300,268728
2024-01-19T23:25:16,376788920,389985660,1954472,0.49,1261516,13348712,51456092,12.76,4824364,10659624,3576,902116,1504928,9984,13624,268752
2024-01-19T23:25:21,376802492,389999964,1940204,0.49,1261524,13349408,51453752,12.76,4824424,10658332,956,900240,1504920,10000,13620,268784
2024-01-19T23:25:26,376830792,390029648,1910624,0.48,1261528,13350656,47763944,11.84,4824496,10630436,2048,871212,1504948,10016,13204,268840
2024-01-19T23:25:31,376808036,390007292,1932980,0.49,1261536,13351052,48749228,12.09,4824552,10645388,1668,885884,1504944,10080,13436,268840
2024-01-19T23:25:36,376773680,389973696,1966444,0.5,1261540,13351720,51662868,12.81,4824620,10662796,3140,902636,1505164,10048,13732,268840
2024-01-19T23:25:41,376787932,389989224,1950668,0.49,1261548,13352992,47967328,11.9,4824660,10633712,756,872268,1505408,10048,13152,268808
2024-01-19T23:25:46,376793280,389995424,1944672,0.49,1261548,13353760,47861540,11.87,4824708,10633688,2432,871476,1505288,10032,13080,268800
2024-01-19T23:25:51,376796272,389999380,1940936,0.49,1261552,13354696,47858940,11.87,4824792,10630752,1924,867808,1505092,10032,13068,268864
2024-01-19T23:25:56,376768284,389971460,1968676,0.5,1261556,13354756,51659928,12.81,4824884,10664308,3372,901376,1505276,10032,13588,268848
2024-01-19T23:26:01,376776684,389980360,1959756,0.5,1261568,13355248,51659400,12.81,4824912,10663848,2400,900360,1505292,10032,13500,268864
2024-01-19T23:26:06,376769588,389974392,1965876,0.5,1261600,13356348,51667036,12.81,4824976,10672792,3116,908288,1505136,10064,13812,268888
2024-01-19T23:26:11,376769324,389974620,1965452,0.5,1261600,13356852,48545244,12.04,4825064,10650052,2320,885208,1505320,10064,13364,268920
2024-01-19T23:26:16,376742864,389949244,1990880,0.5,1261604,13357864,51767244,12.84,4825172,10671056,3220,905152,1505336,10064,13748,268872
2024-01-19T23:26:21,376733808,389940452,1999688,0.51,1261608,13358112,51254460,12.71,4825176,10671224,2808,905224,1505332,10048,13748,268888
2024-01-19T23:26:26,376743276,389951032,1988708,0.5,1261612,13359216,48539372,12.04,4825244,10651512,3852,884332,1505736,10016,13272,268832
2024-01-19T23:26:31,376721456,389930168,2009564,0.51,1261612,13360172,51661004,12.81,4825324,10671808,2996,903816,1505744,10016,13692,268832
2024-01-19T23:26:36,376722848,389932224,2007540,0.51,1261616,13360752,51830880,12.85,4825392,10670432,3552,901936,1505792,10016,13664,268896
2024-01-19T23:26:41,376733376,389943680,1996180,0.51,1261616,13361680,51563048,12.79,4825444,10677600,2992,908120,1505696,10064,13776,268904
2024-01-19T23:26:46,376760596,389971848,1967888,0.5,1261616,13362528,47772780,11.85,4825472,10646528,1896,876808,1505920,10128,13444,269000
2024-01-19T23:26:51,376736612,389948100,1991608,0.5,1261624,13362736,51761436,12.84,4825548,10671700,1264,900860,1505968,10048,13628,268928
2024-01-19T23:26:56,376737172,389949824,1989680,0.5,1261632,13363884,51556920,12.79,4825676,10670804,1956,897468,1506180,10176,13600,268928
2024-01-19T23:27:01,376742204,389955520,1983628,0.5,1261632,13364436,51349452,12.73,4825708,10673528,3756,901472,1506648,10048,13620,268912
2024-01-19T23:27:06,376744872,389959300,1979576,0.5,1261636,13365556,51661296,12.81,4825768,10676268,1232,903208,1506908,10064,13668,268864
2024-01-19T23:27:11,376730968,389946304,1992632,0.5,1261636,13366512,51560508,12.79,4825884,10676140,3016,902408,1506800,10112,13744,268904
2024-01-19T23:27:16,376729684,389945372,1993668,0.5,1261640,13366844,51462772,12.76,4825896,10679760,540,905632,1506712,10112,13760,268904
2024-01-19T23:27:21,376735356,389952220,1987000,0.5,1261648,13367980,51356492,12.74,4825960,10682692,2632,906964,1506564,10048,13716,268848
2024-01-19T23:27:26,376743840,389961024,1978304,0.5,1261656,13368268,48638324,12.06,4826040,10673968,360,898508,1506480,10064,13516,268800
2024-01-19T23:27:31,376747068,389965692,1973524,0.5,1261656,13369592,51460308,12.76,4826112,10684172,2324,907348,1506708,10080,13612,268880
2024-01-19T23:27:36,376761736,389980476,1958924,0.5,1261660,13369692,51660952,12.81,4826140,10679628,296,902956,1506536,10080,13632,268832
2024-01-19T23:27:41,376804108,390024688,1914636,0.48,1261660,13371452,47764048,11.84,4826236,10650000,2060,871648,1506692,10096,13164,268904
2024-01-19T23:27:46,376771096,389991376,1947848,0.49,1261664,13371152,51560176,12.79,4826252,10682688,424,904532,1506788,10080,13612,268848
2024-01-19T23:27:51,376788124,390009612,1929328,0.49,1261672,13372312,51456484,12.76,4826380,10679868,2356,900160,1507112,10080,13648,268912
2024-01-19T23:27:56,376789224,390011908,1927116,0.49,1261676,13373520,51458884,12.76,4826452,10685176,2472,905032,1507012,10112,13776,268984
2024-01-19T23:28:01,376776080,389999528,1939780,0.49,1261684,13374228,51557784,12.79,4826484,10685672,1660,904704,1506776,10096,13652,268960
2024-01-19T23:28:06,376784708,390008180,1931536,0.49,1261688,13374224,51458440,12.76,4826516,10686536,844,905616,1506392,10096,13660,268976
2024-01-19T23:28:11,376819700,390044420,1895428,0.48,1261696,13375360,48541960,12.04,4826592,10667008,2768,885016,1506364,10128,13412,268952
2024-01-19T23:28:16,376809604,390034900,1904584,0.48,1261700,13375928,51562036,12.79,4826688,10686372,2124,903896,1506732,10128,13664,268920
2024-01-19T23:28:21,376773516,389999868,1939348,0.49,1261704,13376848,51355064,12.74,4826732,10687148,3568,903772,1507132,10080,13640,268832
2024-01-19T23:28:26,376768352,389995420,1943616,0.49,1261708,13377552,51558080,12.79,4826788,10687080,184,902952,1507320,10080,13572,268800
2024-01-19T23:28:31,376775644,390003024,1935556,0.49,1261716,13377820,48644540,12.06,4826812,10687292,292,903012,1507812,10128,13636,268952
2024-01-19T23:28:36,376804580,390033744,1905076,0.48,1261716,13379604,47755980,11.84,4826900,10653268,1220,867324,1507572,10096,13108,268896
2024-01-19T23:28:41,376793892,390023444,1915624,0.49,1261716,13379896,51663916,12.81,4826940,10694196,2132,907920,1507420,10096,13648,268912
2024-01-19T23:28:46,376798300,390028016,1910792,0.48,1261716,13380064,51764484,12.84,4826728,10688496,1556,902020,1507676,10096,13616,268848
2024-01-19T23:28:51,376811472,390041692,1897008,0.48,1261720,13380560,51456300,12.76,4826752,10689672,988,902120,1507788,10416,13588,268976
2024-01-19T23:28:56,376809620,390040900,1897180,0.48,1261728,13381596,51663488,12.81,4826872,10689852,1544,901904,1508424,10112,13672,268904
2024-01-19T23:29:01,376808716,390040708,1897368,0.48,1261732,13382264,51660224,12.81,4826920,10690208,2036,901568,1508468,10112,13768,268864
2024-01-19T23:29:06,376816376,390049280,1888624,0.48,1261732,13383076,51659736,12.81,4826976,10691304,1028,902060,1508740,10080,13608,268880
2024-01-19T23:29:11,376794728,390028376,1909840,0.48,1261732,13383788,51558632,12.79,4827032,10692444,1532,902396,1508460,10080,13644,268896
2024-01-19T23:29:16,376792280,390026968,1911388,0.48,1261740,13384760,51356440,12.74,4827072,10696508,1240,905568,1508380,10112,13768,268920
2024-01-19T23:29:21,376774712,390010092,1928652,0.49,1261748,13385432,51456440,12.76,4827184,10692772,1744,901360,1508004,10112,13724,268872
2024-01-19T23:29:26,376762340,389998224,1940408,0.49,1261756,13385876,48648360,12.06,4827200,10684752,584,892756,1508168,10128,13364,268984
2024-01-19T23:29:31,376764168,390001020,1937800,0.49,1261764,13386812,51452728,12.76,4827296,10693540,1268,900680,1508004,10096,13656,268912
2024-01-19T23:29:36,376762448,390000492,1938408,0.49,1261764,13388004,51248680,12.71,4827376,10692808,2356,898976,1507924,10096,13544,268848
2024-01-19T23:29:41,376752868,389991372,1947496,0.49,1261768,13388432,51555264,12.79,4827428,10693916,2512,899536,1507984,10112,13656,268896
2024-01-19T23:29:46,376770872,390010516,1928404,0.49,1261776,13389588,44845512,11.12,4827472,10665104,560,869668,1507908,10080,13112,268936
2024-01-19T23:29:51,376750464,389990380,1948804,0.49,1261776,13389848,51556420,12.79,4827552,10693836,1316,898168,1507656,10064,13600,268896
2024-01-19T23:29:56,376732068,389972784,1965696,0.5,1261776,13390616,51454072,12.76,4827620,10697540,2072,901224,1508392,10064,13604,268912
2024-01-19T23:30:01,376728400,389969796,1968916,0.5,1261780,13391276,51458588,12.76,4827632,10704028,748,906956,1508176,10064,13700,268912
2024-01-19T23:30:06,376751648,389993492,1945372,0.49,1261784,13391776,51560560,12.79,4827704,10702048,760,904736,1507968,10064,13628,268912
2024-01-19T23:30:11,376798456,390041856,1897480,0.48,1261792,13393292,51661256,12.81,4827784,10702968,1880,904096,1507528,10064,13652,268928
2024-01-19T23:30:16,376782288,390025724,1913352,0.48,1261796,13393324,51769308,12.84,4827848,10703432,608,904772,1507788,10144,13844,269024
2024-01-19T23:30:21,376779328,390023448,1915744,0.49,1261800,13393996,51563648,12.79,4827856,10706204,828,906700,1507680,10144,13916,268984
2024-01-19T23:30:26,376792872,390037884,1900608,0.48,1261808,13395304,48059248,11.92,4827940,10669968,1460,869940,1507956,10112,13196,268952
2024-01-19T23:30:31,376773224,390019132,1919700,0.49,1261820,13395652,51563244,12.79,4828060,10704840,2412,903832,1508152,10112,13764,268968
2024-01-19T23:30:36,376762856,390009348,1929312,0.49,1261828,13396208,51457556,12.76,4828096,10704244,1556,902720,1508344,10080,13624,268928
2024-01-19T23:30:41,376801584,390049132,1889320,0.48,1261832,13397260,47659760,11.82,4828128,10672388,816,869996,1508552,10112,13076,268920
2024-01-19T23:30:46,376770100,390018072,1920588,0.49,1261832,13397672,51655480,12.81,4828224,10699964,1848,897292,1508356,10064,13528,268848
2024-01-19T23:30:51,376790824,390043096,1895944,0.48,1261884,13401624,48740620,12.09,4903908,10609516,472,878436,1508272,10096,12732,268888
2024-01-19T23:30:56,376767976,390021152,1918264,0.49,1261892,13402504,51457044,12.76,4903972,10635892,1544,903972,1507912,10064,13136,268864
2024-01-19T23:31:01,376761680,390015272,1924092,0.49,1261896,13402884,51760716,12.84,4903996,10633980,424,901720,1507996,10064,13128,268848
2024-01-19T23:31:06,376821276,390076356,1863212,0.47,1261908,13404284,44839096,11.12,4904068,10601092,732,867300,1507868,10016,12448,268832
2024-01-19T23:31:11,376767248,390022528,1916944,0.49,1261928,13404484,51558724,12.79,4904176,10634340,1160,900564,1507944,10064,13020,268864
2024-01-19T23:31:16,376760744,390017040,1922336,0.49,1261932,13405480,51664716,12.81,4904252,10639940,2104,905204,1508056,10096,13292,268920
2024-01-19T23:31:21,376776968,390034376,1904504,0.48,1261932,13406612,47964292,11.89,4904268,10605832,316,870036,1508532,10080,12592,268872
2024-01-19T23:31:26,376742184,389999880,1938960,0.49,1261936,13406876,51863756,12.86,4904356,10637324,1284,900856,1508592,10064,13196,268848
2024-01-19T23:31:31,376750564,390008792,1929844,0.49,1261944,13407428,48845568,12.11,4904420,10637624,1656,901084,1508768,10064,13044,268912
2024-01-19T23:31:36,376755084,390013972,1924504,0.49,1261948,13408084,51661196,12.81,4904460,10640940,316,903240,1508928,10064,13152,268912
2024-01-19T23:31:41,376755244,390015004,1923304,0.49,1261952,13408928,51660248,12.81,4904516,10639048,892,901160,1509120,10048,13132,268864
2024-01-19T23:31:46,376751712,390012348,1926188,0.49,1261964,13409772,51252428,12.71,4904608,10641416,1652,902824,1508912,10032,12996,268832
2024-01-19T23:31:51,376769952,390031432,1907592,0.48,1261964,13410580,51556632,12.79,4904692,10639740,2172,900312,1508460,10048,13036,268880
2024-01-19T23:31:56,376768348,390030644,1908520,0.48,1261976,13411380,51148992,12.68,4904720,10645824,72,905620,1508324,10032,13156,268816
2024-01-19T23:32:01,376756232,390018964,1920720,0.49,1261976,13411824,48542752,12.04,4904784,10632388,832,891812,1507796,10064,12888,268856
2024-01-19T23:32:06,376765180,390029172,1910684,0.48,1261984,13413052,51663780,12.81,4904900,10645004,1900,902844,1507648,10080,13244,268888
2024-01-19T23:32:11,376761584,390026764,1913052,0.48,1261988,13414256,48846948,12.11,4904952,10644268,2504,901448,1507668,10032,13076,268944
2024-01-19T23:32:16,376754500,390019992,1919756,0.49,1261988,13414548,51246424,12.71,4905008,10640872,2508,897704,1507756,10032,13024,268944
2024-01-19T23:32:21,376732328,389998860,1941140,0.49,1261988,13415576,51867132,12.86,4905076,10647028,3184,903040,1507516,10064,13220,268952
2024-01-19T23:32:26,376760440,390027656,1912632,0.48,1262000,13416252,47655252,11.82,4905112,10613820,816,869176,1507224,10080,12652,268888
2024-01-19T23:32:31,376718476,389986172,1953868,0.49,1262004,13416716,51455512,12.76,4905172,10647548,1416,902424,1507484,10048,13072,268832
2024-01-19T23:32:36,376738696,390007544,1932040,0.49,1262008,13417832,51655804,12.81,4905304,10641632,2068,895648,1507972,10064,12944,268896
2024-01-19T23:32:41,376740816,390010280,1929328,0.49,1262012,13418444,51663436,12.81,4905332,10650992,2628,904448,1507948,10096,13280,268920
2024-01-19T23:32:46,376737256,390007112,1932216,0.49,1262020,13418808,51557648,12.79,4905336,10647320,480,900332,1508248,10048,13124,268864
2024-01-19T23:32:51,376723924,389994608,1944832,0.49,1262020,13419616,51657880,12.81,4905400,10646748,1120,898908,1508156,10048,13104,268864
2024-01-19T23:32:56,376741248,390012768,1926664,0.49,1262028,13420596,51665264,12.81,4905520,10653412,1964,904620,1508012,10080,13288,268968
2024-01-19T23:33:01,376740788,390012884,1926700,0.49,1262028,13421196,51662628,12.81,4905560,10654596,2432,905464,1507836,10048,13152,268864
2024-01-19T23:33:06,376737976,390010784,1928872,0.49,1262032,13421876,51663784,12.81,4905612,10653396,616,903548,1507792,10080,13292,268936
2024-01-19T23:33:11,376765044,390039052,1900520,0.48,1262036,13423076,47753928,11.84,4905656,10618836,588,867784,1507872,10016,12480,268864
2024-01-19T23:33:16,376748072,390022544,1916860,0.49,1262044,13423612,51659280,12.81,4905760,10653844,1684,901824,1507960,10032,13160,268880
2024-01-19T23:33:21,376749480,390025100,1914228,0.48,1262052,13424768,51559380,12.79,4905804,10656404,2728,903804,1508020,10032,13200,268864
2024-01-19T23:33:26,376754340,390030196,1908820,0.48,1262056,13425000,51461872,12.76,4905896,10656776,2492,904104,1508332,10096,13364,268896
2024-01-19T23:33:31,376765488,390041736,1897208,0.48,1262064,13425372,51758384,12.84,4905916,10651788,336,898636,1508416,10048,13068,268832
2024-01-19T23:33:36,376735784,390012884,1926452,0.49,1262068,13426424,51351328,12.73,4906008,10654040,752,900020,1507820,10016,13128,268896
2024-01-19T23:33:41,376757264,390035044,1904404,0.48,1262080,13427224,51354876,12.74,4906096,10656324,1444,901684,1507576,10048,13148,268840
2024-01-19T23:33:46,376750380,390028828,1910880,0.48,1262084,13428036,51763028,12.84,4906148,10659404,2072,903784,1507168,10016,13172,268800
2024-01-19T23:33:51,376743392,390022536,1917424,0.49,1262092,13428728,51353576,12.74,4906204,10659508,1024,903412,1506912,10000,13168,268848
2024-01-19T23:33:56,376793964,390074536,1865092,0.47,1262092,13430148,47551988,11.79,4906280,10621784,2112,864244,1507252,10048,12588,268904
2024-01-19T23:34:01,376756776,390037444,1901944,0.48,1262096,13430252,48646192,12.06,4906336,10657992,2272,900572,1507480,10048,13084,268872
2024-01-19T23:34:06,376731404,390012896,1926468,0.49,1262104,13431096,51763828,12.84,4906404,10660560,1176,902272,1507476,10016,13164,268872
2024-01-19T23:34:11,376729668,390012260,1927216,0.49,1262116,13432164,51560452,12.79,4906472,10667312,1764,908008,1507384,10048,13308,268800
2024-01-19T23:34:16,376722168,390005112,1934428,0.49,1262124,13432540,51863704,12.86,4906528,10661856,1664,902216,1507288,9984,13116,268800
2024-01-19T23:34:21,376730216,390014548,1924220,0.49,1262132,13433884,51764216,12.84,4906652,10661548,2536,900564,1508096,10016,13128,268880
2024-01-19T23:34:26,376725392,390009984,1928832,0.49,1262136,13434132,51767584,12.84,4906656,10667140,312,905940,1508056,10048,13312,268904
2024-01-19T23:34:31,376700696,389986128,1952636,0.49,1262144,13435164,51350272,12.73,4906732,10658960,1116,896828,1507908,10032,13020,268864
2024-01-19T23:34:36,376697204,389983988,1955028,0.5,1262148,13436492,51667260,12.81,4906796,10671104,2040,907736,1507676,10048,13304,268872
2024-01-19T23:34:41,376695532,389983180,1956684,0.5,1262152,13437324,51564096,12.79,4906876,10670348,2828,906356,1506856,10064,13312,268824
2024-01-19T23:34:46,376692784,389980360,1959544,0.5,1262156,13437252,51252044,12.71,4906908,10664972,336,901452,1506812,10032,13168,268800
2024-01-19T23:34:51,376709876,389998076,1941788,0.49,1262160,13437888,51661320,12.81,4906940,10668164,272,903276,1506836,10048,13156,268832
2024-01-19T23:34:56,376735304,390024240,1915188,0.49,1262168,13438620,51659188,12.81,4907016,10666236,268,900416,1507268,10064,13068,268832
2024-01-19T23:35:01,376760616,390051460,1887864,0.48,1262168,13440504,47953120,11.89,4907092,10635468,1108,867848,1507396,10064,12576,268848
2024-01-19T23:35:06,376721540,390012300,1927416,0.49,1262168,13440412,48642436,12.06,4907152,10666912,1740,899844,1507012,10064,12764,268784
2024-01-19T23:35:11,376704196,389995452,1944176,0.49,1262168,13440920,51454660,12.76,4907180,10668476,244,900980,1507088,10032,13168,268816
2024-01-19T23:35:16,376696972,389989636,1949868,0.49,1262176,13442336,51760520,12.84,4907312,10668484,1532,899784,1507196,10032,13136,268864
2024-01-19T23:35:21,376673768,389967048,1972336,0.5,1262184,13442884,51556252,12.79,4907364,10672836,1936,903596,1507376,10032,13168,268880
2024-01-19T23:35:26,376676460,389970304,1969212,0.5,1262196,13443400,51555108,12.78,4907424,10669112,2160,899316,1507280,10016,13076,268832
2024-01-19T23:35:31,376663568,389959112,1980400,0.5,1262204,13445040,51567148,12.79,4907504,10680972,3136,909624,1507336,10064,13348,268904
2024-01-19T23:35:36,376730456,390026348,1913240,0.48,1262216,13445376,48737192,12.09,4907560,10645320,2008,873984,1507260,10048,12684,268824
2024-01-19T23:35:41,376700852,389997324,1942480,0.49,1262224,13445948,51459068,12.76,4907628,10678204,3404,905996,1507044,10080,13284,268808
2024-01-19T23:35:46,376713832,390011256,1928508,0.49,1262232,13446884,51662416,12.81,4907732,10673284,2464,900428,1507092,10080,13224,268776
2024-01-19T23:35:51,376734888,390033188,1906500,0.48,1262236,13447728,51457224,12.76,4907756,10679648,3736,905752,1507196,10064,13156,268816
2024-01-19T23:35:56,376747152,390046360,1893396,0.48,1262248,13448640,47660236,11.82,4907840,10646632,1672,871620,1507112,10096,12796,268856
2024-01-19T23:36:01,376706220,390005940,1934040,0.49,1262252,13449100,51557548,12.79,4907912,10676136,1856,901048,1506936,10016,13080,268784
2024-01-19T23:36:06,376712072,390012560,1927312,0.49,1262264,13450056,51661912,12.81,4908000,10680116,2348,904228,1506844,10080,13160,268928
2024-01-19T23:36:11,376709148,390010280,1929604,0.49,1262280,13450656,48437916,12.01,4908064,10677992,2228,901480,1506860,10080,12784,268912
2024-01-19T23:36:16,376677256,389979088,1960500,0.5,1262292,13451352,51456944,12.76,4908120,10679924,664,902784,1507148,10080,13172,268912
2024-01-19T23:36:21,376683068,389985968,1953516,0.49,1262296,13452408,51662648,12.81,4908220,10681972,1532,903896,1507260,10112,13276,268952
2024-01-19T23:36:26,376710620,390014240,1925100,0.49,1262304,13453120,51556184,12.79,4908304,10678064,1940,898904,1507404,10080,13068,268896
2024-01-19T23:36:31,376743544,390048360,1890960,0.48,1262308,13454312,45044512,11.17,4908340,10646872,1940,866976,1507424,10080,12520,268896
2024-01-19T23:36:36,376695028,389999960,1939628,0.49,1262316,13454412,48742908,12.09,4908404,10678908,2320,899084,1507164,10080,13020,268880
2024-01-19T23:36:41,376663580,389969228,1970272,0.5,1262320,13455072,51455740,12.76,4908444,10681156,604,901044,1507304,10096,13172,268880
2024-01-19T23:36:46,376651284,389957868,1981392,0.5,1262324,13456020,51455412,12.76,4908536,10684092,1424,902800,1507528,10080,13164,268928
2024-01-19T23:36:51,376660580,389968140,1971068,0.5,1262328,13456976,51563548,12.79,4908628,10687240,2204,904896,1507596,10112,13276,268936
2024-01-19T23:36:56,376678004,389985920,1953388,0.49,1262332,13457340,51660664,12.81,4908628,10685704,356,903176,1507484,10080,13148,268864
2024-01-19T23:37:01,376697656,390006812,1932288,0.49,1262344,13458516,51557224,12.79,4908768,10683708,1388,900116,1507744,10080,13140,268832
2024-01-19T23:37:06,376689156,389999260,1939644,0.49,1262352,13459420,51662028,12.81,4908840,10688292,2192,903792,1507976,10096,13188,268896
2024-01-19T23:37:11,376674808,389985396,1953672,0.49,1262352,13459880,51454156,12.76,4908880,10685436,2360,900536,1507836,10096,13140,268896
2024-01-19T23:37:16,376684628,389995980,1942828,0.49,1262352,13460604,48437136,12.01,4908884,10668908,860,882856,1508136,10128,13048,268952
2024-01-19T23:37:21,376683076,389996436,1942288,0.49,1262360,13462616,47761804,11.84,4908976,10663120,1960,875604,1508208,10064,12680,268880
2024-01-19T23:37:26,376655016,389967844,1970720,0.5,1262368,13462116,48850056,12.11,4909072,10685920,1724,898896,1508328,10096,12908,268936
2024-01-19T23:37:31,376649736,389963392,1975196,0.5,1262376,13462912,51660108,12.81,4909132,10688984,2828,901228,1508328,10064,13156,268880
2024-01-19T23:37:36,376668988,389982856,1956240,0.5,1262376,13463144,48745248,12.09,4909132,10673208,972,884784,1507800,10064,12772,268992
2024-01-19T23:37:41,376639936,389955256,1984268,0.5,1262376,13464512,51558932,12.79,4909276,10691148,1788,902004,1507456,10032,13184,268880
2024-01-19T23:37:46,376672276,389988632,1950856,0.49,1262376,13465544,47650324,11.82,4909296,10655420,1928,865160,1507496,10032,12588,268832
2024-01-19T23:37:51,376623816,389940164,1999076,0.51,1262384,13465536,51660512,12.81,4909340,10695040,460,904920,1507736,10032,13164,268864
2024-01-19T23:37:56,376656316,389974068,1965328,0.5,1262388,13466920,47962472,11.89,4909404,10661916,984,870468,1507596,10016,12612,268832
2024-01-19T23:38:01,376686180,390004020,1935900,0.49,1262392,13466996,48739844,12.09,4909468,10671096,1644,879696,1507080,10032,12780,268848
2024-01-19T23:38:06,376662516,389981324,1958540,0.5,1262396,13467936,51250584,12.71,4909552,10696172,2308,903856,1507160,10064,13240,268832
2024-01-19T23:38:11,376665244,389984424,1955356,0.5,1262408,13468400,51458876,12.76,4909580,10697648,276,904376,1507140,10016,13148,268816
2024-01-19T23:38:16,376670336,389990148,1949808,0.49,1262416,13469016,51455620,12.76,4909632,10695412,820,902060,1506972,10016,13160,268768
2024-01-19T23:38:21,376664948,389986320,1953992,0.49,1262420,13470572,51352316,12.73,4909800,10694584,2048,899912,1506616,10016,13120,268800
2024-01-19T23:38:26,376663080,389985052,1955404,0.5,1262424,13471152,51763456,12.84,4909836,10698892,2552,903688,1506488,10016,13136,268816
2024-01-19T23:38:31,376641952,389964340,1976056,0.5,1262424,13471544,51554928,12.78,4909860,10694952,264,899248,1506572,10032,13036,268832
2024-01-19T23:38:36,376673300,389996508,1943648,0.49,1262424,13472372,51763868,12.84,4909924,10697996,1136,901588,1506804,10064,13260,268856
2024-01-19T23:38:41,376682204,390006416,1933520,0.49,1262428,13473332,51665800,12.81,4910020,10702648,2000,905344,1507064,10080,13312,268840
2024-01-19T23:38:46,376697720,390022868,1917060,0.49,1262428,13474284,47759236,11.84,4910020,10670140,284,871900,1507056,10032,12664,268816
2024-01-19T23:38:51,376693492,390019048,1920224,0.49,1262436,13474612,51660436,12.81,4910132,10699608,1104,901132,1507784,10048,13048,268784
2024-01-19T23:38:56,376680592,390007568,1931744,0.49,1262448,13476016,51768564,12.84,4910184,10709532,2252,909640,1507748,10048,13212,268880
2024-01-19T23:39:01,376717252,390045000,1893704,0.48,1262452,13476768,47861804,11.87,4910240,10673164,152,872536,1508372,10016,12596,268896
2024-01-19T23:39:06,376693048,390021048,1917464,0.49,1262452,13477024,51455796,12.76,4910276,10705132,1132,904288,1508560,10048,13192,268896
2024-01-19T23:39:11,376743844,390072852,1865460,0.47,1262456,13478048,47759456,11.84,4910328,10673016,1500,871196,1508740,10032,12596,268896
2024-01-19T23:39:16,376713496,390042796,1895956,0.48,1262460,13478308,51452000,12.76,4910452,10697176,2348,895220,1508328,10032,13040,268896
2024-01-19T23:39:21,376693976,390024160,1914816,0.48,1262464,13479188,51357096,12.74,4910504,10708956,3288,906236,1508104,10032,13168,268944
2024-01-19T23:39:26,376695076,390026456,1912508,0.48,1262472,13480360,51556936,12.79,4910548,10708104,3256,904144,1508132,10032,13188,268928
2024-01-19T23:39:31,376731900,390063732,1875128,0.47,1262476,13480816,47963084,11.89,4910568,10676276,2368,871944,1508228,10000,12556,268896
2024-01-19T23:39:36,376736560,390068896,1870204,0.47,1262488,13481284,51454852,12.76,4910652,10707504,1424,902840,1508012,10000,13196,268864
2024-01-19T23:39:41,376754868,390087956,1851208,0.47,1262492,13482004,51355412,12.74,4910764,10707528,1892,902188,1507976,10000,13196,268848
2024-01-19T23:39:46,376744796,390078380,1860732,0.47,1262492,13482488,51457808,12.76,4910796,10710712,2484,904488,1508040,10016,13164,268848
2024-01-19T23:39:51,376726040,390060992,1878100,0.48,1262500,13483868,51667812,12.81,4910856,10716056,1240,909096,1508040,9984,13304,268856
2024-01-19T23:39:56,376694964,390030184,1908592,0.48,1262512,13484100,51556788,12.79,4910932,10710428,1728,903164,1508380,10000,13156,268816
2024-01-19T23:40:01,376699968,390036264,1902920,0.48,1262520,13485096,51561324,12.79,4911024,10711348,2372,903164,1508044,10000,13172,268736
2024-01-19T23:40:06,376762896,390100484,1838284,0.47,1262532,13486348,43958716,10.9,4911068,10647096,656,837624,1508488,9952,12068,268768
2024-01-19T23:40:11,376685280,390023192,1915812,0.49,1262536,13486664,51865484,12.86,4911168,10712516,1704,902856,1508256,10000,13192,268768
2024-01-19T23:40:16,376687192,390025536,1913540,0.48,1262540,13487088,51761820,12.84,4911212,10711752,456,901872,1508188,10000,13076,268768
2024-01-19T23:40:21,376670124,390009460,1929844,0.49,1262548,13488096,51459308,12.76,4911296,10714228,1312,903296,1507936,10000,13144,268768
2024-01-19T23:40:26,376684944,390025136,1913832,0.48,1262552,13488908,51662940,12.81,4911372,10715760,2044,904004,1508312,10000,13208,268752
2024-01-19T23:40:31,376712332,390053764,1885420,0.48,1262552,13490148,47757268,11.84,4911408,10684080,832,871252,1508096,10016,12684,268784
2024-01-19T23:40:36,376679768,390021140,1917456,0.49,1262556,13490148,51869240,12.86,4911468,10717812,1044,904972,1508620,10048,13320,268840
2024-01-19T23:40:41,376670200,390012932,1925852,0.49,1262564,13491512,51560176,12.79,4911564,10719844,2072,905732,1508420,10000,13232,268784
2024-01-19T23:40:46,376678688,390021788,1917048,0.49,1262568,13491860,48846556,12.11,4911624,10698216,2100,883864,1508384,9984,12824,268848
2024-01-19T23:40:51,376659112,390002692,1936272,0.49,1262576,13492340,51557884,12.79,4911648,10717904,2896,903120,1508248,10000,13204,268800
2024-01-19T23:40:56,376647168,389991204,1947912,0.49,1262580,13492796,51658668,12.81,4911684,10716024,1048,900716,1508092,9968,13212,268768
2024-01-19T23:41:01,376667004,390012212,1926928,0.49,1262592,13493900,51764272,12.84,4911816,10721172,1532,904928,1508124,9968,13180,268736
2024-01-19T23:41:06,376683104,390029824,1908616,0.48,1262596,13495444,47758048,11.84,4911864,10687544,1416,869800,1508788,10000,12728,268840
2024-01-19T23:41:11,376652200,389998696,1939680,0.49,1262612,13495172,51660344,12.81,4911920,10722260,1572,904852,1508884,9952,13204,268720
2024-01-19T23:41:16,376653232,390000804,1937708,0.49,1262616,13496244,51663044,12.81,4911960,10722516,712,904048,1508748,9904,13072,268672
2024-01-19T23:41:21,376633340,389982036,1956280,0.5,1262624,13497328,51662408,12.81,4912060,10723588,1384,903588,1508976,9984,13100,268752
2024-01-19T23:41:26,376622844,389972368,1966000,0.5,1262624,13498168,51657020,12.81,4912120,10719796,2016,899624,1508912,9952,13172,268752
2024-01-19T23:41:31,376671680,390022116,1916016,0.49,1262628,13498984,47961476,11.89,4912136,10693272,304,872172,1509240,9936,12624,268800
2024-01-19T23:41:36,376656244,390007292,1931308,0.49,1262636,13499584,51558812,12.79,4912228,10724304,1176,902660,1508776,10000,13228,268816
2024-01-19T23:41:41,376675024,390027164,1911400,0.48,1262648,13500708,47861824,11.87,4912268,10695300,1648,872656,1508768,9936,12636,268816
2024-01-19T23:41:46,376633392,389985980,1952620,0.49,1262656,13501128,51660884,12.81,4912360,10726600,2236,903688,1508752,9952,13164,268784
2024-01-19T23:41:51,376611776,389965136,1973928,0.5,1262656,13501872,51657300,12.81,4912416,10723648,416,899920,1508316,9952,13068,268784
2024-01-19T23:41:56,376612412,389966936,1972016,0.5,1262656,13503040,51659904,12.81,4912512,10726148,1504,901624,1508424,9968,13204,268720
2024-01-19T23:42:01,376623156,389978376,1960380,0.5,1262660,13503724,48845828,12.11,4912576,10709644,1984,884252,1508628,9952,12768,268784
2024-01-19T23:42:06,376607104,389962932,1975880,0.5,1262664,13504344,51491636,12.77,4912608,10731704,240,905640,1508556,9952,13196,268768
2024-01-19T23:42:11,376673580,390030888,1907976,0.48,1262672,13505812,44945336,11.15,4912648,10680464,216,852536,1508508,9936,12224,268832
2024-01-19T23:42:16,376631348,389988808,1950204,0.49,1262672,13505916,51454800,12.76,4912728,10729692,1136,902188,1508408,9952,13132,268800
2024-01-19T23:42:21,376665712,390024236,1914532,0.48,1262676,13506960,47962812,11.89,4912788,10699308,36,870828,1508668,9952,12604,268832
2024-01-19T23:42:26,376668968,390029252,1909476,0.48,1262680,13508724,47557800,11.79,4912856,10704276,584,874060,1508700,10000,12856,268792
2024-01-19T23:42:31,376633228,389993504,1945696,0.49,1262684,13508620,51763500,12.84,4912968,10732920,2212,903008,1508320,9984,13172,268832
2024-01-19T23:42:36,376638700,389999332,1939968,0.49,1262696,13508964,51456636,12.76,4912980,10731940,364,901576,1508220,9984,13116,268832
2024-01-19T23:42:41,376647448,390009780,1929468,0.49,1262696,13510608,48836556,12.11,4913028,10704536,2088,869148,1508328,9984,12716,268816
2024-01-19T23:42:46,376640492,390003628,1935720,0.49,1262700,13511420,47654724,11.82,4913100,10702104,1544,869484,1508216,9968,12668,268800
2024-01-19T23:42:51,376638784,390002308,1937076,0.49,1262704,13511740,47759480,11.84,4913156,10702788,2744,869940,1508244,9984,12656,268864
2024-01-19T23:42:56,376595796,389959724,1979548,0.5,1262712,13512112,51767604,12.84,4913232,10738488,2936,905448,1508380,10032,13320,268856
2024-01-19T23:43:01,376589024,389953548,1986036,0.5,1262720,13512708,51455516,12.76,4913276,10737180,956,903064,1508060,10304,13176,268880
2024-01-19T23:43:06,376582660,389948188,1991548,0.5,1262732,13513716,51662352,12.81,4913340,10739724,1624,904776,1507892,10000,13176,268848
2024-01-19T23:43:11,376582096,389948532,1991456,0.5,1262740,13514600,51656472,12.81,4913448,10735636,980,900228,1507656,10000,13164,268896
2024-01-19T23:43:16,376572796,389939944,1999644,0.51,1262748,13515352,51659468,12.81,4913492,10740328,1568,904224,1508008,10000,13192,268864
2024-01-19T23:43:21,376569040,389937176,2002344,0.51,1262748,13516344,51529644,12.78,4913536,10744612,1224,907464,1508072,10032,13372,268952
2024-01-19T23:43:26,376583264,389952260,1987920,0.5,1262760,13517164,51557376,12.79,4913636,10736848,1352,898652,1507440,10032,13184,268896
2024-01-19T23:43:31,376576920,389946408,1993936,0.5,1262768,13517648,51556808,12.79,4913676,10739768,1700,901464,1507276,10032,13152,268880
2024-01-19T23:43:36,376633232,390004164,1936384,0.49,1262780,13519088,47709284,11.83,4913844,10703528,940,864004,1507064,10000,12448,268696
2024-01-19T23:43:41,376630344,390001512,1939096,0.49,1262792,13519288,48595916,12.05,4913928,10715580,1388,875928,1507028,9984,12468,268648
2024-01-19T23:43:46,376603316,389975012,1965584,0.5,1262804,13519808,51513232,12.77,4913992,10737800,640,897748,1507036,10048,13092,268768
2024-01-19T23:43:51,376605648,389978064,1961984,0.5,1262808,13520496,48694972,12.08,4914064,10734100,1196,893216,1507612,10016,12644,268712
2024-01-19T23:43:56,376603012,389976232,1963836,0.5,1262812,13521208,51507464,12.77,4914120,10735580,1784,894060,1507680,10000,12996,268712
2024-01-19T23:44:01,376609364,389983376,1956800,0.5,1262816,13521976,48493556,12.03,4914188,10734708,596,892492,1507592,10000,12624,268712
2024-01-19T23:44:06,376643244,390018716,1921656,0.49,1262816,13523404,47848024,11.87,4914240,10710364,1232,866864,1507428,9984,12476,268728
2024-01-19T23:44:11,376613856,389989376,1950848,0.49,1262820,13523448,51612104,12.8,4914296,10737996,772,894424,1507576,10000,13000,268728
2024-01-19T23:44:16,376609216,389986084,1953864,0.49,1262824,13524732,51618640,12.8,4914372,10745392,2548,900580,1507912,10048,13168,268848
2024-01-19T23:44:21,376592352,389969924,1969792,0.5,1262824,13525424,51716000,12.82,4914476,10742052,2424,896748,1508156,10016,13004,268712
2024-01-19T23:44:26,376595212,389973096,1966348,0.5,1262824,13525668,51816944,12.85,4914476,10742596,1188,896912,1508496,10032,13000,268776
2024-01-19T23:44:31,376596268,389974664,1964888,0.5,1262836,13526128,51508168,12.77,4914540,10740668,624,894768,1508428,10032,12884,268760
2024-01-19T23:44:36,376596532,389975972,1963508,0.5,1262840,13527176,51609384,12.8,4914624,10739404,2108,892448,1508492,10032,12900,268792
2024-01-19T23:44:41,376600528,389981164,1958160,0.5,1262852,13528340,48696872,12.08,4914700,10743284,2492,895236,1508668,10032,12940,268840
2024-01-19T23:44:46,376607516,389988364,1950900,0.49,1262860,13528544,48598344,12.05,4914756,10743776,1236,895672,1508728,10048,13044,268880
2024-01-19T23:44:51,376606988,389988804,1950820,0.49,1262868,13529516,51105156,12.67,4914768,10751852,760,902688,1508356,10016,13068,268808
2024-01-19T23:44:56,376644660,390027148,1912324,0.48,1262872,13530016,48588476,12.05,4914876,10719048,628,869468,1508676,9984,12616,268680
2024-01-19T23:45:01,376616404,389999812,1939800,0.49,1262872,13530924,51303820,12.72,4914952,10744172,1408,893800,1508548,10000,12992,268728
2024-01-19T23:45:06,376606004,389989852,1949828,0.49,1262880,13531368,51615888,12.8,4914980,10749604,668,898788,1508468,10032,13120,268704
2024-01-19T23:45:11,376628416,390013008,1926560,0.49,1262892,13532052,48696760,12.08,4915036,10747916,296,896016,1508628,10000,12944,268728
2024-01-19T23:45:16,376635592,390021304,1918096,0.49,1262900,13533152,51715640,12.82,4915148,10749564,1444,897112,1508808,10000,13044,268664
2024-01-19T23:45:21,376656424,390042964,1896440,0.48,1262912,13533972,51715204,12.82,4915224,10752032,1980,898844,1508800,10000,13016,268680
2024-01-19T23:45:26,376654940,390041824,1897660,0.48,1262920,13534220,48696496,12.08,4915240,10742876,308,889484,1508808,10000,12640,268696
2024-01-19T23:45:31,376644128,390031800,1907660,0.48,1262920,13534916,48693864,12.08,4915280,10744988,708,890880,1508924,10000,12864,268760
2024-01-19T23:45:36,376626604,390016392,1923040,0.49,1262920,13537004,47709204,11.83,4915396,10719136,1916,862996,1508980,9952,12428,268680
2024-01-19T23:45:41,376593284,389983016,1957160,0.5,1262924,13536940,51715188,12.82,4915460,10754476,64,898472,1508240,9984,13008,268744
2024-01-19T23:45:46,376603796,389993980,1946316,0.49,1262928,13537360,51299608,12.72,4915512,10746372,204,890044,1508148,9984,12868,268712
2024-01-19T23:45:51,376592024,389983384,1956688,0.5,1262932,13538504,51713480,12.82,4915604,10751408,2108,894084,1508400,9984,12912,268744
2024-01-19T23:45:56,376580428,389972444,1967696,0.5,1262932,13539152,51613308,12.8,4915648,10755620,448,897608,1508340,9984,13004,268760
2024-01-19T23:46:01,376580980,389973532,1966416,0.5,1262940,13539616,51307504,12.72,4915672,10754336,1544,895952,1508596,10016,13088,268816
2024-01-19T23:46:06,376635352,390029520,1909640,0.48,1262940,13541716,44206712,10.96,4915732,10689820,1492,829848,1508900,9968,11868,268744
2024-01-19T23:46:11,376564376,389958692,1980656,0.5,1262948,13541308,51407488,12.75,4915828,10756344,2760,896404,1509260,9984,13004,268728
2024-01-19T23:46:16,376578000,389973224,1966436,0.5,1262952,13542176,48489112,12.02,4915892,10734268,2336,873444,1508984,9968,12280,268680
2024-01-19T23:46:21,376571668,389967396,1972432,0.5,1262956,13542740,51507600,12.77,4915940,10755044,3136,893280,1508752,9984,12972,268808
2024-01-19T23:46:26,376562144,389958668,1981204,0.5,1262960,13543472,48693628,12.08,4916016,10752324,2524,890312,1508768,9968,12604,268760
2024-01-19T23:46:31,376597540,389996712,1943060,0.49,1262964,13546020,43710332,10.84,4916052,10699720,3332,835164,1508964,10000,12028,268784
2024-01-19T23:46:36,376574012,389972848,1966804,0.5,1262972,13545664,48789264,12.1,4915876,10726696,3244,861808,1509096,9984,12508,268744
2024-01-19T23:46:41,376572240,389970812,1968880,0.5,1262980,13545404,51612280,12.8,4915896,10761648,2856,897600,1509044,9952,12948,268664
2024-01-19T23:46:46,376557144,389956988,1982500,0.5,1262980,13546552,51713356,12.82,4915996,10759056,1312,893976,1509372,9984,13004,268712
2024-01-19T23:46:51,376572708,389973348,1966296,0.5,1262980,13547360,48486036,12.02,4916040,10755524,1684,889840,1509204,9984,12756,268728
2024-01-19T23:46:56,376557752,389959060,1980732,0.5,1262984,13548020,51511352,12.77,4916112,10763028,832,896588,1509060,9984,13024,268760
2024-01-19T23:47:01,376601464,390003204,1936624,0.49,1262984,13548452,48489720,12.02,4916148,10741624,604,874804,1509024,10000,12628,268744
2024-01-19T23:47:06,376574356,389976652,1963028,0.5,1262988,13548992,51510824,12.77,4916172,10766600,1064,899240,1509184,10016,13004,268808
2024-01-19T23:47:11,376603948,390007468,1931368,0.49,1262992,13550204,51506880,12.77,4916304,10759948,1092,891076,1510036,10016,12876,268792
2024-01-19T23:47:16,376619528,390024496,1913736,0.48,1263000,13551728,47914700,11.88,4916352,10733940,1684,864012,1510556,10016,12440,268824
2024-01-19T23:47:21,376587488,389992528,1945872,0.49,1263004,13551768,51712588,12.82,4916416,10764304,2384,894432,1510416,10000,12944,268792
2024-01-19T23:47:26,376575048,389980544,1957956,0.5,1263012,13552216,51716472,12.83,4916460,10769188,560,898884,1510316,10016,13024,268776
2024-01-19T23:47:31,376591732,389998368,1940212,0.49,1263016,13553284,48490660,12.03,4916544,10749856,832,878692,1510304,10000,12796,268712
2024-01-19T23:47:36,376571512,389979300,1959440,0.5,1263020,13554420,51510072,12.77,4916616,10769720,2060,897372,1510156,10000,13028,268760
2024-01-19T23:47:41,376596060,390004064,1934928,0.49,1263020,13554632,51614108,12.8,4916672,10770532,388,897892,1509908,10032,13108,268760
2024-01-19T23:47:46,376615348,390024676,1914236,0.48,1263024,13555924,47710712,11.83,4916692,10737172,1812,863244,1510016,10000,12504,268808
2024-01-19T23:47:51,376564768,389974224,1964944,0.5,1263036,13556040,51474872,12.77,4916784,10772396,856,898460,1509760,10000,12964,268776
2024-01-19T23:47:56,376552500,389963012,1975788,0.5,1263040,13557088,51404724,12.75,4916888,10768924,2508,894172,1510132,10000,12980,268760
2024-01-19T23:48:01,376555716,389966672,1971984,0.5,1263044,13557532,51402240,12.75,4916912,10766756,740,890564,1510272,9984,12956,268680
2024-01-19T23:48:06,376552828,389964396,1974500,0.5,1263044,13558120,51509804,12.77,4916944,10774008,1140,898192,1510056,10000,13008,268712
2024-01-19T23:48:11,376544752,389957036,1981864,0.5,1263052,13558828,48590456,12.05,4917036,10768268,1092,891812,1510052,10000,12904,268760
2024-01-19T23:48:16,376557628,389970700,1967904,0.5,1263060,13559712,51513252,12.77,4917104,10774328,2644,896692,1510244,10048,13132,268928
2024-01-19T23:48:21,376594008,390007932,1930640,0.49,1263064,13560556,47811896,11.86,4917144,10741984,544,863400,1510280,10000,12476,268808
2024-01-19T23:48:26,376549672,389964268,1974392,0.5,1263068,13561200,51611312,12.8,4917236,10773748,1208,895108,1510216,10000,12840,268744
2024-01-19T23:48:31,376543532,389958876,1979692,0.5,1263072,13561964,51310140,12.72,4917292,10777928,2084,898632,1510288,10048,13172,268848
2024-01-19T23:48:36,376523348,389940404,1998064,0.51,1263076,13563664,51302352,12.72,4917396,10771860,2804,890932,1510396,9984,12920,268680
2024-01-19T23:48:41,376512892,389930488,2007968,0.51,1263084,13564144,51409300,12.75,4917452,10779144,3128,897884,1510460,9984,13056,268696
2024-01-19T23:48:46,376510528,389928416,2010132,0.51,1263084,13564448,51507312,12.77,4917492,10773880,600,892316,1510356,10000,12988,268648
2024-01-19T23:48:51,376506040,389925004,2013200,0.51,1263096,13565516,51411188,12.75,4917572,10781772,1520,898676,1510696,9920,13036,268632
2024-01-19T23:48:56,376513652,389933132,2005076,0.51,1263100,13566028,51612676,12.8,4917656,10777620,1952,894592,1510692,9920,13016,268664
2024-01-19T23:49:01,376503492,389923492,2015108,0.51,1263112,13566548,51305416,12.72,4917692,10779452,2268,895936,1510288,9920,13012,268728
2024-01-19T23:49:06,376511176,389931636,2006948,0.51,1263120,13567000,51409336,12.75,4917724,10782776,316,898896,1510304,9920,13032,268728
2024-01-19T23:49:11,376536860,389958116,1980412,0.5,1263128,13567776,51506832,12.77,4917812,10777100,940,892564,1510372,9936,13004,268680
2024-01-19T23:49:16,376525772,389947908,1990976,0.5,1263128,13568600,51508564,12.77,4917888,10779940,1772,894620,1510072,9936,13008,268632
2024-01-19T23:49:21,376531064,389954476,1984524,0.5,1263128,13569900,51410700,12.75,4917960,10787860,2724,901228,1509932,9984,13180,268736
2024-01-19T23:49:26,376528032,389951500,1987224,0.5,1263128,13569944,51407076,12.75,4917980,10782484,36,895864,1510220,9936,13012,268696
2024-01-19T23:49:31,376566328,389991872,1946904,0.49,1263128,13572004,47915824,11.88,4918044,10754636,2232,865960,1510184,9936,12508,268696
2024-01-19T23:49:36,376571008,389996928,1942144,0.49,1263132,13572384,51306324,12.72,4918124,10787104,2304,898140,1509880,9952,13084,268664
2024-01-19T23:49:41,376559372,389985172,1953852,0.49,1263140,13572216,51578072,12.79,4918176,10785028,2880,896420,1509968,9936,13004,268648
2024-01-19T23:49:46,376559960,389986696,1952136,0.49,1263148,13573140,51199924,12.7,4918232,10782652,412,893040,1510164,9936,12936,268664
2024-01-19T23:49:51,376559160,389986368,1952548,0.49,1263152,13573580,51819456,12.85,4918276,10789160,1396,899320,1510108,9936,13028,268584
2024-01-19T23:49:56,376552820,389980988,1957668,0.5,1263156,13574536,51408668,12.75,4918368,10789520,1704,898852,1510368,9936,12992,268648
2024-01-19T23:50:01,376541412,389970448,1968280,0.5,1263160,13575384,51818900,12.85,4918440,10790664,2864,899000,1510312,9952,13044,268744
2024-01-19T23:50:06,376539960,389969504,1969248,0.5,1263172,13575860,51617368,12.8,4918476,10791912,2560,899836,1510308,9984,13140,268752
2024-01-19T23:50:11,376533644,389964132,1974772,0.5,1263180,13576780,51404816,12.75,4918584,10784736,1336,892436,1510172,10128,13124,268664
2024-01-19T23:50:16,376543332,389974660,1964004,0.5,1263184,13577580,51509892,12.77,4918636,10788292,1968,895060,1510448,9952,12984,268680
2024-01-19T23:50:21,376551296,389983552,1955184,0.5,1263192,13578464,51409576,12.75,4918680,10793496,1092,898936,1510412,9936,13028,268680
2024-01-19T23:50:26,376544732,389977236,1961928,0.5,1263196,13578716,51511900,12.77,4918728,10792636,1344,897956,1509976,9984,13016,268728
2024-01-19T23:50:31,376535064,389968528,1970712,0.5,1263204,13579640,48693748,12.08,4918852,10789472,1992,893900,1509928,9952,12900,268712
2024-01-19T23:50:36,376522708,389956748,1982160,0.5,1263216,13580184,51612656,12.8,4918860,10793156,436,896596,1510280,9952,12996,268760
2024-01-19T23:50:41,376527548,389962276,1976744,0.5,1263224,13580832,45674404,11.33,4918948,10769788,756,872608,1510200,9952,12224,268664
2024-01-19T23:50:46,376507316,389943368,1995748,0.51,1263236,13582148,51507316,12.77,4919056,10790044,1920,892236,1510100,9968,12984,268728
2024-01-19T23:50:51,376517412,389953944,1985216,0.5,1263244,13582596,48592504,12.05,4919104,10773684,548,875352,1510080,9968,12632,268760
2024-01-19T23:50:56,376496608,389933900,2005040,0.51,1263256,13583300,51611452,12.8,4919160,10794768,1032,895876,1510344,9968,12996,268792
2024-01-19T23:51:01,376481884,389920616,2018412,0.51,1263260,13584732,51518524,12.78,4919236,10802764,2448,902348,1510260,10000,13172,268720
2024-01-19T23:51:06,376504188,389943116,1996180,0.51,1263264,13584860,51612928,12.8,4919300,10797324,3308,896860,1510056,9968,12900,268744
2024-01-19T23:51:11,376513420,389952804,1986436,0.5,1263272,13585296,48491716,12.03,4919336,10776828,392,875984,1510124,9968,12632,268728
2024-01-19T23:51:16,376489044,389929756,2009220,0.51,1263272,13586592,51408604,12.75,4919444,10798628,2344,896688,1510420,9968,12996,268760
2024-01-19T23:51:21,376533864,389975104,1963960,0.5,1263272,13587100,45778196,11.35,4919492,10792868,1904,890444,1510352,9968,12748,268696
2024-01-19T23:51:26,376545868,389988132,1950852,0.49,1263276,13588116,51304160,12.72,4919560,10799028,3528,895656,1510436,9968,13004,268728
2024-01-19T23:51:31,376573848,390017224,1921720,0.49,1263284,13589240,47814224,11.86,4919564,10769732,480,865204,1510456,9968,12472,268712
2024-01-19T23:51:36,376561900,390005740,1933008,0.49,1263288,13589784,51509180,12.77,4919700,10800156,2492,894388,1510568,9984,12988,268744
2024-01-19T23:51:41,376558608,390002824,1936208,0.49,1263288,13590136,51406280,12.75,4919740,10799792,1992,894248,1510308,9984,12888,268712
2024-01-19T23:51:46,376565336,390010576,1928172,0.49,1263288,13591152,51304628,12.72,4919800,10800980,3524,894864,1510600,9984,12992,268712
2024-01-19T23:51:51,376579996,390025984,1912940,0.48,1263296,13591868,51614184,12.8,4919864,10805692,2764,898968,1510448,9984,13008,268744
2024-01-19T23:51:56,376543988,389990832,1948392,0.49,1263300,13592700,51307224,12.72,4919944,10802732,2716,895736,1510168,10256,13164,268848
2024-01-19T23:52:01,376572272,390019760,1919364,0.49,1263304,13593328,51712692,12.82,4919996,10801740,2352,893572,1510280,10000,12860,268776
2024-01-19T23:52:06,376550928,389999180,1940220,0.49,1263304,13594068,51405984,12.75,4920052,10805608,2664,896768,1510028,9984,13008,268696
2024-01-19T23:52:11,376624844,390074152,1865308,0.47,1263312,13595112,47809576,11.86,4920128,10771224,2088,861416,1509972,9968,12412,268680
2024-01-19T23:52:16,376583020,390032856,1906892,0.48,1263316,13595592,51610988,12.8,4920192,10806784,2500,896684,1509728,9984,13008,268744
2024-01-19T23:52:21,376606760,390057936,1881980,0.48,1263324,13596752,47917736,11.88,4920208,10779852,260,868288,1509732,9984,12452,268744
2024-01-19T23:52:26,376601864,390053012,1886748,0.48,1263324,13596688,51713280,12.82,4920272,10807724,916,896436,1509924,10000,13016,268744
2024-01-19T23:52:31,376582712,390034652,1904804,0.48,1263332,13597508,51507268,12.77,4920364,10805040,1572,893152,1510192,10016,12888,268712
2024-01-19T23:52:36,376573688,390026364,1913132,0.48,1263332,13598208,51409908,12.75,4920416,10810344,2208,897808,1510188,10016,13064,268664
2024-01-19T23:52:41,376578836,390032316,1906932,0.48,1263332,13599004,51614048,12.8,4920472,10810732,1304,897444,1510444,10016,13000,268728
2024-01-19T23:52:46,376594168,390047892,1891484,0.48,1263332,13599232,51513332,12.77,4920484,10812540,684,898880,1510332,10048,13140,268784
2024-01-19T23:52:51,376579896,390034116,1905012,0.48,1263336,13599728,48489588,12.02,4920532,10793780,1832,879864,1510576,10032,12724,268776
2024-01-19T23:52:56,376570192,390025968,1913300,0.48,1263340,13601188,51306848,12.72,4920660,10812020,2144,896572,1510528,10016,13060,268808
2024-01-19T23:53:01,376555732,390012140,1927048,0.49,1263348,13601856,51716340,12.82,4920716,10813384,1200,897432,1510564,10016,13040,268808
2024-01-19T23:53:06,376553008,390009716,1929548,0.49,1263348,13602096,51509616,12.77,4920728,10812744,648,895928,1510548,10016,13012,268824
2024-01-19T23:53:11,376563632,390021388,1917988,0.49,1263348,13603120,48590340,12.05,4920808,10790104,2100,872904,1510460,10000,12632,268824
2024-01-19T23:53:16,376543064,390001776,1937952,0.49,1263352,13604040,51509276,12.77,4920900,10813952,2156,895468,1510140,10016,12992,268776
2024-01-19T23:53:21,376559548,390018544,1921076,0.49,1263360,13604312,48590184,12.05,4920916,10808636,2996,890276,1510252,10000,12904,268792
2024-01-19T23:53:26,376559052,390018764,1920592,0.49,1263368,13605000,51440688,12.76,4920988,10815092,2568,896040,1510536,10016,12928,268744
2024-01-19T23:53:31,376568100,390028876,1910560,0.48,1263368,13606068,51507588,12.77,4921092,10814568,2784,894756,1510452,9984,12880,268760
2024-01-19T23:53:36,376561348,390023008,1916420,0.49,1263380,13606924,51608172,12.8,4921156,10814168,2452,893448,1510476,9984,12992,268696
2024-01-19T23:53:41,376543168,390005068,1934312,0.49,1263388,13607180,51413540,12.75,4921152,10819928,616,898596,1510500,10240,13204,268784
2024-01-19T23:53:46,376521956,389984812,1954500,0.49,1263392,13608068,51406812,12.75,4921252,10818764,1060,896968,1510632,9984,12984,268760
2024-01-19T23:53:51,376508696,389972836,1966472,0.5,1263392,13609352,51609628,12.8,4921376,10817664,1940,894704,1510636,9984,13008,268712
2024-01-19T23:53:56,376541312,390005696,1933688,0.49,1263392,13609584,48793404,12.1,4921380,10796060,356,872496,1510572,9984,12772,268728
2024-01-19T23:54:01,376523432,389988544,1950804,0.49,1263392,13610320,51611828,12.8,4921436,10818560,876,894776,1510600,9984,13000,268744
2024-01-19T23:54:06,376495576,389961964,1977140,0.5,1263396,13611516,51406676,12.75,4921548,10822432,2176,897612,1510920,9984,12996,268712
2024-01-19T23:54:11,376495236,389962356,1976968,0.5,1263400,13612240,51611700,12.8,4921612,10821452,1996,895912,1510704,9984,13032,268760
2024-01-19T23:54:16,376482920,389950564,1988568,0.5,1263408,13612628,51508656,12.77,4921648,10819996,1508,894112,1511024,9984,13012,268696
2024-01-19T23:54:21,376482940,389951032,1988176,0.5,1263412,13613076,51607192,12.8,4921676,10818108,1024,891796,1510944,9968,13016,268696
2024-01-19T23:54:26,376533216,390003924,1935152,0.49,1263412,13615516,43910372,10.89,4921692,10761612,1748,832756,1511252,9952,11932,268696
2024-01-19T23:54:31,376487708,389958172,1980776,0.5,1263416,13615284,51408504,12.75,4921832,10828404,2184,900068,1511364,9968,13072,268680
2024-01-19T23:54:36,376488476,389959252,1979572,0.5,1263424,13615536,51304880,12.72,4921900,10826612,3196,898488,1511540,9936,13044,268712
2024-01-19T23:54:41,376499148,389970360,1968508,0.5,1263428,13615980,51612916,12.8,4921928,10826820,680,897732,1511484,9936,13032,268680
2024-01-19T23:54:46,376516584,389988560,1950432,0.49,1263436,13616544,48593536,12.05,4921976,10807424,1536,877848,1511552,9952,12640,268680
2024-01-19T23:54:51,376507468,389980424,1958588,0.5,1263444,13617508,51613736,12.8,4922064,10829376,1524,899076,1511540,9952,13024,268664
2024-01-19T23:54:56,376508552,389982440,1955912,0.5,1263448,13618524,51817340,12.85,4922152,10828432,3100,897100,1512112,9968,13044,268680
2024-01-19T23:55:01,376513688,389988008,1950076,0.49,1263456,13618972,51715368,12.82,4922180,10829508,740,897256,1512356,9968,13016,268616
2024-01-19T23:55:06,376528128,390003392,1934976,0.49,1263464,13619896,51713932,12.82,4922264,10827876,2220,895312,1512084,9968,13016,268728
2024-01-19T23:55:11,376532696,390008692,1929768,0.49,1263472,13620608,51305432,12.72,4922320,10829104,892,895964,1512004,9984,13064,268688
2024-01-19T23:55:16,376547172,390023980,1914916,0.48,1263480,13621392,51609432,12.8,4922408,10828068,2256,894020,1511588,9952,13008,268664
2024-01-19T23:55:21,376566248,390044708,1894340,0.48,1263488,13623040,47605308,11.81,4922448,10800832,896,865132,1511432,9936,12492,268680
2024-01-19T23:55:26,376533184,390011892,1927644,0.49,1263492,13623280,51513632,12.77,4922496,10838568,1708,902860,1510948,10032,13048,268664
2024-01-19T23:55:31,376533748,390012472,1926664,0.49,1263504,13623236,51618352,12.8,4922576,10837908,364,902324,1511396,9984,13156,268624
2024-01-19T23:55:36,376534740,390014312,1924464,0.49,1263508,13624072,51508796,12.77,4922660,10830948,1432,894456,1511764,9952,12928,268632
2024-01-19T23:55:41,376517876,389998436,1939860,0.49,1263516,13625048,51609824,12.8,4922752,10830348,2968,893036,1512248,9952,12920,268632
2024-01-19T23:55:46,376512584,389993840,1944520,0.49,1263524,13625760,51712132,12.82,4922788,10832960,2484,894896,1512160,9952,13000,268696
2024-01-19T23:55:51,376495628,389977480,1960848,0.5,1263524,13626272,51612188,12.8,4922820,10834380,1376,895900,1512276,9968,13000,268712
2024-01-19T23:55:56,376527152,390011032,1926992,0.49,1263528,13628268,47713204,11.83,4922944,10805088,1616,864648,1512608,9936,12476,268696
2024-01-19T23:56:01,376486284,389970124,1968064,0.5,1263532,13628188,51511996,12.77,4923008,10839172,3152,898932,1512480,9952,13056,268776
2024-01-19T23:56:06,376500576,389984872,1953592,0.49,1263536,13628640,51610376,12.8,4923036,10837404,476,896740,1512204,9952,13032,268744
2024-01-19T23:56:11,376516884,390003412,1935160,0.49,1263552,13630748,47812628,11.86,4923124,10807972,2136,865196,1512204,9952,12624,268776
2024-01-19T23:56:16,376526012,390013188,1925704,0.49,1263560,13631376,47710088,11.83,4923232,10808436,2488,864804,1511896,9952,12600,268696
2024-01-19T23:56:21,376515692,390003532,1935552,0.49,1263568,13632012,47812748,11.86,4923268,10810196,1120,866280,1511724,9936,12504,268712
2024-01-19T23:56:26,376487036,389974612,1964528,0.5,1263572,13631744,51506172,12.77,4923304,10838096,324,894504,1511668,9952,13020,268712
2024-01-19T23:56:31,376505660,389994712,1944224,0.49,1263576,13633304,47914792,11.88,4923364,10812184,1472,867144,1511784,9936,12456,268696
2024-01-19T23:56:36,376449936,389939328,1999448,0.51,1263576,13633652,51714052,12.82,4923476,10840768,1848,895468,1511936,9952,13000,268664
2024-01-19T23:56:41,376460352,389950328,1988576,0.5,1263580,13634204,51305140,12.72,4923520,10845232,752,899336,1511836,9952,12984,268664
2024-01-19T23:56:46,376495620,389986260,1952652,0.49,1263584,13634852,51614276,12.8,4923580,10844976,860,898636,1511840,9920,13020,268648
2024-01-19T23:56:51,376494988,389986616,1952328,0.49,1263588,13635884,51612508,12.8,4923584,10845032,728,897468,1511760,9936,13000,268696
2024-01-19T23:56:56,376491980,389984076,1955064,0.5,1263596,13636328,51002388,12.65,4923712,10848224,132,900432,1511580,9968,13064,268656
2024-01-19T23:57:01,376493840,389986632,1952448,0.49,1263596,13637036,51612180,12.8,4923760,10845692,948,897292,1511628,9920,13004,268680
2024-01-19T23:57:06,376501040,389994352,1944796,0.49,1263604,13637552,48899612,12.13,4923820,10842740,672,893328,1511556,9936,12912,268664
2024-01-19T23:57:11,376503768,389998336,1940588,0.49,1263612,13638776,51615048,12.8,4923916,10845880,928,896460,1511804,10032,13080,268696
2024-01-19T23:57:16,376497132,389992208,1946804,0.49,1263620,13639292,48696624,12.08,4923964,10842004,2508,891468,1511700,9936,12872,268616
2024-01-19T23:57:21,376482512,389978268,1961324,0.5,1263624,13639960,51512556,12.77,4924028,10849988,844,898848,1511128,9952,13172,268552
2024-01-19T23:57:26,376472616,389969292,1970316,0.5,1263632,13640828,51200376,12.7,4924108,10846420,1728,895084,1511156,9936,12896,268616
2024-01-19T23:57:31,376466764,389964332,1974812,0.5,1263632,13641712,51202608,12.7,4924172,10845848,1804,893656,1511628,9936,12992,268664
2024-01-19T23:57:36,376451972,389950224,1988844,0.5,1263640,13642440,51408192,12.75,4924232,10851644,1740,898108,1511652,9920,13020,268696
2024-01-19T23:57:41,376460520,389959536,1979556,0.5,1263648,13643212,51613296,12.8,4924268,10852216,984,898000,1511612,9936,13048,268728
2024-01-19T23:57:46,376480792,389980868,1958316,0.5,1263660,13644188,51378152,12.74,4924392,10852360,2156,896920,1511592,9984,13156,268768
2024-01-19T23:57:51,376507324,390007756,1931352,0.49,1263664,13644496,48587968,12.05,4924444,10843476,1616,888104,1511712,9920,12764,268696
2024-01-19T23:57:56,376510056,390011360,1927408,0.49,1263668,13645320,51404636,12.75,4924492,10850552,1460,894548,1512096,9936,13008,268696
2024-01-19T23:58:01,376527700,390030492,1908520,0.48,1263676,13646768,47813388,11.86,4924564,10822676,1696,865176,1511884,9936,12560,268664
2024-01-19T23:58:06,376528120,390032008,1906876,0.48,1263688,13647876,47810436,11.86,4924648,10820844,2796,862268,1511988,9968,12548,268680
2024-01-19T23:58:11,376512516,390016172,1922640,0.49,1263692,13647616,51611016,12.8,4924692,10853884,2448,895624,1512084,9936,13016,268648
2024-01-19T23:58:16,376498344,390003040,1935820,0.49,1263692,13648664,51508896,12.77,4924776,10855212,1864,896068,1512028,9936,13032,268696
2024-01-19T23:58:21,376530420,390036388,1902420,0.48,1263696,13649892,47606784,11.81,4924812,10821912,1472,861540,1512120,9920,12464,268696
2024-01-19T23:58:26,376491992,389998120,1940488,0.49,1263696,13650016,51203284,12.7,4924896,10857044,2976,896668,1512356,9936,13028,268664
2024-01-19T23:58:31,376508492,390015352,1923576,0.49,1263704,13650720,48491768,12.03,4924964,10837284,756,875684,1512056,9936,12648,268728
2024-01-19T23:58:36,376486712,389994612,1944052,0.49,1263712,13651792,51719596,12.83,4925048,10861800,2596,899860,1512280,9968,13136,268736
2024-01-19T23:58:41,376488892,389997076,1941308,0.49,1263716,13652048,48484560,12.02,4925100,10850372,1744,888112,1512584,9936,12800,268696
2024-01-19T23:58:46,376483640,389992692,1945568,0.49,1263720,13652916,51613804,12.8,4925140,10860820,3384,897812,1512704,9936,13016,268680
2024-01-19T23:58:51,376481644,389991360,1946464,0.49,1263728,13653516,51508888,12.77,4925196,10858556,680,894980,1513196,9936,13048,268664
2024-01-19T23:58:56,376487040,389997776,1939712,0.49,1263728,13654532,51718716,12.83,4925288,10864464,1756,899988,1513536,10016,13040,268728
2024-01-19T23:59:01,376474884,389986660,1951540,0.49,1263736,13655524,51612060,12.8,4925376,10861196,484,895880,1512864,9936,13008,268696
2024-01-19T23:59:06,376480908,389993332,1945028,0.49,1263740,13656100,51584780,12.79,4925428,10867140,572,901356,1512772,9968,13160,268704
2024-01-19T23:59:11,376471216,389984252,1954340,0.49,1263740,13656744,51302972,12.72,4925448,10861556,1804,895168,1512508,9936,13032,268728
2024-01-19T23:59:16,376509868,390024416,1914368,0.48,1263744,13658216,48595764,12.05,4925520,10848688,1080,880652,1512352,9920,12336,268712
2024-01-19T23:59:21,376477636,389992300,1946584,0.49,1263752,13658784,51409288,12.75,4925652,10864484,2884,896344,1511792,9936,13020,268728
2024-01-19T23:59:26,376473252,389988240,1950736,0.49,1263760,13659060,51612928,12.8,4925688,10862316,352,894204,1511740,9936,13020,268704
2024-01-19T23:59:31,376459196,389974956,1964004,0.5,1263768,13659872,51513692,12.77,4925744,10869592,1964,900072,1511708,9936,13040,268776
2024-01-19T23:59:36,376473080,389989828,1949144,0.49,1263772,13660812,51615304,12.8,4925824,10870552,1932,900348,1511740,9952,13024,268728
2024-01-19T23:59:41,376470716,389989172,1950028,0.49,1263776,13662488,47915100,11.88,4925916,10835668,3016,863732,1511540,9920,12448,268744
2024-01-19T23:59:46,376437736,389955904,1983256,0.5,1263780,13662192,51406304,12.75,4925952,10867316,464,895856,1511584,9936,13012,268760
2024-01-19T23:59:51,376422680,389941492,1997676,0.51,1263784,13662824,51404328,12.75,4926004,10865908,1656,893800,1511584,9936,12952,268712
2024-01-19T23:59:56,376427256,389946988,1992560,0.5,1263792,13663720,51612132,12.8,4926072,10870772,392,897804,1511220,9952,13032,268680
2024-01-20T00:00:01,376422680,389943200,1996860,0.51,1263800,13664508,51713608,12.82,4926160,10869704,1256,896076,1510700,9936,13056,268712
2024-01-20T00:00:06,376414868,389936052,2003948,0.51,1263804,13665152,51510064,12.77,4926208,10872032,984,897716,1510776,9936,13040,268696
2024-01-20T00:00:11,376402676,389925008,2014344,0.51,1263884,13666120,51817556,12.85,4927184,10872076,2212,897808,1511524,9968,13064,268712
2024-01-20T00:00:16,376420568,389944076,1995272,0.51,1263888,13667296,51408592,12.75,4927220,10874628,2624,899020,1511524,9984,13016,268680
2024-01-20T00:00:21,376439372,389963512,1975328,0.5,1263892,13667868,51712732,12.82,4927320,10870196,3204,894192,1512088,9984,13032,268696
2024-01-20T00:00:26,376438032,389962916,1976328,0.5,1263896,13668592,51610808,12.8,4927400,10871504,2512,895004,1511700,9984,13052,268664
2024-01-20T00:00:31,376443516,389969492,1969604,0.5,1263904,13669664,48284288,11.97,4927424,10873992,1600,896264,1511860,10000,12944,268664
2024-01-20T00:00:36,376470472,389997820,1941284,0.49,1263908,13671012,47711612,11.83,4927496,10843360,1560,864956,1511872,9968,12492,268664
2024-01-20T00:00:41,376429776,389957040,1981996,0.5,1263912,13670944,51715392,12.82,4927600,10876984,2124,898356,1511920,10192,13052,268792
2024-01-20T00:00:46,376420988,389948892,1990032,0.5,1263912,13671556,51405952,12.75,4927644,10874956,3464,895656,1512060,9968,13028,268792
2024-01-20T00:00:51,376454636,389982780,1956132,0.5,1263916,13671796,51409860,12.75,4927648,10878220,612,898644,1512068,10000,13120,268736
2024-01-20T00:00:56,376435796,389965684,1973368,0.5,1263920,13673568,51412968,12.75,4927772,10882544,2860,901716,1511896,9968,13100,268720
2024-01-20T00:01:01,376454044,389985132,1953592,0.49,1263920,13674728,47914188,11.88,4927852,10847744,2268,865424,1512264,9968,12468,268696
2024-01-20T00:01:06,376417100,389947716,1990592,0.5,1263928,13674416,51510104,12.77,4927888,10880152,3468,898048,1512512,9968,13024,268712
2024-01-20T00:01:11,376427672,389959444,1979220,0.5,1263936,13675560,51305740,12.72,4927928,10881196,1060,898064,1512160,9968,13080,268760
2024-01-20T00:01:16,376431588,389963792,1975464,0.5,1263948,13675992,51509300,12.77,4928044,10881240,2596,897812,1511556,9968,13036,268680
2024-01-20T00:01:21,376421304,389954300,1985108,0.5,1263952,13676776,51301200,12.72,4928128,10876320,2264,892216,1511408,9968,12920,268680
2024-01-20T00:01:26,376412120,389945612,1993620,0.5,1263960,13677248,51510744,12.77,4928148,10883160,1328,898500,1511600,9968,13068,268712
2024-01-20T00:01:31,376414836,389948868,1990364,0.5,1263964,13677784,51408048,12.75,4928188,10882888,724,897284,1511600,9968,13100,268744
2024-01-20T00:01:36,376443420,389979196,1960180,0.5,1263972,13679572,51511792,12.77,4928308,10887280,3152,900488,1511404,9968,13092,268696
2024-01-20T00:01:41,376453752,389989748,1949604,0.49,1263976,13679784,51716128,12.82,4928360,10883032,776,896244,1511432,9968,13056,268736
2024-01-20T00:01:46,376435532,389972352,1966704,0.5,1263980,13680604,51613008,12.8,4928420,10884804,2180,896980,1511728,9968,13012,268728
2024-01-20T00:01:51,376463048,390000392,1938888,0.49,1263988,13681124,48592584,12.05,4928452,10863432,608,875720,1511500,9984,12652,268712
2024-01-20T00:01:56,376445588,389984116,1955308,0.5,1263996,13682272,51613964,12.8,4928588,10889480,2448,900136,1511384,9968,13004,268696
2024-01-20T00:02:01,376444748,389983776,1955708,0.5,1264008,13682736,51612188,12.8,4928628,10887460,372,897712,1511348,9968,13028,268664
2024-01-20T00:02:06,376437820,389977708,1961748,0.5,1264016,13683560,51512808,12.77,4928692,10887876,1848,897336,1511404,9968,13016,268712
2024-01-20T00:02:11,376431288,389971644,1967684,0.5,1264020,13684028,51610620,12.8,4928724,10884164,524,893772,1511528,9968,13008,268680
2024-01-20T00:02:16,376421772,389964040,1975172,0.5,1264024,13685936,51615092,12.8,4928864,10889744,2764,897056,1511644,9984,13028,268728
2024-01-20T00:02:21,376426560,389969440,1969652,0.5,1264028,13686528,51407304,12.75,4928904,10888952,2204,895688,1511780,9984,13032,268712
2024-01-20T00:02:26,376437788,389981376,1957752,0.5,1264036,13687224,51508840,12.77,4928912,10892108,812,898192,1511748,10336,13032,268712
2024-01-20T00:02:31,376438928,389983924,1955008,0.5,1264048,13688636,51416596,12.75,4929032,10896608,1588,901488,1511928,10048,13296,268712
2024-01-20T00:02:36,376442644,389987876,1951008,0.49,1264056,13688868,48798788,12.1,4929088,10892316,604,896952,1511972,9984,12712,268632
2024-01-20T00:02:41,376427432,389973960,1964692,0.5,1264060,13690116,51723440,12.83,4929144,10901252,2608,904232,1512248,10032,13200,268736
2024-01-20T00:02:46,376415048,389961784,1976784,0.5,1264068,13690312,51614240,12.8,4929192,10893556,820,896904,1512336,9952,13060,268664
2024-01-20T00:02:51,376401200,389948924,1989972,0.5,1264072,13691276,51301972,12.72,4929276,10888684,1576,891048,1512028,9968,13020,268680
2024-01-20T00:02:56,376409232,389958004,1981236,0.5,1264080,13692328,48489240,12.02,4929332,10876276,860,877612,1511672,9984,12944,268728
2024-01-20T00:03:01,376377476,389926712,2012540,0.51,1264092,13692760,51409932,12.75,4929400,10897596,2012,898608,1511680,9968,13056,268744
2024-01-20T00:03:06,376375896,389926256,2012884,0.51,1264100,13693864,51001452,12.65,4929472,10900116,2160,900012,1511804,9968,13104,268728
2024-01-20T00:03:11,376368092,389918884,2020040,0.51,1264112,13694272,51614116,12.8,4929556,10899420,1652,899152,1512032,9984,13028,268840
2024-01-20T00:03:16,376389572,389941068,1997960,0.51,1264116,13694928,48695804,12.08,4929600,10879016,1188,877976,1511972,9984,12660,268744
2024-01-20T00:03:21,376381024,389933212,2005752,0.51,1264124,13695608,51615116,12.8,4929664,10901724,1296,900064,1512040,10000,13048,268728
2024-01-20T00:03:26,376381428,389934192,2004584,0.51,1264128,13696184,51610076,12.8,4929716,10897532,400,895324,1512224,10000,12952,268680
2024-01-20T00:03:31,376387268,389940920,1997548,0.51,1264136,13697140,48590164,12.05,4929776,10895260,1268,892292,1512456,10000,12944,268680
2024-01-20T00:03:36,376395948,389951236,1987532,0.5,1264136,13698792,47707528,11.83,4929840,10866752,1260,861624,1512140,9984,12496,268728
2024-01-20T00:03:41,376350360,389906228,2032544,0.51,1264136,13699308,51409000,12.75,4929904,10904192,1576,899120,1512200,10000,13072,268760
2024-01-20T00:03:46,376372552,389928976,2010224,0.51,1264136,13699832,51715004,12.82,4929980,10902132,1392,896624,1511804,10000,13052,268712
2024-01-20T00:03:51,376366716,389924020,2015776,0.51,1264140,13700712,51620836,12.8,4930052,10909844,2736,903416,1511204,10032,13184,268800
2024-01-20T00:03:56,376398324,389956564,1983200,0.5,1264144,13701624,51509064,12.77,4930132,10903736,2552,896472,1511256,10000,13044,268760
2024-01-20T00:04:01,376408032,389966744,1972880,0.5,1264148,13702068,51511216,12.77,4930180,10903308,3064,895768,1511420,10016,12928,268792
2024-01-20T00:04:06,376428808,389989060,1950728,0.49,1264152,13703560,47810004,11.86,4930228,10870968,2300,862068,1511300,10016,12480,268728
2024-01-20T00:04:11,376421864,389982748,1956808,0.5,1264156,13704188,47708932,11.83,4930280,10873788,2324,864236,1511532,10352,12452,268744
2024-01-20T00:04:16,376389404,389950156,1989432,0.5,1264164,13704020,51612708,12.8,4930332,10908536,2620,899084,1511528,10032,13060,268776
2024-01-20T00:04:21,376387488,389949704,1989760,0.5,1264168,13705428,48697584,12.08,4930448,10907304,1380,896696,1511704,10032,12980,268744
2024-01-20T00:04:26,376384212,389946968,1992284,0.5,1264176,13705964,51307556,12.72,4930508,10910948,3000,899856,1511912,10016,13008,268744
2024-01-20T00:04:31,376416216,389979408,1960384,0.5,1264176,13706372,51611416,12.8,4930276,10908628,2612,896672,1511400,10032,13004,268712
2024-01-20T00:04:36,376410000,389973664,1965928,0.5,1264176,13706880,51612076,12.8,4930276,10910376,1576,898016,1511564,10016,13056,268744
2024-01-20T00:04:41,376430892,389995448,1944528,0.49,1264180,13707752,51400144,12.75,4930376,10902196,1096,889088,1511196,10048,12980,268712
2024-01-20T00:04:46,376459324,390025112,1914572,0.48,1264180,13708916,45671308,11.33,4930440,10883696,2628,869480,1511556,10016,12408,268760
2024-01-20T00:04:51,376443928,390010460,1929092,0.49,1264184,13709636,51818144,12.85,4930512,10914628,2560,899660,1511708,10032,13084,268760
2024-01-20T00:04:56,376442480,390010240,1929272,0.49,1264188,13710888,51409152,12.75,4930516,10916284,4228,900100,1511720,10032,13104,268808
2024-01-20T00:05:01,376436344,390004556,1934704,0.49,1264192,13711276,51817116,12.85,4930636,10913052,2556,896564,1512032,10032,13044,268744
2024-01-20T00:05:06,376429100,389997744,1941164,0.49,1264196,13711744,51407812,12.75,4930664,10912232,3736,895392,1512344,10032,13028,268824
2024-01-20T00:05:11,376415360,389985128,1953800,0.49,1264204,13712804,51305568,12.72,4930764,10914536,2592,896228,1512380,10032,13056,268824
2024-01-20T00:05:16,376446744,390017868,1921132,0.49,1264216,13714192,47914412,11.88,4930804,10883832,1664,864184,1512264,9984,12472,268744
2024-01-20T00:05:21,376412996,389984552,1954464,0.49,1264220,13714532,51615520,12.8,4930924,10918932,1776,899532,1512336,10016,13180,268832
2024-01-20T00:05:26,376404428,389976468,1962912,0.5,1264224,13714996,51513532,12.77,4930948,10919500,1508,899180,1511988,9968,13060,268808
2024-01-20T00:05:31,376391908,389964428,1975032,0.5,1264236,13715448,51408696,12.75,4930996,10918548,480,898248,1511924,9968,13036,268776
2024-01-20T00:05:36,376386688,389960388,1979160,0.5,1264240,13716520,51507280,12.77,4931100,10915392,1704,894152,1511940,9968,13036,268728
2024-01-20T00:05:41,376399712,389974096,1965420,0.5,1264240,13717176,51715260,12.82,4931144,10919588,1444,897676,1512000,9968,13032,268776
2024-01-20T00:05:46,376397396,389972344,1967352,0.5,1264244,13717756,51405732,12.75,4931164,10919604,1412,897244,1511800,9952,13088,268728
2024-01-20T00:05:51,376418028,389995328,1944388,0.49,1264244,13720068,51613344,12.8,4931280,10923696,2416,899124,1511820,9952,13136,268728
2024-01-20T00:05:56,376412576,389989408,1950484,0.49,1264248,13719588,51545692,12.78,4931332,10921188,2280,897844,1511652,10064,13032,268776
2024-01-20T00:06:01,376404540,389981824,1957856,0.5,1264252,13720052,51815968,12.85,4931380,10920852,2368,896448,1511848,9968,13040,268696
2024-01-20T00:06:06,376409436,389986996,1952532,0.49,1264260,13720312,51611084,12.8,4931412,10919384,508,894660,1512008,9952,12924,268648
2024-01-20T00:06:11,376417784,389996912,1941740,0.49,1264268,13721848,48797132,12.1,4931528,10900756,1672,874556,1512908,9968,12664,268632
2024-01-20T00:06:16,376398440,389978416,1960344,0.5,1264276,13722684,51612276,12.8,4931600,10924524,2304,897656,1512804,9968,13048,268680
2024-01-20T00:06:21,376393868,389974532,1963688,0.5,1264288,13723304,51614524,12.8,4931600,10928228,1300,900692,1513400,9984,13092,268712
2024-01-20T00:06:26,376394900,389976912,1961100,0.5,1264288,13724564,51617052,12.8,4931684,10930684,1536,901872,1513696,9984,13120,268696
2024-01-20T00:06:31,376378572,389961600,1976392,0.5,1264296,13725448,51715104,12.82,4931820,10926500,2820,897140,1513840,9984,12972,268712
2024-01-20T00:06:36,376376396,389960064,1977948,0.5,1264300,13726096,51615200,12.8,4931856,10929152,476,899004,1513808,9968,13068,268696
2024-01-20T00:06:41,376386676,389971092,1967052,0.5,1264312,13726764,51515132,12.78,4931864,10933072,1652,902240,1513744,9984,13120,268696
2024-01-20T00:06:46,376398048,389983252,1954812,0.5,1264320,13727516,51409992,12.75,4931928,10932536,1560,901060,1513852,9984,13128,268760
2024-01-20T00:06:51,376421364,390007848,1929832,0.49,1264332,13728812,47916360,11.88,4931996,10898448,892,865296,1514208,9984,12652,268800
2024-01-20T00:06:56,376408960,389995752,1941828,0.49,1264336,13729092,51511124,12.77,4932092,10929672,1252,896804,1514332,9968,13056,268728
2024-01-20T00:07:01,376398540,389986188,1951628,0.49,1264348,13729968,51508200,12.77,4932148,10931420,2596,897708,1514064,9968,13052,268712
2024-01-20T00:07:06,376406880,389995712,1942304,0.49,1264356,13731112,51512488,12.77,4932232,10933740,2692,898988,1513896,10016,13172,268680
2024-01-20T00:07:11,376411472,390001864,1935996,0.49,1264368,13732628,51304204,12.72,4932892,10932384,3084,896728,1514084,10000,13072,268744
2024-01-20T00:07:16,376398784,389990088,1948016,0.49,1264372,13733500,51404832,12.75,4932988,10929976,2324,893512,1513876,10000,12988,268744
2024-01-20T00:07:21,376415884,390008844,1929664,0.49,1264376,13735156,47608076,11.81,4933008,10902668,3236,864464,1513468,9984,12520,268776
2024-01-20T00:07:26,376409472,390003228,1935556,0.49,1264380,13735952,47711144,11.83,4933104,10905136,2496,866360,1513188,10000,12704,268760
2024-01-20T00:07:31,376419028,390013628,1924988,0.49,1264388,13736788,48018964,11.91,4933152,10904704,2996,865256,1513356,10000,12700,268784
2024-01-20T00:07:36,376429216,390023884,1914936,0.48,1264392,13736844,44796460,11.11,4933220,10902312,2096,862792,1513160,9984,12492,268720
2024-01-20T00:07:41,376414096,390010252,1928684,0.49,1264396,13738332,47811492,11.86,4933280,10903808,3056,862844,1513040,9936,12512,268776
2024-01-20T00:07:46,376394740,389991044,1947576,0.49,1264396,13738496,51612600,12.8,4933372,10939156,2480,898060,1513340,9936,13092,268728
2024-01-20T00:07:51,376384432,389981220,1957360,0.5,1264400,13738956,51410496,12.75,4933404,10944196,2312,902192,1513400,9936,13036,268696
2024-01-20T00:07:56,376354940,389953164,1985440,0.5,1264408,13740400,51507836,12.77,4933484,10938620,2428,895272,1513360,9920,13064,268712
2024-01-20T00:08:01,376345768,389944316,1994556,0.51,1264416,13740708,51615816,12.8,4933552,10942580,1804,899540,1513100,9920,13044,268696
2024-01-20T00:08:06,376372572,389971908,1966924,0.5,1264424,13741408,51717936,12.83,4933624,10943084,1824,899260,1513220,9936,13084,268680
2024-01-20T00:08:11,376397904,389997520,1941388,0.49,1264428,13741660,48692580,12.08,4933660,10916752,1112,872736,1513168,9920,12592,268664
2024-01-20T00:08:16,376399896,390000384,1938576,0.49,1264432,13742448,48694740,12.08,4933696,10940456,1388,895724,1513196,9904,12684,268696
2024-01-20T00:08:21,376399220,390000568,1938308,0.49,1264436,13743312,51507900,12.77,4933780,10942108,1340,896708,1513272,9904,13068,268648
2024-01-20T00:08:26,376403188,390005248,1933716,0.49,1264444,13743900,48590280,12.05,4933820,10937864,2648,891868,1513300,9920,12880,268616
2024-01-20T00:08:31,376395928,389999148,1940172,0.49,1264448,13745056,51520376,12.78,4933944,10951384,2680,903832,1512944,9968,13324,268680
2024-01-20T00:08:36,376377360,389981304,1958104,0.5,1264448,13745760,51514440,12.77,4934004,10946640,3536,898824,1512876,9952,13180,268688
2024-01-20T00:08:41,376379852,389985136,1954344,0.49,1264448,13747124,51310624,12.72,4934036,10951268,3144,902204,1512780,9952,13248,268688
2024-01-20T00:08:46,376419244,390025248,1914460,0.48,1264452,13747816,48694524,12.08,4934116,10925680,1764,875968,1512576,9920,12512,268680
2024-01-20T00:08:51,376391760,389998212,1941404,0.49,1264456,13748276,51408944,12.75,4934172,10947304,1556,896780,1512652,9936,13052,268664
2024-01-20T00:08:56,376428740,390036252,1903056,0.48,1264468,13749264,48487504,12.02,4934236,10926192,2864,875084,1513020,9920,12468,268728
2024-01-20T00:09:01,376384308,389992052,1946928,0.49,1264472,13749504,48795584,12.1,4934304,10943508,412,892268,1513336,9920,12864,268664
2024-01-20T00:09:06,376355864,389964828,1973924,0.5,1264472,13750704,51717548,12.83,4934388,10951256,2212,898896,1513584,9920,13044,268712
2024-01-20T00:09:11,376349132,389958712,1980084,0.5,1264472,13751304,51514068,12.77,4934424,10951420,1900,898412,1513556,9920,13044,268712
2024-01-20T00:09:16,376349308,389959636,1979168,0.5,1264476,13752048,51615324,12.8,4934480,10955092,3328,901404,1513548,9920,13064,268712
2024-01-20T00:09:21,376347600,389959192,1979716,0.5,1264484,13753356,51508864,12.77,4934568,10950792,1288,896036,1513392,9920,13116,268648
2024-01-20T00:09:26,376366420,389978504,1960036,0.5,1264488,13753748,51412224,12.75,4934636,10954712,2380,899612,1513856,9952,13192,268704
2024-01-20T00:09:31,376374528,389987268,1951204,0.49,1264492,13754400,51509780,12.77,4934692,10954608,2152,898388,1513924,9920,13072,268600
2024-01-20T00:09:36,376379656,389993608,1945036,0.49,1264496,13755588,47809468,11.86,4934732,10921016,812,864036,1513772,9920,12596,268552
2024-01-20T00:09:41,376346064,389959808,1978692,0.5,1264500,13755336,51404228,12.75,4934780,10949992,1344,893376,1513956,9936,12948,268728
2024-01-20T00:09:46,376343600,389958476,1980252,0.5,1264504,13756480,51510432,12.77,4934872,10954164,1472,896520,1513712,9936,13088,268712
2024-01-20T00:09:51,376392748,390009380,1929008,0.49,1264508,13758152,44010276,10.91,4934888,10890200,1276,830824,1514132,9920,11920,268664
2024-01-20T00:09:56,376333080,389949616,1988180,0.5,1264508,13758016,51717232,12.83,4934972,10960864,1220,901660,1514764,9936,13064,268648
2024-01-20T00:10:01,376348480,389966104,1972180,0.5,1264520,13758960,51509776,12.77,4935068,10956860,2876,897064,1514408,9952,13060,268664
2024-01-20T00:10:06,376343288,389961416,1976948,0.5,1264524,13759480,51610488,12.8,4935124,10955696,532,895400,1514308,9952,13076,268664
2024-01-20T00:10:11,376341596,389960540,1978032,0.5,1264524,13760276,51613840,12.8,4935168,10960276,1880,899108,1514120,9936,13064,268728
2024-01-20T00:10:16,376333820,389953584,1985116,0.5,1264524,13761116,51510732,12.77,4935240,10960424,1788,898640,1513972,9936,13088,268680
2024-01-20T00:10:21,376356032,389976828,1961668,0.5,1264528,13762116,51509296,12.77,4935328,10958468,3336,895580,1514204,9952,13088,268648
2024-01-20T00:10:26,376358952,389980464,1958184,0.5,1264532,13762844,51748908,12.83,4935388,10961436,2580,897960,1514036,9952,13064,268664
2024-01-20T00:10:31,376355076,389977036,1961512,0.5,1264540,13763256,51610928,12.8,4935404,10961308,1180,897304,1514164,9968,13052,268696
2024-01-20T00:10:36,376410104,390034292,1904464,0.48,1264548,13765500,42079060,10.44,4935480,10906152,1028,840012,1513932,9936,11836,268616
2024-01-20T00:10:41,376356952,389980996,1958308,0.5,1264556,13765328,51510888,12.77,4935620,10964276,3044,898492,1513404,9968,13072,268632
2024-01-20T00:10:46,376341408,389966004,1973288,0.5,1264556,13765884,51611008,12.8,4935656,10962772,356,896508,1513412,9968,13060,268664
2024-01-20T00:10:51,376366692,389992088,1947228,0.49,1264564,13766620,49963848,12.39,4935656,10931600,1160,864412,1513444,9968,12536,268728
2024-01-20T00:10:56,376367660,389993984,1945252,0.49,1264572,13767564,44792052,11.11,4935692,10929320,756,861324,1513500,9968,12172,268680
2024-01-20T00:11:01,376320884,389948484,1990848,0.5,1264580,13768816,51617612,12.8,4935896,10968120,3032,899120,1513420,10032,13196,268768
2024-01-20T00:11:06,376335116,389962980,1976328,0.5,1264584,13769072,51818556,12.85,4935896,10967844,276,898404,1513448,10000,13032,268744
2024-01-20T00:11:11,376321308,389949748,1989144,0.5,1264600,13769544,51410368,12.75,4935956,10969528,1420,899840,1513952,10000,13064,268760
2024-01-20T00:11:16,376365620,389995292,1943820,0.49,1264612,13770784,47608968,11.81,4935996,10937460,1036,866524,1513712,9984,12592,268744
2024-01-20T00:11:21,376366804,389997828,1941232,0.49,1264620,13772064,47709680,11.83,4936104,10937644,1384,865400,1513828,9936,12420,268648
2024-01-20T00:11:26,376332900,389964180,1974736,0.5,1264628,13772336,51509196,12.77,4936176,10970124,3200,897452,1513948,10000,13108,268744
2024-01-20T00:11:31,376353484,389985052,1953860,0.49,1264628,13772608,51508744,12.77,4936216,10968608,724,895940,1513968,9984,13056,268728
2024-01-20T00:11:36,376369332,390002824,1936100,0.49,1264628,13774564,47817224,11.86,4936280,10944980,2716,870524,1513924,9984,12592,268648
2024-01-20T00:11:41,376338508,389971812,1967512,0.5,1264628,13774456,51615116,12.8,4936380,10974484,2228,899796,1513444,9984,13084,268632
2024-01-20T00:11:46,376336800,389970728,1968424,0.5,1264628,13775056,51509628,12.77,4936408,10970112,3604,895380,1513640,9984,13080,268696
2024-01-20T00:11:51,376322364,389956772,1982432,0.5,1264632,13775528,51820592,12.85,4936444,10977124,760,901848,1513592,9984,13088,268712
2024-01-20T00:11:56,376338920,389973944,1964588,0.5,1264636,13776116,45878100,11.38,4936500,10946764,1608,870828,1514288,9984,12572,268616
2024-01-20T00:12:01,376329584,389965996,1972212,0.5,1264644,13777472,51607384,12.8,4936644,10968356,1884,891416,1514636,9984,12956,268616
2024-01-20T00:12:06,376324348,389961340,1976888,0.5,1264648,13778092,51609612,12.8,4936676,10972932,3376,895368,1514572,9984,13048,268616
2024-01-20T00:12:11,376322848,389960184,1978140,0.5,1264648,13778404,51409740,12.75,4936692,10976800,428,898940,1514508,9984,13112,268632
2024-01-20T00:12:16,376307592,389946036,1992488,0.5,1264656,13779496,51613176,12.8,4936768,10976400,2044,897016,1514316,9984,13068,268648
2024-01-20T00:12:21,376289432,389929008,2009812,0.51,1264656,13780616,51409356,12.75,4936904,10975776,2140,895864,1514032,9984,13108,268696
2024-01-20T00:12:26,376321280,389961600,1977144,0.5,1264660,13781376,51716680,12.83,4936928,10980520,3740,899868,1514088,9968,13100,268664
2024-01-20T00:12:31,376318412,389959252,1979588,0.5,1264668,13781848,51619544,12.8,4936996,10984752,2652,903772,1514032,10000,13216,268720
2024-01-20T00:12:36,376321928,389964292,1974592,0.5,1264672,13783360,47815284,11.86,4937052,10949636,1608,867604,1513996,10000,12544,268696
2024-01-20T00:12:41,376315796,389958180,1980796,0.5,1264672,13783356,51509568,12.77,4937144,10979200,1256,896352,1513928,10000,13024,268760
2024-01-20T00:12:46,376316700,389959948,1979096,0.5,1264676,13784272,51612408,12.8,4937200,10982552,2920,899324,1513804,10000,13068,268696
2024-01-20T00:12:51,376314004,389958272,1981028,0.5,1264680,13785312,51717768,12.83,4937244,10986504,796,901684,1513524,10000,13120,268680
2024-01-20T00:12:56,376338592,389983624,1955876,0.5,1264684,13785984,48595928,12.05,4937300,10981768,2248,896824,1513412,10016,12716,268760
2024-01-20T00:13:01,376329856,389975460,1964040,0.5,1264696,13786516,51511356,12.77,4937392,10984408,1892,899092,1513440,10000,13092,268712
2024-01-20T00:13:06,376349104,389995348,1944440,0.49,1264700,13787108,51611536,12.8,4937448,10982744,568,896748,1513196,9968,12996,268680
2024-01-20T00:13:11,376343784,389990936,1948328,0.49,1264708,13787984,51508464,12.77,4937524,10984436,980,897824,1513744,9984,13100,268776
2024-01-20T00:13:16,376337452,389985280,1953780,0.49,1264716,13788648,51613520,12.8,4937584,10985540,1884,898264,1513952,9984,13104,268760
2024-01-20T00:13:21,376325492,389973776,1964880,0.5,1264716,13789088,51517812,12.78,4937628,10992192,3160,904472,1514372,10016,13232,268816
2024-01-20T00:13:26,376337424,389986652,1952028,0.49,1264720,13790032,51818628,12.85,4937712,10988356,2772,899836,1514344,9936,13048,268728
2024-01-20T00:13:31,376328360,389978452,1960316,0.5,1264724,13790912,51306328,12.72,4937736,10988588,3668,899196,1514236,9968,13088,268792
2024-01-20T00:13:36,376323172,389973924,1964848,0.5,1264728,13791512,51717812,12.83,4937812,10989004,2356,899040,1514288,9968,12980,268728
2024-01-20T00:13:41,376317256,389969844,1968972,0.5,1264736,13793248,51307276,12.72,4937896,10990160,4100,898916,1514336,9968,13108,268712
2024-01-20T00:13:46,376307076,389959916,1978840,0.5,1264744,13793484,48489836,12.02,4937976,10985100,2320,892752,1514404,9968,12916,268728
2024-01-20T00:13:51,376329684,389983388,1955376,0.5,1264752,13794244,48796424,12.1,4937992,10963140,1236,871064,1514492,9952,12532,268760
2024-01-20T00:13:56,376294168,389948636,1990300,0.5,1264756,13794976,51410608,12.75,4938088,10992268,1276,899156,1514348,9936,13092,268680
2024-01-20T00:14:01,376308756,389963900,1974956,0.5,1264768,13795644,51505176,12.77,4938156,10986288,1440,892628,1514424,9968,12972,268712
2024-01-20T00:14:06,376303300,389958940,1979884,0.5,1264776,13796108,48696756,12.08,4938192,10989640,1044,895492,1514480,9984,12660,268680
2024-01-20T00:14:11,376299204,389956160,1982572,0.5,1264780,13797308,51514984,12.78,4938288,10995624,2872,899828,1514684,10000,13240,268752
2024-01-20T00:14:16,376293904,389951908,1986816,0.5,1264784,13798356,51612476,12.8,4938340,10993552,828,897204,1514688,9984,13108,268680
2024-01-20T00:14:21,376302944,389961396,1977080,0.5,1264784,13798812,51712388,12.82,4938420,10991396,2160,894764,1514928,9968,13064,268744
2024-01-20T00:14:26,376304748,389963564,1974952,0.5,1264784,13799128,51506736,12.77,4938432,10992520,344,895512,1514936,9968,13052,268712
2024-01-20T00:14:31,376316184,389975772,1962520,0.5,1264784,13799896,51510848,12.77,4938492,10995424,1148,897780,1515164,9952,13072,268648
2024-01-20T00:14:36,376309476,389970224,1967912,0.5,1264788,13801040,51611544,12.8,4938600,10995060,1412,896228,1515332,9968,13052,268632
2024-01-20T00:14:41,376296472,389957932,1980208,0.5,1264792,13801760,51510752,12.77,4938664,10998412,2800,898940,1515316,9952,13088,268728
2024-01-20T00:14:46,376284304,389946408,1991668,0.5,1264800,13802348,51405920,12.75,4938704,10997912,300,897712,1515428,9936,13020,268680
2024-01-20T00:14:51,376280480,389942928,1995016,0.51,1264804,13802712,51716336,12.82,4938716,11001004,620,900652,1515536,9904,13024,268664
2024-01-20T00:14:56,376341588,390004852,1932892,0.49,1264808,13803508,44897112,11.13,4938816,10948648,1092,847600,1515752,9968,12464,268704
2024-01-20T00:15:01,376280796,389944960,1992804,0.5,1264816,13804404,51515044,12.78,4938892,11004256,2380,902452,1515728,9952,13072,268712
2024-01-20T00:15:06,376284296,389949556,1988600,0.5,1264828,13805424,51507800,12.77,4938980,10998056,2196,895192,1515400,9952,13072,268632
2024-01-20T00:15:11,376308324,389974644,1963460,0.5,1264832,13806480,47809080,11.86,4939020,10965532,1424,861636,1515452,9920,12460,268648
2024-01-20T00:15:16,376267404,389933764,2004244,0.51,1264836,13806400,51512568,12.77,4939060,11004616,2928,900904,1515664,9952,13084,268664
2024-01-20T00:15:21,376287936,389955900,1982028,0.5,1264840,13807996,51303364,12.72,4939180,11002252,1856,896920,1515748,9936,13136,268680
2024-01-20T00:15:26,376280004,389948092,1990268,0.5,1264848,13808108,51611556,12.8,4939212,11003884,2716,898604,1515320,9936,13104,268712
2024-01-20T00:15:31,376283180,389951792,1986508,0.5,1264856,13808636,51301668,12.72,4939280,10997636,724,891968,1515368,9936,12848,268696
2024-01-20T00:15:36,376268308,389937900,2000684,0.51,1264864,13809500,51406704,12.75,4939340,11004396,2396,897688,1515192,9904,13052,268664
2024-01-20T00:15:41,376254968,389925536,2013092,0.51,1264868,13810472,51612452,12.8,4939428,11005924,1024,898520,1515148,9904,13084,268680
2024-01-20T00:15:46,376263548,389934760,2003708,0.51,1264876,13811052,51407276,12.75,4939468,11006156,2468,898524,1515364,9904,13100,268664
2024-01-20T00:15:51,376281752,389954096,1984592,0.5,1264876,13812192,51407096,12.75,4939536,11007104,1356,897540,1515136,9888,13084,268632
2024-01-20T00:15:56,376308676,389982428,1956372,0.5,1264880,13813488,47810692,11.86,4939616,10973444,1764,863100,1515132,9872,12520,268648
2024-01-20T00:16:01,376288300,389962460,1976236,0.5,1264880,13813888,51617096,12.8,4939680,11012592,1036,901960,1515244,9888,13108,268632
2024-01-20T00:16:06,376280028,389954352,1984576,0.5,1264884,13813952,51307208,12.72,4939704,11009872,1952,899188,1515108,9888,13076,268616
2024-01-20T00:16:11,376270584,389945612,1993560,0.5,1264908,13814636,51407268,12.75,4939796,11008408,1688,897240,1514860,9872,13072,268584
2024-01-20T00:16:16,376290900,389968296,1970796,0.5,1264908,13816840,47506568,11.78,4939844,10979888,1912,866308,1515104,9888,12464,268664
2024-01-20T00:16:21,376288172,389965780,1973280,0.5,1264916,13817060,48007500,11.91,4939944,10978016,1636,864552,1515120,9888,12520,268616
2024-01-20T00:16:26,376240524,389918312,2020520,0.51,1264916,13817180,51405384,12.75,4940016,11007732,3144,894140,1515408,9872,13088,268728
2024-01-20T00:16:31,376238688,389917280,2021812,0.51,1264920,13817968,51407712,12.75,4940032,11013788,768,899356,1515160,9872,13124,268712
2024-01-20T00:16:36,376242868,389922116,2016936,0.51,1264924,13818628,51310272,12.72,4940084,11017256,1044,902632,1515192,9840,13060,268632
2024-01-20T00:16:41,376243240,389923912,2014960,0.51,1264928,13819880,51406760,12.75,4940220,11013264,1868,897116,1515540,9872,13124,268616
2024-01-20T00:16:46,376234716,389915760,2023224,0.51,1264932,13820256,51510844,12.77,4940248,11017644,784,901152,1515420,9888,13144,268632
2024-01-20T00:16:51,376284424,389966208,1972836,0.5,1264932,13820868,51511440,12.77,4940304,11016760,1364,899688,1515488,9888,13084,268632
2024-01-20T00:16:56,376259684,389942208,1996712,0.51,1264940,13821596,51407780,12.75,4940368,11015464,544,897800,1515616,9888,13096,268648
2024-01-20T00:17:01,376292720,389977104,1961468,0.5,1264944,13823380,47810100,11.86,4940456,10982656,1472,863336,1516036,9888,12524,268664
2024-01-20T00:17:06,376272908,389957100,1981868,0.5,1264956,13823200,51606776,12.8,4940504,11014008,536,894760,1515616,9920,13052,268664
2024-01-20T00:17:11,376261760,389946736,1991996,0.5,1264960,13823888,51713304,12.82,4940560,11017312,656,897408,1515944,9936,13068,268600
2024-01-20T00:17:16,376260300,389946496,1992324,0.5,1264968,13825096,51614416,12.8,4940656,11021156,1792,900244,1515860,9936,13108,268616
2024-01-20T00:17:21,376251092,389937892,2000784,0.51,1264976,13825504,51611852,12.8,4940724,11018940,2180,897788,1516192,9920,13068,268664
2024-01-20T00:17:26,376249892,389937156,2001504,0.51,1264984,13825952,51510308,12.77,4940780,11017920,2340,896152,1516216,9920,12984,268712
2024-01-20T00:17:31,376244348,389932488,2005800,0.51,1264988,13826740,51713184,12.82,4940820,11019732,2824,897732,1516672,9920,13100,268744
2024-01-20T00:17:36,376252664,389941656,1996640,0.51,1265000,13827592,51610912,12.8,4940912,11018956,2544,895872,1516652,9920,13088,268632
2024-01-20T00:17:41,376262264,389952784,1985924,0.5,1265000,13829048,47917644,11.88,4940948,10993268,2472,868616,1516312,9936,12532,268712
2024-01-20T00:17:46,376223508,389914196,2024740,0.51,1265004,13829204,51616472,12.8,4941040,11024700,2648,900116,1516092,9936,13196,268736
2024-01-20T00:17:51,376260000,389951296,1987476,0.5,1265004,13829844,48592136,12.05,4941088,11003044,2916,877680,1516224,9920,12712,268664
2024-01-20T00:17:56,376237756,389930028,2008776,0.51,1265008,13830800,51408844,12.75,4941124,11025788,264,899580,1516208,9936,13132,268680
2024-01-20T00:18:01,376228628,389922088,2016644,0.51,1265016,13831924,51303544,12.72,4941208,11023048,1616,895764,1516336,9952,12996,268696
2024-01-20T00:18:06,376246604,389940432,1998412,0.51,1265028,13832288,51510976,12.77,4941284,11028252,1892,900668,1516216,9952,12984,268680
2024-01-20T00:18:11,376239416,389934300,2003664,0.51,1265032,13833264,51612528,12.8,4941368,11026324,2728,897812,1517172,9952,13104,268776
2024-01-20T00:18:16,376237260,389932924,2005048,0.51,1265032,13834052,50995040,12.65,4941388,11027528,1180,898176,1517156,9952,13072,268744
2024-01-20T00:18:21,376236976,389933152,2005120,0.51,1265032,13834540,51509708,12.77,4941464,11028856,32,898592,1516880,9936,13024,268664
2024-01-20T00:18:26,376217764,389914500,2023712,0.51,1265044,13835036,48589612,12.05,4941532,11021472,1300,891312,1516992,9952,12872,268728
2024-01-20T00:18:31,376232032,389929676,2008784,0.51,1265052,13835908,51677952,12.82,4941600,11026380,1580,895492,1516772,9952,13064,268712
2024-01-20T00:18:36,376242184,389940624,1997544,0.51,1265060,13836704,48593608,12.05,4941632,11028332,1856,896572,1517056,9952,13016,268680
2024-01-20T00:18:41,376255364,389954648,1983872,0.5,1265068,13837540,51411548,12.75,4941756,11031520,1708,899160,1516704,9984,13200,268736
2024-01-20T00:18:46,376272432,389972820,1965680,0.5,1265076,13838636,47711324,11.83,4941772,11001388,2408,867828,1516724,9968,12560,268680
2024-01-20T00:18:51,376248644,389949404,1989860,0.5,1265080,13839004,51515100,12.78,4941836,11036744,1236,903000,1515960,9968,13144,268696
2024-01-20T00:18:56,376256980,389958552,1980408,0.5,1265088,13839836,48899632,12.13,4941948,11012444,2648,877536,1516236,9952,12716,268664
2024-01-20T00:19:01,376257944,389960232,1978608,0.5,1265100,13840528,51613068,12.8,4942028,11033368,620,898196,1516368,9968,13112,268664
2024-01-20T00:19:06,376268876,389971416,1966824,0.5,1265108,13840764,48796812,12.1,4942028,11014216,1388,878720,1516976,9968,12900,268680
2024-01-20T00:19:11,376259552,389962812,1975308,0.5,1265116,13841464,48798316,12.1,4942092,11029472,564,893404,1517108,9952,12712,268664
2024-01-20T00:19:16,376240544,389945548,1992280,0.5,1265124,13843212,51202000,12.7,4942220,11036616,3116,898488,1517388,9952,13168,268760
2024-01-20T00:19:21,376252304,389957416,1980724,0.5,1265136,13843264,51405292,12.75,4942284,11034604,2172,896932,1517120,9968,13084,268744
2024-01-20T00:19:26,376240392,389946196,1992120,0.5,1265144,13843944,51303656,12.72,4942320,11033736,576,895472,1516948,9952,13080,268728
2024-01-20T00:19:31,376260200,389968352,1970000,0.5,1265156,13846240,47502192,11.78,4942420,11002484,1504,861364,1516952,9936,12552,268680
2024-01-20T00:19:36,376230900,389938752,1999356,0.51,1265160,13846260,51712608,12.82,4942528,11036272,1944,895808,1516872,9936,13004,268744
2024-01-20T00:19:41,376230468,389938820,1999336,0.51,1265160,13846712,51817232,12.85,4942540,11039784,188,898824,1516872,9952,13112,268728
2024-01-20T00:19:46,376230156,389939072,1998652,0.51,1265168,13847260,51609992,12.8,4942568,11036604,316,895148,1517312,9968,13104,268680
2024-01-20T00:19:51,376266004,389976184,1961876,0.5,1265176,13848476,51818356,12.85,4942692,11040556,1480,898104,1517016,9968,13096,268680
2024-01-20T00:19:56,376264516,389975404,1962900,0.5,1265180,13849152,48796220,12.1,4942752,11022264,2740,879292,1516800,9968,12692,268696
2024-01-20T00:20:01,376257316,389968752,1969704,0.5,1265180,13849676,51611424,12.8,4942792,11042344,552,898720,1516672,9952,13092,268712
2024-01-20T00:20:06,376248028,389960148,1978344,0.5,1265184,13850320,51409052,12.75,4942836,11043104,1072,898968,1516672,10208,13220,268824
2024-01-20T00:20:11,376252204,389965508,1973292,0.5,1265196,13851488,51713188,12.82,4942972,11041028,1752,895896,1516368,9952,13084,268760
2024-01-20T00:20:16,376240596,389954452,1984260,0.5,1265200,13852016,51409048,12.75,4943016,11044088,2332,898308,1516476,9952,13088,268824
2024-01-20T00:20:21,376226368,389940816,1997908,0.51,1265208,13852616,51509240,12.77,4943052,11044172,412,897908,1516448,9952,13132,268792
2024-01-20T00:20:26,376223584,389939000,1999920,0.51,1265212,13853560,51408244,12.75,4943084,11045468,1320,898264,1516272,9952,13088,268760
2024-01-20T00:20:31,376246608,389963256,1975792,0.5,1265216,13854744,47603060,11.8,4943196,11011004,1468,862616,1516188,9936,12468,268728
2024-01-20T00:20:36,376204060,389921216,2017852,0.51,1265228,13855252,51508212,12.77,4943292,11045740,2476,897012,1516156,9968,13040,268744
2024-01-20T00:20:41,376211556,389928996,2009832,0.51,1265236,13855508,51510704,12.77,4943316,11048844,284,899844,1516416,10016,13236,268760
2024-01-20T00:20:46,376219964,389937928,2000788,0.51,1265240,13855996,51509736,12.77,4943340,11049488,268,900028,1516560,10000,13140,268760
2024-01-20T00:20:51,376205612,389924632,2013824,0.51,1265244,13857168,51303264,12.72,4943448,11045336,1264,895048,1516700,9968,13080,268632
2024-01-20T00:20:56,376213612,389933508,2004740,0.51,1265244,13858036,51406620,12.75,4943540,11048808,2104,896980,1516916,9968,13064,268648
2024-01-20T00:21:01,376202268,389922928,2015396,0.51,1265252,13858732,51306904,12.72,4943580,11051596,2508,899624,1516900,9968,13124,268680
2024-01-20T00:21:06,376252560,389974232,1964120,0.5,1265256,13859732,47710064,11.83,4943584,11018848,228,865924,1516880,9968,12512,268632
2024-01-20T00:21:11,376271872,389994008,1943676,0.49,1265276,13860148,45571724,11.3,4943680,11007568,840,853796,1517576,9952,11908,268584
2024-01-20T00:21:16,376225352,389948600,1989076,0.5,1265280,13861248,51612940,12.8,4943832,11051440,2132,897128,1517592,9984,13064,268616
2024-01-20T00:21:21,376230160,389953864,1983668,0.5,1265280,13861632,51302744,12.72,4943840,11050436,288,895812,1517808,9968,13108,268744
2024-01-20T00:21:26,376229528,389953708,1983920,0.5,1265284,13862100,51306156,12.72,4943880,11052020,204,896956,1517716,10016,13216,268736
2024-01-20T00:21:31,376250280,389977168,1960456,0.5,1265288,13864812,43811856,10.86,4943888,10995740,356,837388,1517712,9968,12152,269212
2024-01-20T00:21:36,376176660,389902784,2035200,0.52,1265288,13864060,51512820,12.77,4944048,11057784,2004,900964,1517340,9984,13080,269180
2024-01-20T00:21:41,376164288,389891316,2046788,0.52,1265288,13864920,51305084,12.72,4944080,11058304,1072,900524,1517264,9984,13088,269244
2024-01-20T00:21:46,376173092,389900264,2037992,0.52,1265288,13865068,51305336,12.72,4944108,11055124,916,896868,1517108,9984,13080,269228
2024-01-20T00:21:51,376173324,389900856,2037016,0.52,1265288,13865412,51306508,12.72,4944112,11059420,828,900716,1517508,10352,13044,269228
2024-01-20T00:21:56,376235300,389964308,1974292,0.5,1265296,13866828,48899428,12.13,4944284,11036956,1852,877080,1516832,9968,12704,269180
2024-01-20T00:22:01,376225136,389954928,1983564,0.5,1265304,13867592,51511356,12.77,4944352,11059484,2404,898948,1516952,9968,13064,269196
2024-01-20T00:22:06,376226780,389956932,1981324,0.5,1265316,13867968,51715336,12.82,4944368,11060416,548,899856,1517160,9968,13108,269228
2024-01-20T00:22:11,376229156,389960020,1978440,0.5,1265320,13868680,51511992,12.77,4944376,11061936,1168,900752,1516952,9952,13128,269228
2024-01-20T00:22:16,376271324,390003572,1934700,0.49,1265324,13870004,44689864,11.08,4944492,11021692,1344,859220,1517196,9952,12184,269244
2024-01-20T00:22:21,376247320,389979660,1958532,0.5,1265332,13870124,51715324,12.82,4944300,11061256,2384,898640,1517240,9952,13124,269324
2024-01-20T00:22:26,376254532,389987112,1951172,0.49,1265336,13870496,51816424,12.85,4944316,11061592,2652,898496,1517012,9936,13092,269324
2024-01-20T00:22:31,376263792,389997572,1940736,0.49,1265336,13871696,47810676,11.86,4944344,11028256,584,864476,1516988,9920,12516,269260
2024-01-20T00:22:36,376272160,390006624,1932156,0.49,1265340,13872388,44894408,11.13,4944424,11026856,1304,861896,1516504,9952,12416,269228
2024-01-20T00:22:41,376269312,390004700,1934416,0.49,1265352,13873296,47813556,11.86,4944500,11033932,1916,868164,1516172,9936,12528,269212
2024-01-20T00:22:46,376233512,389968968,1969724,0.5,1265360,13873352,51510216,12.77,4944564,11063004,2660,897312,1516600,9936,13100,269212
2024-01-20T00:22:51,376255612,389992256,1946516,0.49,1265364,13874532,47508384,11.78,4944596,11032508,588,865788,1516524,9936,12496,269180
2024-01-20T00:22:56,376256556,389993644,1944680,0.49,1265372,13874956,51610316,12.8,4944716,11063904,1540,896692,1516984,9936,12980,269212
2024-01-20T00:23:01,376253856,389992092,1946696,0.49,1265384,13876076,51714728,12.82,4944800,11067700,2396,899436,1516536,9904,13092,269212
2024-01-20T00:23:06,376251620,389990136,1948472,0.49,1265388,13876336,51409760,12.75,4944828,11067732,2728,899300,1516732,9904,13120,269244
2024-01-20T00:23:11,376253304,389992500,1946296,0.49,1265396,13877012,51616788,12.8,4944892,11069848,756,900380,1516540,9936,13224,269220
2024-01-20T00:23:16,376272680,390012888,1925100,0.49,1265396,13878040,48689144,12.07,4945012,11039880,1332,869912,1517332,9904,12564,269116
2024-01-20T00:23:21,376239672,389980828,1957136,0.5,1265400,13878952,51407272,12.75,4945064,11067772,2680,897032,1517388,9904,13068,269180
2024-01-20T00:23:26,376229132,389970532,1967548,0.5,1265404,13879180,51403096,12.75,4945068,11066192,1380,895080,1517284,9904,13044,269196
2024-01-20T00:23:31,376255244,389997344,1940900,0.49,1265408,13879888,51301988,12.72,4945132,11067752,1160,896100,1517108,9904,13080,269164
2024-01-20T00:23:36,376236004,389979212,1959132,0.5,1265412,13880968,48589080,12.05,4945252,11063888,1388,891172,1517032,10208,12844,269244
2024-01-20T00:23:41,376241360,389985468,1952596,0.49,1265412,13881856,51403556,12.75,4945308,11070756,2076,896740,1517324,9904,13076,269228
2024-01-20T00:23:46,376230084,389974684,1963632,0.5,1265412,13882356,51513552,12.77,4945336,11076392,476,902344,1517064,9904,13084,269196
2024-01-20T00:23:51,376220724,389966420,1971816,0.5,1265424,13883492,48594976,12.05,4945344,11068860,1032,893768,1517092,9888,12964,269164
2024-01-20T00:23:56,376214940,389961684,1976624,0.5,1265428,13884468,51509224,12.77,4945512,11073216,2152,897268,1517088,9888,13020,269132
2024-01-20T00:24:01,376220256,389967424,1970652,0.5,1265428,13885020,51509980,12.77,4945580,11073312,2412,897360,1517192,9904,13096,269180
2024-01-20T00:24:06,376247976,389996132,1942032,0.49,1265436,13886012,47710296,11.83,4945580,11042936,340,865492,1517092,9888,12552,269148
2024-01-20T00:24:11,376223368,389971880,1966240,0.5,1265444,13886352,51310584,12.72,4945620,11080108,1260,902344,1517144,9904,13128,269132
2024-01-20T00:24:16,376223848,389972944,1965320,0.5,1265444,13886908,51304796,12.72,4945724,11072320,1784,894192,1517028,9904,13088,269084
2024-01-20T00:24:21,376241052,389990960,1947192,0.49,1265448,13887648,48588772,12.05,4945800,11052852,2148,874168,1517208,9888,12856,269180
2024-01-20T00:24:26,376213344,389963992,1974676,0.5,1265460,13888380,51508108,12.77,4945856,11078568,2628,898940,1516688,9888,13096,269116
2024-01-20T00:24:31,376219972,389971256,1967600,0.5,1265464,13888976,48590940,12.05,4945912,11072028,2344,891952,1516536,9888,12724,269164
2024-01-20T00:24:36,376206888,389959084,1979668,0.5,1265476,13889888,51405652,12.75,4946004,11077052,2612,896400,1516628,9888,13076,269148
2024-01-20T00:24:41,376204728,389957780,1980972,0.5,1265484,13890724,51611104,12.8,4946088,11079336,2332,897772,1516640,9888,13060,269196
2024-01-20T00:24:46,376196220,389949928,1988840,0.5,1265492,13891368,51613236,12.8,4946132,11081668,296,899476,1516628,9888,13080,269116
2024-01-20T00:24:51,376195452,389949608,1989200,0.5,1265496,13891752,51715508,12.82,4946156,11082548,608,899344,1516648,9888,13072,269116
2024-01-20T00:24:56,376204424,389959408,1979624,0.5,1265504,13892544,51412520,12.75,4946220,11083168,1376,900288,1516452,9872,13092,269092
2024-01-20T00:25:01,376197560,389953640,1985084,0.5,1265508,13893444,51514416,12.77,4946320,11083048,1924,898900,1516952,9920,13216,269124
2024-01-20T00:25:06,376201332,389957976,1980988,0.5,1265512,13894020,51506268,12.77,4946376,11078512,2188,893904,1516696,9888,13104,269052
2024-01-20T00:25:11,376191692,389948940,1989964,0.5,1265520,13894568,51405380,12.75,4946408,11081012,1104,895676,1516804,9888,13028,269052
2024-01-20T00:25:16,376212108,389970600,1968476,0.5,1265532,13895780,48387644,12.0,4946484,11080280,524,893808,1516652,9888,12980,269052
2024-01-20T00:25:21,376205448,389964320,1974972,0.5,1265536,13896164,51304628,12.72,4946572,11085356,1600,898628,1516428,10112,13064,269148
2024-01-20T00:25:26,376196700,389956284,1983056,0.5,1265536,13896864,51098072,12.67,4946640,11086088,428,898592,1516392,9904,13040,269148
2024-01-20T00:25:31,376210784,389970848,1968524,0.5,1265540,13897324,51611420,12.8,4946664,11086032,580,897796,1516376,9904,13056,269148
2024-01-20T00:25:36,376212508,389973632,1965424,0.5,1265540,13898500,48692688,12.08,4946748,11063220,1092,874428,1516576,9904,12700,269132
2024-01-20T00:25:41,376199496,389961648,1977236,0.5,1265548,13899500,51410712,12.75,4946852,11088856,1896,899124,1516768,9872,13088,269084
2024-01-20T00:25:46,376210344,389972964,1965728,0.5,1265552,13899948,51715012,12.82,4946880,11088920,2344,898772,1516976,9888,13096,269148
2024-01-20T00:25:51,376207732,389971144,1967616,0.5,1265560,13900712,51513104,12.77,4946896,11092940,820,901984,1516928,9904,13100,269084
2024-01-20T00:25:56,376208788,389972768,1966136,0.5,1265568,13901452,51406496,12.75,4946964,11091120,1584,898916,1516604,9904,13104,269116
2024-01-20T00:26:01,376237876,390002288,1936484,0.49,1265580,13901832,48794876,12.1,4947048,11066504,1680,874616,1516776,9904,12864,269148
2024-01-20T00:26:06,376239576,390005604,1933240,0.49,1265588,13903480,47713092,11.83,4947116,11063204,2280,869652,1516664,9904,12556,269164
2024-01-20T00:26:11,376206252,389972584,1966512,0.5,1265600,13903676,51715296,12.82,4947216,11092604,828,898932,1516508,9936,13104,269196
2024-01-20T00:26:16,376204372,389971496,1967360,0.5,1265608,13904484,51510844,12.77,4947220,11094880,1564,900500,1516724,9952,13132,269196
2024-01-20T00:26:21,376195044,389962976,1975848,0.5,1265616,13905228,48597080,12.05,4947292,11092752,1096,897608,1516812,9952,12788,269180
2024-01-20T00:26:26,376180124,389948512,1990060,0.5,1265620,13905732,51508732,12.77,4947384,11093396,1540,897900,1517012,9952,13068,269164
2024-01-20T00:26:31,376186704,389956568,1982208,0.5,1265628,13907144,47710268,11.83,4947448,11063832,552,866368,1516864,9936,12540,269164
2024-01-20T00:26:36,376224720,389994628,1944304,0.49,1265628,13907200,45776164,11.35,4947484,11046880,1008,849944,1516696,9936,12172,269180
2024-01-20T00:26:41,376213588,389983980,1955216,0.5,1265628,13907664,48594028,12.05,4947544,11075352,424,878056,1516452,9984,12832,269236
2024-01-20T00:26:46,376181104,389952944,1986044,0.5,1265632,13909060,51308348,12.72,4947680,11097036,1644,898468,1516708,9968,13184,269316
2024-01-20T00:26:51,376183132,389955504,1983332,0.5,1265640,13909548,51508884,12.77,4947724,11096768,1808,897252,1516896,10016,13244,269260
2024-01-20T00:26:56,376176252,389949136,1989652,0.5,1265640,13910040,51402500,12.75,4947736,11093720,1368,894180,1516964,9936,12996,269260
2024-01-20T00:27:01,376167344,389942056,1996616,0.51,1265644,13911836,51306324,12.72,4947848,11098548,1568,897344,1517108,9936,12988,269244
2024-01-20T00:27:06,376166340,389941328,1997388,0.51,1265644,13912088,51817876,12.85,4947912,11101368,2720,900032,1517088,9968,13120,269340
2024-01-20T00:27:11,376167440,389943032,1995596,0.51,1265648,13912684,51405124,12.75,4947944,11098352,588,896456,1517180,9968,13104,269308
2024-01-20T00:27:16,376214772,389992384,1946324,0.49,1265652,13914704,43801392,10.86,4948000,11031492,360,827484,1517096,9920,11812,269228
2024-01-20T00:27:21,376139916,389917556,2020588,0.51,1265664,13914708,51608728,12.8,4948144,11097664,956,893980,1517672,9952,13096,269180
2024-01-20T00:27:26,376139448,389917460,2020680,0.51,1265668,13915024,51302960,12.72,4948172,11101888,1232,897776,1517728,9968,13080,269132
2024-01-20T00:27:31,376128296,389906980,2031240,0.51,1265680,13915636,51409816,12.75,4948208,11103520,332,898828,1517696,9968,13088,269228
2024-01-20T00:27:36,376134556,389913944,2024468,0.51,1265684,13916320,51613696,12.8,4948272,11103316,1000,898516,1517520,9968,13132,269228
2024-01-20T00:27:41,376170336,389951124,1987480,0.5,1265684,13917664,51511524,12.77,4948404,11104020,2048,897636,1517384,9984,13136,269212
2024-01-20T00:27:46,376176940,389958216,1980440,0.5,1265684,13918128,51509468,12.77,4948448,11104604,2424,897796,1517356,9968,13092,269212
2024-01-20T00:27:51,376174040,389955984,1982940,0.5,1265684,13918756,51714860,12.82,4948476,11106304,272,898796,1517128,9968,13100,269244
2024-01-20T00:27:56,376172256,389954920,1984208,0.5,1265688,13919460,51611888,12.8,4948528,11104336,916,896228,1516936,9968,13076,269180
2024-01-20T00:28:01,376153176,389936656,2002588,0.51,1265688,13920260,51403468,12.75,4948608,11104476,1456,895612,1516836,9952,12972,269148
2024-01-20T00:28:06,376197612,389982668,1956864,0.5,1265688,13921800,47915140,11.88,4948672,11076160,276,865188,1516584,9952,12512,269212
2024-01-20T00:28:11,376161432,389945780,1994112,0.51,1265688,13921092,51609036,12.8,4948744,11103812,252,894256,1516224,9952,13076,269228
2024-01-20T00:28:16,376167924,389953016,1986912,0.5,1265696,13921816,48761164,12.09,4948784,11086556,212,876244,1516200,9936,12556,269228
2024-01-20T00:28:21,376159548,389945400,1994084,0.51,1265700,13922548,51715140,12.82,4948872,11109024,1112,898176,1516668,9952,13088,269260
2024-01-20T00:28:26,376155500,389941800,1997848,0.51,1265708,13922980,51303836,12.72,4948908,11108716,1348,897376,1516512,9936,13120,269260
2024-01-20T00:28:31,376167448,389955344,1984176,0.5,1265712,13924608,47812480,11.86,4949004,11077776,2128,864968,1516604,9952,12640,269260
2024-01-20T00:28:36,376144608,389932212,2007068,0.51,1265720,13924312,51301716,12.72,4949036,11107460,48,894884,1516840,9952,13068,269244
2024-01-20T00:28:41,376187696,389976340,1963552,0.5,1265720,13925380,51509276,12.77,4949108,11108596,2156,895124,1516200,9952,13104,269212
2024-01-20T00:28:46,376185568,389974480,1965244,0.5,1265728,13925604,48496200,12.03,4949144,11113784,504,899996,1516404,9984,12816,269252
2024-01-20T00:28:51,376169840,389960404,1979016,0.5,1265736,13927288,51615628,12.8,4949248,11116804,2800,901436,1516668,9952,13120,269212
2024-01-20T00:28:56,376214144,390005476,1934084,0.49,1265736,13928016,47298332,11.73,4949276,11081428,352,865344,1516568,9952,12496,269196
2024-01-20T00:29:01,376188028,389979212,1960544,0.5,1265740,13927880,51100904,12.67,4949296,11115868,888,899992,1516356,9904,13004,269148
2024-01-20T00:29:06,376172688,389964784,1974972,0.5,1265744,13928776,51510072,12.77,4949400,11115088,1136,898364,1516368,9936,13104,269196
2024-01-20T00:29:11,376183276,389976208,1963760,0.5,1265748,13929596,51301692,12.72,4949480,11111824,1020,893960,1516168,9952,13068,269148
2024-01-20T00:29:16,376164684,389958432,1981204,0.5,1265748,13930384,51406896,12.75,4949520,11114996,1592,896428,1516528,9952,13088,269196
2024-01-20T00:29:21,376174672,389969156,1969992,0.5,1265756,13931116,51607880,12.8,4949592,11111148,880,892200,1517012,9952,12964,269212
2024-01-20T00:29:26,376167652,389963188,1975856,0.5,1265764,13932152,51408496,12.75,4949648,11119400,1868,899712,1517124,9968,13136,269276
2024-01-20T00:29:31,376180460,389976316,1962760,0.5,1265772,13932508,51404708,12.75,4949748,11112736,1976,892760,1517048,9968,13004,269276
2024-01-20T00:29:36,376179624,389976276,1962680,0.5,1265772,13933248,51513496,12.77,4949780,11121272,2656,900496,1517224,10000,13204,269268
2024-01-20T00:29:41,376206512,390003876,1935164,0.49,1265784,13933952,51510720,12.77,4949848,11119756,840,898424,1517136,9984,13148,269212
2024-01-20T00:29:46,376206020,390004240,1934492,0.49,1265788,13934876,51606260,12.8,4949940,11113616,1544,891356,1517372,9968,13064,269260
2024-01-20T00:29:51,376217472,390016800,1921628,0.49,1265788,13935992,48694716,12.08,4949984,11102336,2088,878928,1517668,9952,12540,269260
2024-01-20T00:29:56,376198416,389998112,1939976,0.49,1265788,13936332,51713964,12.82,4950024,11122208,372,898552,1518036,9968,13104,269276
2024-01-20T00:30:01,376197996,389998492,1939608,0.49,1265792,13937132,51714432,12.82,4950080,11122428,936,897128,1518020,10016,13152,269244
2024-01-20T00:30:06,376212872,390014684,1923476,0.49,1265796,13938448,51509444,12.77,4950160,11123816,1352,898236,1517956,9952,13112,269276
2024-01-20T00:30:11,376216268,390018452,1920176,0.49,1265800,13938812,51718536,12.83,4950228,11127912,1544,902104,1517492,9952,13124,269228
2024-01-20T00:30:16,376213104,390016032,1922560,0.49,1265804,13939552,51509412,12.77,4950288,11123848,680,896760,1517528,9952,13060,269244
2024-01-20T00:30:21,376188040,389991788,1946396,0.49,1265812,13940332,51717356,12.83,4950352,11128044,1268,900684,1517968,9952,13108,269132
2024-01-20T00:30:26,376260700,390066328,1871788,0.47,1265812,13942196,41197692,10.22,4950384,11060560,1228,831244,1518052,9936,11872,269212
2024-01-20T00:30:31,376196704,390002272,1935572,0.49,1265824,13942116,51474072,12.76,4950528,11123864,2036,895084,1518332,9952,13084,269196
2024-01-20T00:30:36,376185524,389991864,1945968,0.49,1265828,13942808,51512048,12.77,4950576,11130772,3216,901120,1518420,9936,13108,269228
2024-01-20T00:30:41,376186592,389993932,1943984,0.49,1265836,13943796,48490696,12.03,4950592,11128844,948,898188,1518340,9936,13160,269212
2024-01-20T00:30:46,376166124,389973508,1964780,0.5,1265836,13943848,51303176,12.72,4950660,11126184,1332,895684,1517960,9904,13040,269116
2024-01-20T00:30:51,376162896,389971576,1966632,0.5,1265844,13945024,51511712,12.77,4950740,11130160,2188,898524,1518152,9936,13144,269148
2024-01-20T00:30:56,376165936,389974796,1963232,0.5,1265848,13945220,51515156,12.78,4950768,11134528,2268,902704,1518312,9904,13132,269100
2024-01-20T00:31:01,376150496,389960800,1976760,0.5,1265856,13946472,51512600,12.77,4950896,11132536,2476,899040,1518964,9920,13124,269116
2024-01-20T00:31:06,376160392,389970992,1966892,0.5,1265856,13946760,51610656,12.8,4950916,11130716,436,897524,1518648,9920,13024,269148
2024-01-20T00:31:11,376181116,389992964,1945216,0.49,1265860,13947964,51613560,12.8,4951016,11132120,1416,897720,1518392,9920,13120,269212
2024-01-20T00:31:16,376202812,390015972,1922612,0.49,1265880,13949224,47708292,11.83,4951064,11099944,596,864324,1518020,9904,12556,269180
2024-01-20T00:31:21,376154520,389967708,1971364,0.5,1265888,13949228,51306332,12.72,4951132,11136460,1324,900976,1517548,9936,13136,269228
2024-01-20T00:31:26,376154228,389968064,1971108,0.5,1265888,13949852,51509632,12.77,4951188,11133756,1912,897688,1517472,9872,13092,269180
2024-01-20T00:31:31,376155948,389971324,1967376,0.5,1265888,13951396,51512020,12.77,4951248,11138976,2796,901288,1517940,9904,13164,269212
2024-01-20T00:31:36,376232588,390049396,1889392,0.48,1265892,13952832,44016384,10.92,4951308,11072376,2124,832428,1517844,9920,12112,269172
2024-01-20T00:31:41,376196080,390012596,1926384,0.49,1265896,13952480,51511264,12.77,4951400,11137636,2736,899072,1517708,9904,13188,269244
2024-01-20T00:31:46,376208464,390025224,1913648,0.48,1265896,13952724,51613292,12.8,4951424,11139892,324,901124,1517816,9952,13116,269212
2024-01-20T00:31:51,376196380,390014528,1924116,0.49,1265904,13953988,51713464,12.82,4951548,11136940,1292,897088,1518160,9952,13088,269244
2024-01-20T00:31:56,376195184,390013584,1925072,0.49,1265916,13954232,51509576,12.77,4951560,11139076,312,898912,1518144,9952,13132,269276
2024-01-20T00:32:01,376193972,390013112,1925616,0.49,1265924,13954852,48595800,12.05,4951600,11135728,668,895092,1518184,9952,12928,269260
2024-01-20T00:32:06,376223760,390044020,1894600,0.48,1265936,13955988,47808224,11.86,4951676,11104884,1280,863112,1518264,9936,12488,269196
2024-01-20T00:32:11,376177144,389998396,1940192,0.49,1265940,13956984,51508552,12.77,4951804,11140620,3404,897940,1518288,9968,13120,269228
2024-01-20T00:32:16,376175776,389997744,1940972,0.49,1265940,13957696,51202180,12.7,4951816,11142940,484,899528,1518164,9952,13096,269196
2024-01-20T00:32:21,376174792,389997560,1941588,0.49,1265948,13958484,51510608,12.77,4951872,11145392,2192,901288,1517736,9952,13132,269260
2024-01-20T00:32:26,376176268,390000224,1938568,0.49,1265956,13959664,51509064,12.77,4951988,11140636,2228,895328,1518092,9952,13120,269228
2024-01-20T00:32:31,376196756,390021656,1917340,0.49,1265960,13960592,47607084,11.81,4952052,11110120,2360,863488,1517900,9920,12432,269164
2024-01-20T00:32:36,376156872,389982396,1956436,0.5,1265964,13961208,51717944,12.83,4952120,11147100,2824,900640,1518068,9968,13112,269276
2024-01-20T00:32:41,376164476,389990316,1948528,0.49,1265972,13961504,51198488,12.7,4952152,11141532,468,894628,1518068,9968,12944,269292
2024-01-20T00:32:46,376155976,389982900,1955516,0.5,1265976,13962600,51405436,12.75,4952248,11143800,1632,895960,1518480,9968,13120,269292
2024-01-20T00:32:51,376155556,389983328,1955260,0.5,1265980,13963440,51505492,12.77,4952332,11142252,2192,893660,1518312,9952,13064,269244
2024-01-20T00:32:56,376140060,389968428,1969940,0.5,1265980,13964068,51609688,12.8,4952368,11145332,2640,896152,1518500,9952,13072,269260
2024-01-20T00:33:01,376150196,389979492,1958852,0.5,1265984,13964992,51205644,12.7,4952408,11152528,1108,902364,1518524,9952,13128,269276
2024-01-20T00:33:06,376213896,390044208,1894040,0.48,1265988,13965940,48485992,12.02,4952508,11124480,1492,873616,1518684,9984,12516,269212
2024-01-20T00:33:11,376185424,390016536,1922092,0.49,1265996,13966680,51712172,12.82,4952604,11147616,2264,895880,1518356,9968,12996,269244
2024-01-20T00:33:16,376171792,390003380,1935336,0.49,1266000,13967136,51612324,12.8,4952616,11152380,2768,900300,1518284,9968,13116,269276
2024-01-20T00:33:21,376201464,390034472,1904056,0.48,1266008,13968512,47812864,11.86,4952688,11119224,1240,865684,1518508,9968,12652,269212
2024-01-20T00:33:26,376208412,390041668,1897052,0.48,1266008,13968716,48588240,12.05,4952764,11127224,1632,873700,1518360,9968,12736,269308
2024-01-20T00:33:31,376183436,390017908,1921040,0.49,1266008,13969920,51509212,12.77,4952828,11152032,2636,896968,1518144,9968,13144,269276
2024-01-20T00:33:36,376184916,390019412,1919884,0.49,1266008,13970016,51404104,12.75,4952876,11148996,2412,894332,1517724,9968,13020,269340
2024-01-20T00:33:41,376174160,390009620,1929768,0.49,1266020,13970960,51406552,12.75,4952944,11153140,700,897068,1517640,9968,13128,269308
2024-01-20T00:33:46,376173268,390009864,1929692,0.49,1266028,13972008,51715324,12.82,4953016,11157248,1784,900744,1517552,9968,13172,269308
2024-01-20T00:33:51,376162016,389999036,1940388,0.49,1266040,13972420,51402432,12.75,4953100,11149560,2280,892568,1517684,9968,13004,269340
2024-01-20T00:33:56,376178976,390017280,1922248,0.49,1266044,13973684,47710300,11.83,4953116,11123724,1480,865648,1517596,9952,12564,269276
2024-01-20T00:34:01,376178036,390016672,1922816,0.49,1266052,13974024,51609092,12.8,4953228,11153908,1468,895408,1517620,9968,13116,269228
2024-01-20T00:34:06,376174916,390013880,1925556,0.49,1266056,13974352,51199956,12.7,4953240,11158304,2760,899568,1517668,9968,13124,269228
2024-01-20T00:34:11,376158920,389999080,1940480,0.49,1266068,13975512,51616984,12.8,4953364,11162512,2636,902812,1517568,9936,13136,269196
2024-01-20T00:34:16,376170980,390011368,1928172,0.49,1266076,13975748,51614284,12.8,4953364,11160680,592,900576,1517572,9920,13080,269148
2024-01-20T00:34:21,376180408,390022116,1916708,0.49,1266088,13977004,51509552,12.77,4953492,11159220,1424,898216,1518340,9968,13088,269164
2024-01-20T00:34:26,376146688,389989108,1949956,0.49,1266096,13977672,48595340,12.05,4953540,11161916,820,900068,1518136,9952,13048,269164
2024-01-20T00:34:31,376129640,389972716,1966112,0.5,1266100,13978320,51405012,12.75,4953620,11160000,684,897740,1518376,9952,13096,269196
2024-01-20T00:34:36,376126496,389970472,1968244,0.5,1266104,13979208,51620000,12.8,4953696,11165708,608,902568,1518496,9952,13264,269188
2024-01-20T00:34:41,376125876,389970352,1968196,0.5,1266108,13979676,51512380,12.77,4953720,11165444,652,901772,1518692,9968,13152,269196
2024-01-20T00:34:46,376136144,389981012,1957800,0.5,1266112,13980060,51403204,12.75,4953752,11157980,532,893968,1518432,9984,13056,269180
2024-01-20T00:34:51,376125852,389972752,1966712,0.5,1266116,13982024,51406932,12.75,4953904,11163464,2208,897760,1517844,9968,13148,269308
2024-01-20T00:34:56,376113624,389960668,1978736,0.5,1266124,13982128,51401512,12.75,4953968,11158056,2148,892360,1517936,10000,13056,269260
2024-01-20T00:35:01,376133316,389981692,1957880,0.5,1266124,13983404,47712232,11.83,4953976,11133472,228,866320,1517824,9952,12528,269276
2024-01-20T00:35:06,376107756,389956200,1983460,0.5,1266136,13983444,48492240,12.03,4954016,11144440,336,877236,1517752,9952,12544,269276
2024-01-20T00:35:11,376064172,389914472,2025224,0.51,1266144,13985232,51512904,12.77,4954164,11168380,1976,899608,1517776,9968,13188,269292
2024-01-20T00:35:16,376071756,389922320,2016944,0.51,1266156,13985484,51509600,12.77,4954232,11165052,320,896088,1518208,9968,13120,269292
2024-01-20T00:35:21,376080452,389931496,2007588,0.51,1266164,13985964,51613784,12.8,4954268,11168616,540,899240,1518380,9968,13120,269324
2024-01-20T00:35:26,376133532,389985848,1953180,0.49,1266176,13987204,47812904,11.86,4954316,11137556,220,866884,1518456,9952,12568,269276
2024-01-20T00:35:31,376092028,389945264,1993212,0.5,1266180,13988120,51509236,12.77,4954456,11169276,2980,897836,1519008,9968,13068,269276
2024-01-20T00:35:36,376084572,389938076,2000580,0.51,1266180,13988392,51611500,12.8,4954492,11169808,2236,898136,1518824,9968,13132,269276
2024-01-20T00:35:41,376081704,389935640,2003016,0.51,1266184,13988800,51411108,12.75,4954496,11172732,1444,900548,1518844,10016,13256,269268
2024-01-20T00:35:46,376126944,389982072,1956972,0.5,1266192,13989968,48385664,12.0,4954580,11149584,1744,876488,1518472,9984,12892,269196
2024-01-20T00:35:51,376103324,389959440,1979652,0.5,1266196,13990968,51610232,12.8,4954712,11168448,3260,894560,1518408,9968,13084,269276
2024-01-20T00:35:56,376101704,389958180,1981044,0.5,1266204,13991280,51407652,12.75,4954740,11174076,232,899652,1518316,9952,13068,269276
2024-01-20T00:36:01,376116844,389973544,1965592,0.5,1266208,13991508,51303732,12.72,4954732,11173984,176,899264,1518396,9952,12980,269244
2024-01-20T00:36:06,376123724,389981928,1956872,0.5,1266216,13992988,50996356,12.65,4954788,11177112,560,900980,1518748,9968,13144,269308
2024-01-20T00:36:11,376143576,390002640,1936312,0.49,1266216,13993808,51510388,12.77,4954976,11171112,1924,894604,1518636,9968,13100,269244
2024-01-20T00:36:16,376143316,390002588,1936260,0.49,1266216,13994104,51504808,12.77,4954984,11172668,2196,895244,1518652,9968,13088,269260
2024-01-20T00:36:21,376145744,390005224,1933612,0.49,1266216,13994320,51612872,12.8,4954984,11177668,384,900568,1518656,9952,13148,269196
2024-01-20T00:36:26,376136976,389997008,1941544,0.49,1266220,13994900,51715404,12.82,4955020,11176812,572,899136,1518908,9936,13120,269276
2024-01-20T00:36:31,376196292,390058416,1880284,0.48,1266228,13996992,43800568,10.86,4955112,11101864,460,822176,1518752,9904,11764,269180
2024-01-20T00:36:36,376116264,389978076,1960452,0.5,1266232,13996712,51406764,12.75,4955204,11177200,1988,897856,1518888,9952,13108,269244
2024-01-20T00:36:41,376118852,389981232,1957428,0.5,1266240,13997292,51614292,12.8,4955228,11178576,896,899152,1518736,9952,13116,269196
2024-01-20T00:36:46,376124796,389988128,1950888,0.49,1266240,13998200,51405108,12.75,4955284,11176920,2096,896200,1518424,9952,13024,269228
2024-01-20T00:36:51,376138708,390003180,1935748,0.49,1266240,13999356,51614316,12.8,4955388,11182192,2284,900444,1518496,9952,13148,269228
2024-01-20T00:36:56,376141032,390005520,1933220,0.49,1266244,13999652,51613948,12.8,4955436,11181532,1448,899460,1518400,9920,13036,269196
2024-01-20T00:37:01,376143024,390008160,1930508,0.49,1266248,14000300,51508484,12.77,4955472,11179424,1156,896824,1518468,9904,13104,269212
2024-01-20T00:37:06,376143320,390009008,1929672,0.49,1266248,14000784,51505304,12.77,4955528,11176428,1668,893324,1518524,9936,13028,269244
2024-01-20T00:37:11,376156460,390023668,1915212,0.49,1266252,14002308,47916488,11.88,4955584,11152976,692,868408,1518316,9936,12520,269212
2024-01-20T00:37:16,376146676,390014240,1925032,0.49,1266260,14002640,51403560,12.75,4955676,11179292,2680,894512,1517940,9936,13080,269260
2024-01-20T00:37:21,376136200,390004336,1935108,0.49,1266268,14003200,51510856,12.77,4955720,11185172,580,899816,1517772,9920,13128,269228
2024-01-20T00:37:26,376113132,389982252,1956444,0.5,1266276,14004164,51311032,12.72,4955836,11186300,1916,900096,1518532,9936,13152,269268
2024-01-20T00:37:31,376114976,389984896,1953656,0.49,1266280,14004976,51509172,12.77,4955900,11183748,1548,896908,1518660,9904,13100,269244
2024-01-20T00:37:36,376122864,389993376,1945028,0.49,1266284,14005564,51409548,12.75,4955940,11187252,1588,899688,1518808,9920,13132,269244
2024-01-20T00:37:41,376123128,389995052,1943380,0.49,1266284,14006924,51407400,12.75,4955992,11186692,1144,898432,1518832,9920,13124,269228
2024-01-20T00:37:46,376112540,389984488,1954024,0.49,1266284,14006940,51406832,12.75,4956052,11187220,1684,898492,1518760,9888,13068,269164
2024-01-20T00:37:51,376103956,389977172,1961828,0.5,1266284,14008180,51606808,12.8,4956160,11182172,1808,891420,1518300,9904,13032,269196
2024-01-20T00:37:56,376090872,389964544,1974452,0.5,1266292,14008640,51610588,12.8,4956168,11188532,1040,898316,1518292,9904,13140,269212
2024-01-20T00:38:01,376106152,389980084,1958728,0.5,1266296,14008868,51509108,12.77,4956180,11192196,1524,901628,1518504,9920,13084,269228
2024-01-20T00:38:06,376087468,389962776,1976008,0.5,1266304,14010240,51409208,12.75,4956316,11189852,968,897736,1518528,9920,13128,269132
2024-01-20T00:38:11,376111416,389987416,1951508,0.49,1266312,14010884,51404404,12.75,4956380,11188852,2284,896476,1518428,9952,13048,269196
2024-01-20T00:38:16,376101648,389978304,1960648,0.5,1266316,14011552,51613672,12.8,4956416,11191716,2092,898784,1518384,9936,13100,269180
2024-01-20T00:38:21,376124272,390001848,1936936,0.49,1266320,14012368,48798040,12.1,4956484,11173244,1664,879592,1518652,9920,12568,269260
2024-01-20T00:38:26,376092868,389971260,1967256,0.5,1266328,14013164,51408864,12.75,4956572,11194256,1640,899276,1518932,9936,13164,269260
2024-01-20T00:38:31,376137608,390017488,1921188,0.49,1266328,14014548,47811004,11.86,4956620,11161416,1232,865592,1518876,9936,12556,269292
2024-01-20T00:38:36,376120564,390000336,1938428,0.49,1266340,14014428,51512208,12.77,4956676,11195760,932,900108,1518788,9952,13124,269260
2024-01-20T00:38:41,376113888,389994240,1944472,0.49,1266344,14014880,51406884,12.75,4956716,11193536,624,897992,1518964,9952,13120,269308
2024-01-20T00:38:46,376103256,389985176,1953460,0.49,1266356,14016444,51512692,12.77,4956852,11196880,2020,898960,1519032,9952,13152,269276
2024-01-20T00:38:51,376090440,389972704,1966220,0.5,1266360,14016652,51716112,12.82,4956880,11198788,356,901144,1518876,9936,13140,269324
2024-01-20T00:38:56,376107320,389990060,1949012,0.49,1266364,14017128,51613264,12.8,4956912,11196896,240,898808,1518724,9936,13100,269276
2024-01-20T00:39:01,376119276,390003232,1935416,0.49,1266372,14018300,51443132,12.76,4957060,11196188,1476,896620,1519184,9968,13232,269300
2024-01-20T00:39:06,376106176,389991452,1947272,0.49,1266384,14019600,51511468,12.77,4957108,11202268,2488,901904,1519116,9936,13200,269244
2024-01-20T00:39:11,376100276,389985504,1953180,0.49,1266388,14019552,51616984,12.8,4957132,11205984,476,905692,1519152,9936,13196,269260
2024-01-20T00:39:16,376095792,389981888,1956616,0.5,1266392,14020424,51513408,12.77,4957216,11203908,868,902780,1519324,9952,13136,269244
2024-01-20T00:39:21,376149116,390036300,1902420,0.48,1266396,14021756,44011396,10.91,4957256,11135940,1748,833460,1518860,9904,12036,269276
2024-01-20T00:39:26,376109564,389996788,1942000,0.49,1266400,14021768,45470748,11.28,4957360,11195588,1812,893272,1518816,9936,12900,269244
2024-01-20T00:39:31,376094300,389982412,1956648,0.5,1266404,14022644,50992264,12.65,4957404,11199604,456,896268,1518552,9904,13000,269228
2024-01-20T00:39:36,376106016,389994840,1944660,0.49,1266404,14023316,51511540,12.77,4957460,11202516,1572,898692,1518152,9936,13144,269260
2024-01-20T00:39:41,376098896,389988312,1951084,0.49,1266408,14023912,51507936,12.77,4957520,11200684,1420,895856,1518248,9936,13096,269228
2024-01-20T00:39:46,376101684,389991976,1947336,0.49,1266416,14024752,51409984,12.75,4957540,11207396,2676,902220,1518360,9936,13144,269260
2024-01-20T00:39:51,376092404,389983232,1956196,0.5,1266420,14025244,51508352,12.77,4957628,11204472,1320,898884,1518284,9920,13080,269180
2024-01-20T00:39:56,376096420,389987864,1951100,0.49,1266424,14025848,51405372,12.75,4957672,11202700,1256,896556,1518756,9936,12984,269260
2024-01-20T00:40:01,376109120,390001680,1936956,0.49,1266424,14026884,51510220,12.77,4957768,11206312,1656,899340,1519164,9936,13112,269196
2024-01-20T00:40:06,376113504,390006668,1931896,0.49,1266436,14027436,51409080,12.75,4957816,11207336,3128,899748,1519276,9952,13144,269244
2024-01-20T00:40:11,376115096,390008660,1930372,0.49,1266444,14027824,51203504,12.7,4957584,11207928,2628,899808,1518812,9952,13108,269196
2024-01-20T00:40:16,376150852,390045684,1893060,0.48,1266452,14029096,48387956,12.0,4957656,11188872,3292,879096,1519088,9952,12800,269196
2024-01-20T00:40:21,376131076,390026488,1912484,0.48,1266460,14029652,51508524,12.77,4957760,11204776,2260,895004,1518876,9952,13004,269244
2024-01-20T00:40:26,376134972,390031340,1907696,0.48,1266464,14030596,51509512,12.77,4957800,11210776,3860,899932,1518820,9952,13088,269244
2024-01-20T00:40:31,376130268,390027084,1912388,0.48,1266468,14030992,51607336,12.8,4957860,11206608,804,895376,1518432,9952,13092,269148
2024-01-20T00:40:36,376106796,390004408,1934952,0.49,1266472,14031808,51511496,12.77,4957920,11211872,2020,899604,1518520,9952,13116,269180
2024-01-20T00:40:41,376128264,390026100,1912880,0.48,1266476,14032012,45777668,11.35,4957956,11205044,332,892932,1518916,9952,12652,269132
2024-01-20T00:40:46,376095548,389994760,1943872,0.49,1266476,14033368,51824688,12.85,4958076,11216552,2136,903132,1519284,9984,13260,269252
2024-01-20T00:40:51,376090996,389990496,1948232,0.49,1266484,14033644,51404228,12.75,4958100,11207884,1280,894228,1519192,9952,13016,269212
2024-01-20T00:40:56,376080680,389981196,1957176,0.5,1266492,14034664,51715256,12.82,4958168,11215020,2720,900536,1519536,9952,13160,269276
2024-01-20T00:41:01,376080960,389981708,1956696,0.5,1266496,14034868,51510340,12.77,4958180,11216796,164,902024,1519528,9952,13140,269228
2024-01-20T00:41:06,376122236,390024844,1914064,0.48,1266496,14036736,48015860,11.91,4958268,11181976,1920,865448,1519016,9936,12524,269276
2024-01-20T00:41:11,376093820,389996672,1942448,0.49,1266500,14036960,51411520,12.75,4958328,11218536,1844,901796,1518820,9952,13180,269276
2024-01-20T00:41:16,376119636,390022732,1916308,0.49,1266512,14037188,48695868,12.08,4958388,11196804,2276,880504,1518904,9920,12880,269180
2024-01-20T00:41:21,376058488,389962248,1976848,0.5,1266524,14037884,51407988,12.75,4958456,11217228,1664,899880,1518804,9936,13128,269292
2024-01-20T00:41:26,376056992,389961116,1977900,0.5,1266528,14038260,48488360,12.02,4958492,11203520,1000,885732,1518868,9936,12948,269260
2024-01-20T00:41:31,376053500,389959100,1979896,0.5,1266540,14039620,51510080,12.77,4958624,11219544,3052,900052,1518992,9936,13112,269276
2024-01-20T00:41:36,376049696,389956184,1983024,0.5,1266548,14040488,51415140,12.75,4958664,11224780,1000,904420,1518792,9968,13256,269332
2024-01-20T00:41:41,376041892,389948820,1990152,0.5,1266560,14040916,51615468,12.8,4958708,11223812,1568,903532,1519028,9936,13208,269292
2024-01-20T00:41:46,376030092,389937668,2001244,0.51,1266568,14041500,51509612,12.77,4958788,11219088,1276,898316,1519144,9936,13128,269260
2024-01-20T00:41:51,376079376,389987832,1950700,0.49,1266572,14042328,48488660,12.02,4958828,11197844,1820,876332,1519572,9968,12960,269260
2024-01-20T00:41:56,376083768,389992876,1945692,0.49,1266580,14042944,51611716,12.8,4958924,11219500,1532,897372,1519564,9952,13116,269276
2024-01-20T00:42:01,376051564,389962012,1976444,0.5,1266588,14044276,51513012,12.77,4958980,11226016,3308,902560,1519676,9968,13164,269196
2024-01-20T00:42:06,376051024,389961484,1977168,0.5,1266596,14044252,51305296,12.72,4959028,11222404,328,898964,1519508,9968,13152,269180
2024-01-20T00:42:11,376026776,389938340,2000400,0.51,1266600,14045412,51510140,12.77,4959092,11225636,2392,900232,1519360,9968,13152,269212
2024-01-20T00:42:16,376028312,389940344,1998576,0.51,1266608,14045868,51609444,12.8,4959196,11219896,1688,895152,1519184,9968,13016,269260
2024-01-20T00:42:21,376031360,389943892,1994964,0.51,1266608,14046332,48797896,12.1,4959216,11222796,1068,897600,1519284,9952,12960,269260
2024-01-20T00:42:26,376037700,389951096,1987860,0.5,1266612,14047196,51715484,12.82,4959292,11225884,1128,899792,1519180,9952,13140,269244
2024-01-20T00:42:31,376038792,389952784,1986132,0.5,1266616,14047808,51410676,12.75,4959332,11228556,1196,901980,1519200,9952,13160,269276
2024-01-20T00:42:36,376063356,389978276,1960764,0.5,1266616,14048700,51610652,12.8,4959420,11225700,1164,898248,1519112,9952,13124,269260
2024-01-20T00:42:41,376054308,389969892,1969020,0.5,1266624,14049352,51408376,12.75,4959452,11226532,1152,898396,1519244,9936,13164,269276
2024-01-20T00:42:46,376065596,389981632,1957412,0.5,1266624,14049792,48901632,12.13,4959488,11209252,616,880868,1519124,9936,12772,269292
2024-01-20T00:42:51,376043076,389960416,1978352,0.5,1266624,14051064,51408092,12.75,4959588,11227284,2588,897548,1519432,9936,13128,269308
2024-01-20T00:42:56,376066100,389984916,1953952,0.49,1266632,14052488,47709416,11.83,4959668,11195152,180,863996,1519376,9936,12688,269244
2024-01-20T00:43:01,376028104,389946948,1991664,0.5,1266636,14052508,51609240,12.8,4959732,11225272,740,894344,1519636,9904,12968,269196
2024-01-20T00:43:06,376031540,389950988,1987304,0.5,1266640,14053084,51406448,12.75,4959760,11230340,1348,898712,1519980,9936,13088,269244
2024-01-20T00:43:11,376037000,389956924,1981760,0.5,1266648,14053576,51093952,12.67,4959836,11224496,828,892608,1519564,9888,13020,269132
2024-01-20T00:43:16,375982900,389903900,2034792,0.52,1266648,14054628,51408544,12.75,4959908,11233756,2832,900928,1519580,9904,13140,269180
2024-01-20T00:43:21,375977044,389898928,2040104,0.52,1266652,14055496,51611324,12.8,4959988,11229412,2460,895752,1519252,9936,13104,269212
2024-01-20T00:43:26,375962260,389884900,2054064,0.52,1266660,14056188,51612160,12.8,4960036,11233588,1788,899224,1519376,9920,13124,269212
2024-01-20T00:43:31,375970328,389894388,2044524,0.52,1266668,14057620,51516912,12.78,4960100,11238724,1940,902956,1519408,9952,13280,269268
2024-01-20T00:43:36,376012204,389937352,2001344,0.51,1266672,14058720,47812440,11.86,4960188,11202672,2964,865968,1519608,9936,12592,269276
2024-01-20T00:43:41,375986340,389911476,2027004,0.51,1266680,14058684,51511460,12.77,4960248,11239612,2304,902912,1519840,9936,13144,269276
2024-01-20T00:43:46,375998084,389923724,2014400,0.51,1266684,14059172,51407336,12.75,4960284,11237576,3668,899800,1520208,9936,13108,269276
2024-01-20T00:43:51,376038916,389966140,1971972,0.5,1266688,14060696,47604200,11.81,4960352,11202020,2396,863360,1520276,9920,12568,269276
2024-01-20T00:43:56,376056256,389983852,1954532,0.49,1266688,14061032,51406080,12.75,4960448,11235808,1916,896868,1520040,9936,13112,269228
2024-01-20T00:44:01,376040776,389969160,1969272,0.5,1266692,14061820,51714956,12.82,4960520,11239572,1704,900056,1519988,9920,13140,269260
2024-01-20T00:44:06,376049776,389978900,1959628,0.5,1266700,14062512,51613972,12.8,4960592,11239260,3252,899048,1519932,9936,13148,269244
2024-01-20T00:44:11,376057520,389987156,1951480,0.49,1266700,14063024,48695556,12.08,4960616,11219148,508,878540,1519824,9936,12764,269196
2024-01-20T00:44:16,376058228,389990104,1948208,0.49,1266704,14065252,47710740,11.83,4960688,11211384,2632,868048,1520156,9936,12632,269196
2024-01-20T00:44:21,376064332,389996216,1942176,0.49,1266712,14065264,51406232,12.75,4960752,11241408,2248,898536,1520064,9920,13044,269180
2024-01-20T00:44:26,376067760,390000048,1938460,0.49,1266720,14065464,51611012,12.8,4960828,11240564,1492,897552,1520144,9952,13148,269180
2024-01-20T00:44:31,376055504,389988592,1950092,0.49,1266720,14066260,51611316,12.8,4960888,11242312,1288,898676,1519972,9952,13120,269212
2024-01-20T00:44:36,376091792,390026240,1912264,0.48,1266720,14067516,47505152,11.78,4960920,11210260,2568,865308,1520256,9952,12560,269228
2024-01-20T00:44:41,376055700,389990300,1948392,0.49,1266732,14067692,51474332,12.76,4961032,11245288,1996,900324,1520032,9952,13024,269196
2024-01-20T00:44:46,376029348,389964880,1973988,0.5,1266740,14068576,51612932,12.8,4961096,11245784,372,899524,1519896,9936,13104,269100
2024-01-20T00:44:51,376023408,389959732,1979172,0.5,1266740,14069388,51308024,12.72,4961120,11250748,2368,904204,1519840,9968,13160,269228
2024-01-20T00:44:56,376027968,389965112,1973640,0.5,1266744,14070148,51305128,12.72,4961256,11246828,1864,899568,1520048,9968,13008,269308
2024-01-20T00:45:01,376022760,389960552,1978380,0.5,1266744,14070940,51506884,12.77,4961316,11244340,1600,896360,1519724,9968,13132,269356
2024-01-20T00:45:06,376027784,389966240,1972728,0.5,1266748,14071612,51818008,12.85,4961352,11249560,752,901128,1519676,9952,13188,269292
2024-01-20T00:45:11,376037220,389976256,1962684,0.5,1266756,14072112,51716872,12.83,4961396,11249868,2068,900996,1519776,9936,13148,269276
2024-01-20T00:45:16,376027532,389967908,1971316,0.5,1266756,14073440,51717124,12.83,4961468,11252056,1312,901272,1519504,9936,13176,269244
2024-01-20T00:45:21,376045504,389987040,1952064,0.49,1266760,14074600,48108976,11.93,4961536,11217292,1556,865876,1519620,9936,12580,269308
2024-01-20T00:45:26,376028748,389970236,1969040,0.5,1266768,14074544,51406012,12.75,4961600,11249400,384,898248,1519448,9936,13180,269292
2024-01-20T00:45:31,376103000,390046540,1892644,0.48,1266772,14076564,44013152,10.91,4961644,11191176,1784,837776,1519568,9904,12056,269276
2024-01-20T00:45:36,376036180,389979184,1960168,0.5,1266772,14075980,48595216,12.05,4961728,11246256,1624,893420,1519448,9936,13000,269228
2024-01-20T00:45:41,376031944,389975980,1963276,0.5,1266772,14076996,51510656,12.77,4961808,11253276,1328,899856,1519560,9936,13120,269180
2024-01-20T00:45:46,376038740,389983416,1955740,0.5,1266776,14077672,51509772,12.77,4961832,11253108,924,899016,1519620,9952,13152,269196
2024-01-20T00:45:51,376034480,389980328,1959012,0.5,1266780,14078784,51509132,12.77,4961924,11254280,2624,898624,1519492,9936,13116,269212
2024-01-20T00:45:56,376023128,389970036,1969128,0.5,1266780,14079828,51511928,12.77,4961960,11258140,800,902120,1519684,9936,13200,269276
2024-01-20T00:46:01,376054088,390001452,1937700,0.49,1266788,14080280,51509452,12.77,4962052,11253932,2136,897372,1519692,9936,13152,269260
2024-01-20T00:46:06,376051820,389999660,1939396,0.49,1266792,14080748,51509540,12.77,4962080,11254856,1652,897852,1519792,9936,13152,269260
2024-01-20T00:46:11,376032264,389981680,1957304,0.5,1266796,14082288,51405564,12.75,4962144,11258684,1612,900156,1519896,9936,13188,269292
2024-01-20T00:46:16,376015236,389964852,1974316,0.5,1266808,14082476,51407788,12.75,4962244,11256876,1212,898256,1519712,9936,13156,269228
2024-01-20T00:46:21,376007264,389957396,1981604,0.5,1266812,14082948,51516820,12.78,4962280,11263592,2524,904724,1519920,9984,13244,269316
2024-01-20T00:46:26,376008924,389959984,1978696,0.5,1266816,14083872,51509356,12.77,4962372,11258236,2332,898344,1520240,9936,13132,269276
2024-01-20T00:46:31,376030548,389983472,1955240,0.5,1266820,14085724,47606488,11.81,4962432,11228792,264,866984,1520216,9920,12604,269212
2024-01-20T00:46:36,376030316,389982896,1955796,0.5,1266824,14085368,51713460,12.82,4962496,11258576,4,897244,1520244,9952,13076,269340
2024-01-20T00:46:41,376026248,389979536,1959320,0.5,1266824,14086072,51512364,12.77,4962500,11265356,0,903328,1520084,9952,13124,269292
2024-01-20T00:46:46,376018392,389972532,1966312,0.5,1266836,14086852,51718220,12.83,4962620,11266332,2696,903344,1520156,9952,13168,269244
2024-01-20T00:46:51,376011336,389966140,1972776,0.5,1266840,14087484,51711884,12.82,4962676,11260608,2004,897376,1520112,9920,13080,269292
2024-01-20T00:46:56,376013428,389968920,1969936,0.5,1266840,14088144,51613152,12.8,4962732,11263024,2084,899256,1520200,9952,13140,269228
2024-01-20T00:47:01,376042244,389999344,1939672,0.49,1266840,14089732,47610800,11.81,4962744,11235748,1568,870304,1520060,9888,12620,269196
2024-01-20T00:47:06,376027392,389984380,1954324,0.49,1266840,14089620,51304620,12.72,4962844,11261580,2444,895888,1520372,9936,13112,269212
2024-01-20T00:47:11,376043400,390000980,1937744,0.49,1266840,14090188,45367748,11.25,4962908,11257324,1740,891664,1520376,9920,12656,269276
2024-01-20T00:47:16,376044236,390002740,1935636,0.49,1266840,14091108,51616812,12.8,4962972,11268100,3800,901172,1520728,9968,13232,269316
2024-01-20T00:47:21,376040308,389999800,1938624,0.49,1266844,14092076,51205924,12.7,4963008,11269328,1168,901932,1520696,9904,13196,269276
2024-01-20T00:47:26,376021020,389981072,1957748,0.5,1266848,14092660,51511984,12.77,4963092,11268344,2680,900416,1520272,9936,13120,269212
2024-01-20T00:47:31,376018396,389979444,1959316,0.5,1266856,14093608,51716268,12.82,4963184,11269116,2308,900272,1520372,9920,13160,269148
2024-01-20T00:47:36,376062108,390024012,1914668,0.48,1266856,14094440,47807976,11.86,4963204,11232720,1604,863060,1520476,9920,12564,269164
2024-01-20T00:47:41,376034100,389996484,1942212,0.49,1266856,14094892,51616672,12.8,4963272,11272216,1248,902140,1520488,9936,13140,269212
2024-01-20T00:47:46,376017656,389981096,1957308,0.5,1266856,14095988,51508844,12.77,4963348,11268784,2252,897752,1520740,9968,13144,269212
2024-01-20T00:47:51,376022860,389986688,1951788,0.49,1266860,14096304,48898892,12.13,4963412,11266596,1492,895236,1520736,9952,13044,269180
2024-01-20T00:47:56,376065844,390031292,1906976,0.48,1266864,14097864,47914904,11.88,4963444,11240628,3060,867776,1521000,9968,12544,269244
2024-01-20T00:48:01,376071476,390037612,1900712,0.48,1266876,14098480,47605244,11.81,4963528,11240344,2544,866944,1521004,9968,12664,269292
2024-01-20T00:48:06,376052116,390018008,1920424,0.49,1266880,14098232,48899272,12.13,4963572,11269720,3448,896568,1520896,9968,13032,269308
2024-01-20T00:48:11,376063104,390029920,1908164,0.48,1266884,14099156,42860912,10.63,4963684,11244564,788,870652,1521240,9968,12544,269196
2024-01-20T00:48:16,376028876,389996528,1941632,0.49,1266888,14099992,51407800,12.75,4963724,11273464,2092,898880,1521160,9984,13188,269252
2024-01-20T00:48:21,376011544,389979556,1958868,0.5,1266892,14100344,51409160,12.75,4963740,11272844,1548,897772,1520900,9936,13152,269244
2024-01-20T00:48:26,375994284,389963228,1975356,0.5,1266896,14101256,51717276,12.83,4963824,11277476,1236,901504,1520756,9952,13180,269212
2024-01-20T00:48:31,376008064,389978848,1959632,0.5,1266900,14103080,47710628,11.83,4963920,11243784,2964,866184,1520872,9952,12604,269244
2024-01-20T00:48:36,375990632,389961308,1977252,0.5,1266908,14102976,51612784,12.8,4963976,11277128,744,899760,1520780,9968,13184,269244
2024-01-20T00:48:41,375999764,389971412,1967220,0.5,1266912,14103904,51614716,12.8,4963992,11281820,2404,903404,1520748,9952,13176,269212
2024-01-20T00:48:46,376050892,390022704,1915692,0.49,1266912,14104060,51609968,12.8,4964064,11276060,752,897696,1520992,9936,13120,269180
2024-01-20T00:48:51,376023484,389997164,1941052,0.49,1266916,14105912,51614040,12.8,4964164,11281612,2896,901412,1521184,9968,13196,269228
2024-01-20T00:48:56,376031704,390005152,1932896,0.49,1266928,14105656,51510712,12.77,4964204,11282260,2040,902324,1521364,9952,13120,269180
2024-01-20T00:49:01,376026176,390000540,1937948,0.49,1266932,14106556,51303672,12.72,4964284,11278960,3304,898368,1520936,9968,13144,269132
2024-01-20T00:49:06,376019340,389994748,1943852,0.49,1266936,14107568,51410552,12.75,4964332,11284564,852,902832,1520852,9968,13184,269132
2024-01-20T00:49:11,376019068,389995364,1943184,0.49,1266944,14108392,51713416,12.82,4964436,11280044,2328,897672,1520960,9968,13128,269148
2024-01-20T00:49:16,376029844,390006404,1932212,0.49,1266956,14108628,51512312,12.77,4964452,11286832,360,904084,1520908,9968,13140,269228
2024-01-20T00:49:21,376031728,390009452,1929188,0.49,1266964,14109780,51615184,12.8,4964584,11284412,2376,900620,1520888,9968,13140,269228
2024-01-20T00:49:26,376033964,390012156,1926432,0.49,1266976,14110244,51410584,12.75,4964612,11287288,268,903084,1520932,9968,13124,269244
2024-01-20T00:49:31,376022368,390001424,1936756,0.49,1266980,14111060,51509564,12.77,4964672,11284676,1168,899696,1521384,9936,13148,269308
2024-01-20T00:49:36,376021760,390001760,1936160,0.49,1266980,14111988,51716376,12.82,4964772,11285376,1224,900176,1521660,9952,13156,269260
2024-01-20T00:49:41,376010948,389991460,1946480,0.49,1266984,14112456,51307072,12.72,4964804,11288172,1164,902056,1521680,9936,13128,269308
2024-01-20T00:49:46,376000600,389982144,1956016,0.5,1266988,14113472,51509148,12.77,4964896,11284384,1100,897224,1521472,9936,13132,269260
2024-01-20T00:49:51,375995136,389976936,1961356,0.5,1266992,14113692,51309960,12.72,4964896,11290124,1176,902816,1521372,9984,13248,269364
2024-01-20T00:49:56,376040804,390023524,1914756,0.48,1267000,14114596,48796644,12.1,4964964,11265196,40,876928,1521392,9936,12600,269260
2024-01-20T00:50:01,376026768,390010164,1928192,0.49,1267000,14115252,48590900,12.05,4965068,11283376,996,894204,1521336,9920,13012,269084
2024-01-20T00:50:06,376026716,390010708,1927688,0.49,1267004,14115840,51611532,12.8,4965084,11287932,1488,898604,1521300,9952,13120,269196
2024-01-20T00:50:11,376030448,390015156,1923328,0.49,1267012,14116544,51509748,12.77,4965152,11289328,244,899304,1521216,9936,13084,269228
2024-01-20T00:50:16,376060788,390047328,1891416,0.48,1267012,14118216,44689616,11.08,4965204,11235580,1976,843952,1521116,9920,12352,269164
2024-01-20T00:50:21,376005184,389991840,1947016,0.49,1267016,14118352,51719080,12.83,4965320,11293252,1948,901796,1520980,9952,13088,269164
2024-01-20T00:50:26,375997860,389985100,1953736,0.49,1267020,14118816,51505936,12.77,4965352,11289020,2600,896468,1521116,9968,12996,269164
2024-01-20T00:50:31,376022580,390011688,1927232,0.49,1267020,14120668,47607460,11.81,4965392,11262564,2928,868684,1521048,9952,12632,269164
2024-01-20T00:50:36,375992952,389982200,1956920,0.5,1267024,14120644,48494556,12.03,4965508,11291956,3248,898388,1521008,10000,13092,269268
2024-01-20T00:50:41,375985416,389975508,1963460,0.5,1267036,14121480,51308260,12.72,4965572,11296680,2664,902116,1521156,9952,13144,269260
2024-01-20T00:50:46,375971392,389962416,1976388,0.5,1267044,14122348,51509352,12.77,4965628,11294344,2868,898920,1521376,9968,13076,269196
2024-01-20T00:50:51,375988140,389979712,1958620,0.5,1267052,14122900,51613748,12.8,4965688,11298316,2616,902588,1521836,9968,13216,269212
2024-01-20T00:50:56,376034136,390026544,1911864,0.48,1267052,14123720,45659156,11.32,4965764,11258976,3296,862344,1521776,9936,12212,269228
2024-01-20T00:51:01,376044396,390037288,1901108,0.48,1267052,14124200,45764188,11.35,4965792,11261652,2388,864184,1521792,9936,12236,269196
2024-01-20T00:51:06,376002468,389996552,1940940,0.49,1267056,14125308,42743944,10.6,4965908,11256056,2228,857928,1522776,9936,11868,269228
2024-01-20T00:51:11,376006204,390000968,1936348,0.49,1267068,14125984,45865412,11.37,4965980,11261708,2124,863068,1522944,9936,12224,269180
2024-01-20T00:51:16,376021120,390016264,1921144,0.49,1267068,14126324,45557628,11.3,4965980,11260792,1308,861768,1522892,9936,12220,269228
2024-01-20T00:51:21,375999020,389995076,1942188,0.49,1267068,14127208,45454764,11.27,4966064,11259508,1108,860200,1523064,9936,12212,269196
2024-01-20T00:51:26,376016796,390013576,1923832,0.49,1267072,14127824,45864704,11.37,4966116,11262024,2012,861600,1523024,9936,12232,269212
2024-01-20T00:51:31,376029832,390027388,1910148,0.48,1267080,14128588,45658324,11.32,4966176,11260456,2032,859444,1522900,9904,12144,269148
2024-01-20T00:51:36,376027276,390025740,1912076,0.48,1267084,14129440,45658396,11.32,4966252,11262784,1788,860964,1522672,9936,12244,269196
2024-01-20T00:51:41,376056720,390055384,1882580,0.48,1267092,14129608,39704456,9.85,4966264,11222632,948,820680,1522548,9888,11300,269164
2024-01-20T00:51:46,376068356,390067648,1870452,0.47,1267096,14130220,39707372,9.85,4966316,11226580,576,823912,1522424,9888,11260,269052
2024-01-20T00:51:51,376058188,390058216,1880220,0.48,1267104,14130948,39499424,9.8,4966384,11225212,1676,821984,1522088,9920,11288,269164
2024-01-20T00:51:56,376084732,390086292,1852084,0.47,1267112,14132460,35803060,8.88,4966456,11194096,1200,789356,1522160,9920,10732,269132
2024-01-20T00:52:01,376048944,390050512,1887104,0.48,1267112,14132488,39809940,9.87,4966524,11227616,1736,822996,1522900,9920,11276,269212
2024-01-20T00:52:06,376048360,390050224,1887396,0.48,1267116,14132776,39605772,9.82,4966536,11230016,456,825168,1522900,9920,11296,269164
2024-01-20T00:52:11,376084504,390086428,1851268,0.47,1267120,14133044,30940376,7.67,4966552,11185060,1588,779824,1522612,9888,10012,269244
2024-01-20T00:52:16,376124732,390127496,1810524,0.46,1267124,14133880,24985892,6.2,4966616,11131152,996,725172,1522288,9872,9452,269164
2024-01-20T00:52:21,376131272,390133852,1804548,0.46,1267128,14133988,21848220,5.42,4966648,11114608,2100,708472,1521612,9824,8540,269164
2024-01-20T00:52:26,376134212,390136904,1801504,0.46,1267136,14134092,22050480,5.47,4966656,11113688,344,707432,1521604,9824,8524,269148
2024-01-20T00:52:31,376185096,390188320,1750100,0.44,1267140,14134620,10044544,2.49,4966660,11041012,1192,634228,1521592,9760,7048,269084
2024-01-20T00:52:36,376197972,390201176,1737524,0.44,1267144,14134568,10044028,2.49,4966692,11039624,292,632960,1521340,9744,6696,269004
2024-01-20T00:52:41,376198744,390202028,1736804,0.44,1267152,14134632,10043876,2.49,4966692,11039700,1184,632932,1521216,9744,6684,269084
2024-01-20T00:52:46,376201580,390205032,1733784,0.44,1267152,14134812,10147064,2.52,4966692,11040220,300,633292,1521220,9744,6720,269052
2024-01-20T00:52:51,376196152,390199872,1739224,0.44,1267152,14135056,10146132,2.52,4966736,11038996,1144,631880,1520964,9728,6676,269020
2024-01-20T00:52:56,376199012,390202776,1736340,0.44,1267156,14135100,10145580,2.52,4966740,11038836,260,631712,1520940,9728,6680,269036
2024-01-20T00:53:01,376199024,390202988,1736216,0.44,1267160,14135288,10044056,2.49,4966744,11040128,1144,632756,1520860,9696,6692,269004
2024-01-20T00:53:06,376202556,390206572,1732636,0.44,1267168,14135336,10044640,2.49,4966756,11041516,284,634156,1520852,9696,6680,269004
2024-01-20T00:53:11,376261288,390266732,1671676,0.42,1267168,14136904,4194004,1.04,4966752,11003092,1184,594356,1521512,9664,5768,268956
2024-01-20T00:53:16,376270204,390275908,1663104,0.42,1267176,14136916,4195432,1.04,4966764,11004644,252,595868,1521148,9664,5764,268988
2024-01-20T00:53:21,376253784,390259820,1679324,0.43,1267176,14136932,4196728,1.04,4966764,11006196,920,597256,1521332,9664,5804,268924
2024-01-20T00:53:26,376254064,390260692,1678396,0.43,1267184,14137068,4198156,1.04,4966776,11008084,260,598664,1521836,9664,5776,268924
2024-01-20T00:53:31,376253324,390259728,1678776,0.43,1267188,14137076,4198800,1.04,4966784,11009016,4,600008,1522184,9664,5776,268924
2024-01-20T00:53:36,376221352,390228344,1710420,0.43,1267200,14137472,4200880,1.04,4966784,11010660,1424,601228,1522104,9664,5780,268972
2024-01-20T00:53:41,376243564,390250456,1688260,0.43,1267204,14137236,4201920,1.04,4966800,11011668,264,602504,1522284,9664,5788,268988
2024-01-20T00:53:46,376244424,390251584,1686472,0.43,1267216,14137256,4203348,1.04,4966800,11012948,1404,603780,1523180,9664,5784,268972
2024-01-20T00:53:51,376240928,390247812,1690332,0.43,1267220,14137260,4209048,1.04,4966820,11016012,408,607248,1522808,9696,5908,268948
2024-01-20T00:53:56,376264056,390271156,1667424,0.42,1267232,14136900,4205940,1.04,4966820,11015340,1432,606548,1522936,9648,5788,268956
2024-01-20T00:54:01,376159044,390166904,1772508,0.45,1267236,14137412,4311068,1.07,4966840,11118572,244,709076,1522348,9648,5920,268940
2024-01-20T00:54:06,376169576,390195740,1743280,0.44,1267240,14155728,4292764,1.06,5026812,11061212,1312,693332,1522724,9648,5968,268940
2024-01-20T00:54:11,376169108,390195308,1744060,0.44,1267252,14155736,4292764,1.06,5138592,10949472,240,693316,1522392,9648,5936,268908
2024-01-20T00:54:16,376195372,390221708,1717820,0.44,1267256,14155884,4292764,1.06,5250504,10837740,1232,693428,1522216,9648,5972,268892
2024-01-20T00:54:21,376193944,390220304,1719328,0.44,1267256,14155888,4292764,1.06,5356716,10731588,240,693420,1522132,9648,5976,268892
2024-01-20T00:54:26,376196804,390223208,1716352,0.43,1267260,14155904,4292764,1.06,5469508,10618780,1240,693420,1522228,9648,5976,268956
2024-01-20T00:54:31,376210704,390237140,1702180,0.43,1267272,14155912,4292764,1.06,5582144,10506192,216,693416,1522480,9648,5968,268908
2024-01-20T00:54:36,376217328,390243892,1695836,0.43,1267276,14156052,4292764,1.06,5694080,10394504,1232,693576,1522056,9648,5968,268956
2024-01-20T00:54:41,376217688,390244292,1695280,0.43,1267284,14156068,4292764,1.06,5806032,10282640,236,693580,1522228,9648,5972,268988
2024-01-20T00:54:46,376191920,390218652,1720996,0.44,1267288,14156212,4292764,1.06,5917768,10170988,1224,693580,1522132,9664,5972,268972
2024-01-20T00:54:51,376204308,390231052,1708688,0.43,1267288,14156220,4292764,1.06,6026864,10061876,180,693572,1522044,9664,5972,268956
2024-01-20T00:54:56,376191036,390217824,1721616,0.44,1267292,14156232,4292764,1.06,6154676,9934028,1196,693580,1522372,9648,5976,268956
2024-01-20T00:55:01,376179776,390206588,1732988,0.44,1267292,14156244,4292764,1.06,6272840,9816020,208,693580,1522248,9648,5968,268972
2024-01-20T00:55:06,376185712,390212688,1726984,0.44,1267296,14156388,4292764,1.06,6382164,9706800,1292,693580,1522168,9648,5980,268972
2024-01-20T00:55:11,376121280,390148416,1789300,0.45,1267300,14156528,22296700,5.53,6405992,9755568,160,766024,1524140,9792,10712,269052
2024-01-20T00:55:16,376119456,390146784,1790916,0.45,1267304,14156684,22295916,5.53,6406152,9757224,4,767676,1524188,9760,10644,269036
2024-01-20T00:55:21,376115952,390143568,1794024,0.45,1267308,14156872,22296700,5.53,6406340,9759028,1304,769448,1524392,9792,10700,269084
2024-01-20T00:55:26,376113068,390140860,1796668,0.46,1267312,14157028,22296700,5.53,6406500,9760164,272,770636,1524472,9808,10708,269132
2024-01-20T00:55:31,376132872,390161128,1776576,0.45,1267316,14157336,22301104,5.53,6406688,9764024,1504,774360,1524448,9792,10828,269140
2024-01-20T00:55:36,376129432,390157912,1780052,0.45,1267324,14157524,22296700,5.53,6406872,9763784,444,774084,1524216,9744,10672,269068
2024-01-20T00:55:41,376133612,390162472,1775120,0.45,1267328,14157820,22296700,5.53,6407036,9766144,1360,776376,1524668,9776,10708,269084
2024-01-20T00:55:46,376145288,390174340,1763404,0.45,1267336,14157988,22296700,5.53,6407212,9767820,372,777980,1524532,9776,10712,269084
2024-01-20T00:55:51,376138768,390168060,1769452,0.45,1267340,14158168,22296700,5.53,6407392,9769236,1180,779412,1524820,9776,10712,269164
2024-01-20T00:55:56,376133224,390162780,1773728,0.45,1267344,14158336,22296700,5.53,6407568,9770616,340,780796,1525916,9856,10712,269180
2024-01-20T00:56:01,376129396,390159276,1777276,0.45,1267348,14158644,22296700,5.53,6407748,9772248,1120,782272,1525884,9872,10708,269196
2024-01-20T00:56:06,376127620,390157716,1778896,0.45,1267360,14158820,22296700,5.53,6407932,9773632,280,783652,1525852,9872,10708,269228
2024-01-20T00:56:11,376119288,390149644,1786640,0.45,1267364,14158984,22296700,5.53,6408084,9774900,1200,785004,1526272,9872,10708,269180
2024-01-20T00:56:16,376132624,390163228,1772976,0.45,1267388,14159164,22296700,5.53,6408272,9776124,300,786112,1526396,9872,10712,269180
2024-01-20T00:56:21,376119472,390150392,1785688,0.45,1267392,14159476,22296700,5.53,6408452,9777356,1132,787224,1526520,9888,10708,269164
2024-01-20T00:56:26,376120324,390151608,1784556,0.45,1267396,14159640,22296700,5.53,6408612,9778748,316,788628,1526632,9888,10708,269212
2024-01-20T00:56:31,376122652,390154040,1782108,0.45,1267400,14159816,22296700,5.53,6408792,9780040,1148,789892,1526572,9888,10708,269228
2024-01-20T00:56:36,376120572,390152124,1784152,0.45,1267400,14159980,22300604,5.53,6408944,9782952,272,792816,1526444,9920,10824,269188
2024-01-20T00:56:41,376125036,390156920,1779208,0.45,1267404,14160268,22296700,5.53,6409104,9782368,1236,792112,1526632,9888,10712,269228
2024-01-20T00:56:46,376124100,390156244,1779812,0.45,1267416,14160460,22296700,5.53,6409304,9784148,248,793884,1526760,9888,10712,269244
2024-01-20T00:56:51,376120456,390153036,1783140,0.45,1267420,14160768,22296700,5.53,6409476,9785992,1264,795580,1526764,9856,10708,269228
2024-01-20T00:56:56,376119728,390152556,1784140,0.45,1267428,14160932,22296700,5.53,6409644,9787616,256,797220,1526320,9872,10708,269212
2024-01-20T00:57:01,376116596,390149588,1787192,0.45,1267432,14161080,22295916,5.53,6409800,9789316,260,798900,1526248,9840,10640,269132
2024-01-20T00:57:06,376104252,390137504,1799640,0.46,1267444,14161268,22296700,5.53,6409988,9791096,8,800700,1525944,9888,10716,269148
2024-01-20T00:57:11,376102744,390136256,1800900,0.46,1267444,14161428,22296700,5.53,6410168,9792600,292,802196,1526032,9888,10716,269164
2024-01-20T00:57:16,376091892,390125900,1811164,0.46,1267448,14161728,22296700,5.53,6410320,9794268,1444,803712,1526316,9888,10712,269196
2024-01-20T00:57:21,376089532,390123736,1813416,0.46,1267456,14161924,22296700,5.53,6410508,9795416,256,804872,1526220,9872,10664,269244
2024-01-20T00:57:26,376078820,390113200,1824084,0.46,1267468,14162088,22296700,5.53,6410684,9796808,1468,806268,1526088,9872,10704,269212
2024-01-20T00:57:31,376077596,390112176,1825048,0.46,1267468,14162228,22296700,5.53,6410816,9797860,296,807348,1526208,9872,10712,269228
2024-01-20T00:57:36,376071828,390106808,1830108,0.46,1267472,14162552,22296700,5.53,6411024,9799436,1496,808748,1526588,9872,10712,269244
2024-01-20T00:57:41,376070956,390106152,1830824,0.46,1267472,14162708,22301104,5.53,6411184,9802564,416,811904,1526588,9904,10864,269268
2024-01-20T00:57:46,376074672,390110084,1826916,0.46,1267480,14162876,22296700,5.53,6411336,9801916,1424,811224,1526604,9872,10712,269212
2024-01-20T00:57:51,376074096,390109792,1827240,0.46,1267484,14163180,22296700,5.53,6411496,9803272,252,812436,1526548,9872,10712,269228
2024-01-20T00:57:56,376062728,390098736,1838680,0.47,1267488,14163368,22296700,5.53,6411680,9804632,1340,813780,1526284,9872,10716,269196
2024-01-20T00:58:01,376061848,390097744,1839768,0.47,1267492,14163220,22296700,5.53,6411520,9805988,388,815148,1526220,9856,10712,269228
2024-01-20T00:58:06,376054228,390090444,1847168,0.47,1267504,14163524,22296700,5.53,6411700,9807512,1284,816484,1526124,9888,10704,269276
2024-01-20T00:58:11,376051768,390088184,1849492,0.47,1267508,14163684,22296700,5.53,6411868,9808912,200,817928,1526096,9888,10712,269260
2024-01-20T00:58:16,376061632,390098356,1838948,0.47,1267508,14163832,22296700,5.53,6412016,9810164,1300,819172,1526628,9888,10712,269260
2024-01-20T00:58:21,376060380,390097348,1839964,0.47,1267516,14164012,22296700,5.53,6412192,9811888,172,820908,1526676,9904,10704,269260
2024-01-20T00:58:26,376058632,390095952,1841600,0.47,1267516,14164320,22296700,5.53,6412364,9813512,1312,822328,1526480,9888,10708,269308
2024-01-20T00:58:31,376055912,390093480,1844216,0.47,1267516,14164500,22296700,5.53,6412544,9815036,168,823924,1526404,9888,10700,269260
2024-01-20T00:58:36,376049484,390087296,1850160,0.47,1267520,14164712,22296700,5.53,6412728,9816760,1304,825540,1526672,9888,10712,269260
2024-01-20T00:58:41,376049328,390087420,1850020,0.47,1267524,14164984,22301104,5.53,6412888,9820312,188,829088,1526692,9920,10828,269236
2024-01-20T00:58:46,376049904,390088236,1849236,0.47,1267528,14165140,22295916,5.53,6413060,9819264,264,827908,1526740,9872,10676,269100
2024-01-20T00:58:51,376036244,390074760,1862720,0.47,1267536,14165316,22296700,5.53,6413216,9820272,16,829008,1526732,9888,10704,269260
2024-01-20T00:58:56,376027492,390066332,1871256,0.47,1267544,14165524,22296700,5.53,6413428,9821632,380,830252,1526732,9888,10704,269260
2024-01-20T00:59:01,376018784,390058056,1879680,0.48,1267552,14165844,22296700,5.53,6413616,9822636,1372,831292,1526688,9888,10716,269212
2024-01-20T00:59:06,376016620,390056156,1881600,0.48,1267556,14166044,22296700,5.53,6413828,9824104,352,832628,1526728,9888,10676,269228
2024-01-20T00:59:11,376007908,390047780,1890268,0.48,1267560,14166220,22296700,5.53,6414000,9825416,1304,834048,1526592,9888,10708,269196
2024-01-20T00:59:16,376007500,390047548,1890480,0.48,1267564,14166396,22296700,5.53,6414172,9826576,360,835244,1526608,9888,10712,269180
2024-01-20T00:59:21,376000668,390041068,1896800,0.48,1267564,14166724,22296700,5.53,6414368,9828204,1292,836656,1526792,9872,10708,269244
2024-01-20T00:59:26,376015444,390056120,1881660,0.48,1267568,14166924,22296700,5.53,6414556,9829732,344,838160,1526952,9872,10744,269196
2024-01-20T00:59:31,376007180,390048108,1889660,0.48,1267576,14167120,22296700,5.53,6414744,9831220,1292,839676,1527012,9872,10712,269228
2024-01-20T00:59:36,376005280,390046624,1891140,0.48,1267584,14167464,22296700,5.53,6414988,9832972,396,841376,1527080,9872,10708,269212
2024-01-20T00:59:41,376013512,390055160,1882368,0.48,1267588,14167672,22296700,5.53,6415188,9834696,1236,843028,1527408,9872,10720,269180
2024-01-20T00:59:46,376012576,390054436,1883144,0.48,1267592,14167848,22296700,5.53,6415360,9836084,464,844388,1527388,9824,10644,269132
2024-01-20T00:59:51,376020084,390062400,1875068,0.47,1267596,14168168,22296700,5.53,6415572,9837740,1200,845864,1527632,9856,10708,269196
2024-01-20T00:59:56,376020260,390062812,1874696,0.47,1267604,14168368,22296700,5.53,6415764,9839068,260,847256,1527620,9856,10716,269164
2024-01-20T01:00:01,376008324,390051288,1886356,0.48,1267612,14168556,22296700,5.53,6415940,9840436,1228,848476,1527700,9856,10708,269180
2024-01-20T01:00:06,376007556,390050776,1886828,0.48,1267624,14168752,22296700,5.53,6416144,9841788,284,849836,1527788,9872,10748,269164
2024-01-20T01:00:11,376013296,390056920,1880744,0.48,1267628,14168988,22296700,5.53,6416364,9843024,1212,851128,1527892,9856,10704,269180
2024-01-20T01:00:16,376013100,390056948,1880672,0.48,1267632,14169168,22296700,5.53,6416564,9844084,244,852236,1527976,9856,10708,269196
2024-01-20T01:00:21,376005380,390049612,1887936,0.48,1267640,14169340,22296700,5.53,6416728,9845132,1156,853244,1528252,9856,10708,269164
2024-01-20T01:00:26,376022244,390066688,1870816,0.47,1267652,14169544,22301104,5.53,6416944,9848456,256,856544,1528292,9888,10824,269188
2024-01-20T01:00:31,376023884,390068552,1868988,0.47,1267656,14169720,22295916,5.53,6417108,9847184,260,855252,1528300,9840,10644,269116
2024-01-20T01:00:36,376034716,390079928,1857596,0.47,1267664,14170124,22296700,5.53,6417316,9848760,0,856704,1528448,9872,10712,269148
2024-01-20T01:00:41,376033520,390079124,1858464,0.47,1267668,14170460,22296700,5.53,6417532,9850160,272,857936,1528436,9856,10712,269180
2024-01-20T01:00:46,376035680,390081528,1856084,0.47,1267668,14170664,22296700,5.53,6417724,9851472,1500,859256,1528452,9856,10712,269132
2024-01-20T01:00:51,376034896,390080940,1856784,0.47,1267672,14170824,22296700,5.53,6417884,9852408,320,860216,1528372,9856,10720,269164
2024-01-20T01:00:56,376044828,390091372,1846360,0.47,1267672,14171144,22296700,5.53,6418056,9853672,1436,861344,1528544,9872,10720,269164
2024-01-20T01:01:01,376045840,390092604,1845340,0.47,1267676,14171320,22296700,5.53,6418244,9854816,292,862428,1528372,9888,10724,269164
2024-01-20T01:01:06,376037076,390084144,1853888,0.47,1267684,14171516,22296700,5.53,6418428,9855904,1440,863524,1528384,9888,10728,269228
2024-01-20T01:01:11,376037752,390085060,1853116,0.47,1267688,14171700,22296700,5.53,6418628,9857228,252,864796,1528292,9824,10668,269196
2024-01-20T01:01:16,376028376,390076136,1861796,0.47,1267692,14172028,22296700,5.53,6418836,9858552,584,866052,1528656,9872,10720,269276
2024-01-20T01:01:21,376027812,390075820,1862096,0.47,1267696,14172228,22296700,5.53,6419028,9859984,200,867484,1528716,9872,10728,269244
2024-01-20T01:01:26,376028980,390077348,1860408,0.47,1267700,14172416,22300604,5.53,6419204,9862236,436,870268,1529044,9888,10768,269236
2024-01-20T01:01:31,376028224,390076924,1860864,0.47,1267704,14172720,22296700,5.53,6419380,9862572,180,869924,1529036,9856,10720,269196
2024-01-20T01:01:36,376016044,390065144,1872456,0.47,1267708,14172908,22296700,5.53,6419560,9863744,508,871068,1529432,9856,10724,269148
2024-01-20T01:01:41,376015000,390064296,1873280,0.47,1267716,14173080,22296700,5.53,6419740,9864968,160,872228,1529472,9856,10724,269148
2024-01-20T01:01:46,376002244,390051868,1885724,0.48,1267720,14173320,22296700,5.53,6419920,9866116,572,873368,1529540,9856,10720,269228
2024-01-20T01:01:51,376003260,390053168,1884436,0.48,1267732,14173508,22296700,5.53,6420100,9867320,180,874492,1529612,9856,10728,269212
2024-01-20T01:01:56,375998140,390048684,1888836,0.48,1267740,14173936,22296700,5.53,6420264,9868576,660,875544,1529896,9856,10728,269260
2024-01-20T01:02:01,375996044,390046772,1890816,0.48,1267744,14174108,22296700,5.53,6420444,9869884,12,876772,1529836,9840,10720,269196
2024-01-20T01:02:06,375985356,390036312,1901140,0.48,1267748,14174280,22296700,5.53,6420600,9870784,596,877752,1530024,9840,10724,269228
2024-01-20T01:02:11,375983760,390035048,1902484,0.48,1267756,14174448,22296700,5.53,6420768,9871984,8,878876,1530100,9840,10728,269180
2024-01-20T01:02:16,375996600,390048108,1889388,0.48,1267756,14174604,22295916,5.53,6420932,9872764,432,879632,1530200,9808,10652,269100
2024-01-20T01:02:21,376002324,390054196,1883420,0.48,1267756,14174932,22296700,5.53,6421132,9874284,888,881016,1530116,9840,10720,269164
2024-01-20T01:02:26,376001944,390053992,1883656,0.48,1267760,14175080,22296700,5.53,6421272,9875128,252,881904,1530108,9840,10720,269196
2024-01-20T01:02:31,375994528,390046760,1890900,0.48,1267760,14175324,22296700,5.53,6421464,9876348,1012,883028,1530036,9840,10720,269228
2024-01-20T01:02:36,375994972,390047648,1890120,0.48,1267764,14175624,22296700,5.53,6421632,9877512,276,884144,1530068,9840,10716,269180
2024-01-20T01:02:41,375986940,390039800,1897712,0.48,1267772,14175800,22296700,5.53,6421796,9878568,852,885200,1530324,9840,10724,269164
2024-01-20T01:02:46,375983872,390037040,1900380,0.48,1267780,14175976,22296700,5.53,6421980,9880064,296,886608,1530540,9840,10724,269132
2024-01-20T01:02:51,375972840,390026320,1911220,0.48,1267780,14176276,22296700,5.53,6422148,9881288,1312,887664,1530432,9840,10720,269132
2024-01-20T01:02:56,375971516,390025188,1912372,0.48,1267780,14176432,22296700,5.53,6422316,9881988,228,888492,1530448,9840,10688,269148
2024-01-20T01:03:01,375959656,390013728,1923812,0.49,1267788,14176764,22296700,5.53,6422512,9883356,988,889720,1530528,9840,10724,269084
2024-01-20T01:03:06,375959352,390013624,1923936,0.49,1267792,14176928,22296700,5.53,6422676,9884480,232,890840,1530540,9840,10724,269052
2024-01-20T01:03:11,375948172,390002776,1934828,0.49,1267804,14177216,22296700,5.53,6422836,9885580,1308,891736,1530528,9776,10724,269052
2024-01-20T01:03:16,375948240,390003116,1934492,0.49,1267812,14177408,22296700,5.53,6423032,9886592,192,892772,1530596,9776,10728,269100
2024-01-20T01:03:21,375936520,389991620,1946104,0.49,1267816,14177584,22296700,5.53,6423196,9887684,968,893836,1530524,9776,10728,269068
2024-01-20T01:03:26,375935684,389990980,1946936,0.49,1267820,14177736,22296700,5.53,6423348,9888556,164,894664,1530372,9776,10724,269068
2024-01-20T01:03:31,375928252,389983904,1954048,0.49,1267820,14178044,22296700,5.53,6423512,9889572,1176,895640,1530384,9776,10724,269052
2024-01-20T01:03:36,375927488,389983400,1954496,0.49,1267828,14178220,22301104,5.53,6423700,9892644,176,898676,1530516,9808,10828,269124
2024-01-20T01:03:41,375917628,389973692,1964048,0.5,1267836,14178404,22301104,5.53,6423864,9893416,1144,899396,1530632,9808,10828,269108
2024-01-20T01:03:46,375917152,389973560,1964252,0.5,1267840,14178704,22296700,5.53,6424048,9891984,20,897772,1530600,9776,10724,269132
2024-01-20T01:03:51,375905748,389962380,1975616,0.5,1267848,14178872,22296700,5.53,6424204,9892612,1156,898384,1530464,9776,10720,269164
2024-01-20T01:03:56,375905816,389962616,1975524,0.5,1267852,14179028,22296700,5.53,6424372,9893216,8,899048,1530328,9792,10764,269116
2024-01-20T01:04:01,375905420,389962536,1975640,0.5,1267856,14179204,22295916,5.53,6424548,9893652,492,899400,1530428,9728,10688,269068
2024-01-20T01:04:06,375900492,389958072,1979668,0.5,1267864,14179508,22296700,5.53,6424724,9894624,1136,900236,1531016,9760,10724,269052
2024-01-20T01:04:11,375899636,389957400,1980384,0.5,1267872,14179688,22296700,5.53,6424900,9895168,296,900780,1530968,9744,10724,269068
2024-01-20T01:04:16,375884076,389942056,1995828,0.51,1267880,14179852,22296700,5.53,6425044,9895928,1408,901524,1530912,9744,10720,269036
2024-01-20T01:04:21,375898392,389956592,1981192,0.5,1267884,14180040,22296700,5.53,6425240,9896696,296,902336,1531040,9744,10724,269084
2024-01-20T01:04:26,375919396,389977980,1959944,0.5,1267892,14180328,22296700,5.53,6425396,9897664,1136,903152,1530988,9760,10724,269132
2024-01-20T01:04:31,375917704,389976504,1961388,0.5,1267896,14180500,22296700,5.53,6425576,9898756,244,904204,1531060,9760,10728,269116
2024-01-20T01:04:36,375939208,389998304,1939580,0.49,1267908,14180684,22296700,5.53,6425764,9899648,1328,905164,1531168,9760,10728,269116
2024-01-20T01:04:41,375938612,389998004,1940000,0.49,1267912,14180984,22296700,5.53,6425932,9900912,228,906272,1531040,9760,10728,269084
2024-01-20T01:04:46,375928944,389988444,1949108,0.49,1267912,14181172,22296700,5.53,6426108,9902068,1348,907440,1531412,9760,10732,269052
2024-01-20T01:04:51,375926432,389986184,1951580,0.49,1267912,14181332,22296700,5.53,6426264,9903392,368,908796,1531292,9776,10792,269036
2024-01-20T01:04:56,375919504,389979556,1958272,0.5,1267912,14181632,22296700,5.53,6426424,9904568,1336,909756,1531228,9760,10720,269116
2024-01-20T01:05:01,375918068,389978424,1959396,0.5,1267912,14181816,22296700,5.53,6426596,9905748,188,910972,1531356,9760,10720,269084
2024-01-20T01:05:06,375908116,389968684,1968736,0.5,1267916,14181984,22296700,5.53,6426776,9906788,1132,911996,1531796,9760,10728,269052
2024-01-20T01:05:11,375907704,389968484,1968988,0.5,1267924,14182176,22296700,5.53,6426968,9908148,220,913316,1531756,9760,10728,269100
2024-01-20T01:05:16,375902776,389963916,1973636,0.5,1267932,14182484,22296700,5.53,6427148,9909256,1160,914312,1531720,9760,10724,269036
2024-01-20T01:05:21,375902892,389964112,1973384,0.5,1267940,14182648,22296700,5.53,6427312,9910208,168,915216,1531684,9728,10660,269052
2024-01-20T01:05:26,375890604,389952076,1985564,0.5,1267940,14182820,22296700,5.53,6427460,9911336,1212,916300,1531620,9760,10724,269036
2024-01-20T01:05:31,375890616,389952232,1985368,0.5,1267952,14182968,22296700,5.53,6427616,9912044,160,917068,1531644,9760,10760,269052
2024-01-20T01:05:36,375894696,389956760,1980976,0.5,1267960,14183296,22296700,5.53,6427816,9913160,1148,918024,1531620,9760,10720,268988
2024-01-20T01:05:41,375893620,389955864,1981856,0.5,1267964,14183468,22296700,5.53,6427996,9914228,204,919176,1531640,9808,10780,269004
2024-01-20T01:05:46,375893976,389956444,1981304,0.5,1267972,14183640,22295916,5.53,6428156,9914888,36,919644,1531656,9712,10648,268956
2024-01-20T01:05:51,375886256,389949616,1987780,0.5,1267972,14184456,22301104,5.53,6428328,9919140,1488,923456,1532084,9824,10900,269044
2024-01-20T01:05:56,375884880,389948440,1989292,0.5,1267976,14184616,22296700,5.53,6428496,9918232,444,922456,1531784,9776,10772,269020
2024-01-20T01:06:01,375876360,389940396,1997284,0.51,1267984,14185004,22297552,5.53,6428644,9919280,1312,923268,1531916,9760,10736,269036
2024-01-20T01:06:06,375875204,389939504,1998212,0.51,1267988,14185148,22296700,5.53,6428792,9920212,384,924156,1531996,9696,10708,269004
2024-01-20T01:06:11,375870684,389935252,2002420,0.51,1267992,14185348,22296700,5.53,6428996,9921540,1252,925532,1532104,9696,10740,269004
2024-01-20T01:06:16,375869752,389934508,2003148,0.51,1268008,14185512,22296700,5.53,6429172,9922628,344,926716,1532128,9696,10740,269004
2024-01-20T01:06:21,375860612,389925644,2011984,0.51,1268016,14185728,22296700,5.53,6429388,9924140,1304,928124,1532208,9712,10728,269068
2024-01-20T01:06:26,375859404,389924652,2013028,0.51,1268024,14185876,22296700,5.53,6429540,9925120,372,929080,1532216,9728,10756,269068
2024-01-20T01:06:31,375858364,389924080,2013808,0.51,1268032,14186268,22296700,5.53,6429680,9926208,1256,929936,1532076,9712,10756,269052
2024-01-20T01:06:36,375858604,389924652,2013416,0.51,1268032,14186552,22296700,5.53,6429828,9927232,376,930832,1531944,9712,10752,269020
2024-01-20T01:06:41,375855508,389922024,2016036,0.51,1268036,14186868,22296700,5.53,6430004,9928544,1308,931964,1532100,9712,10752,269052
2024-01-20T01:06:46,375854420,389921168,2016988,0.51,1268044,14187036,22296700,5.53,6430168,9929664,368,933168,1532060,9728,10752,269068
2024-01-20T01:06:51,375839096,389906104,2031800,0.51,1268052,14187236,22296700,5.53,6430364,9930828,1108,934216,1532364,9712,10756,269004
2024-01-20T01:06:56,375837440,389904628,2033268,0.51,1268056,14187408,22296700,5.53,6430540,9932000,276,935416,1532376,9712,10756,269020
2024-01-20T01:07:01,375846188,389913608,2024412,0.51,1268064,14187700,22296700,5.53,6430696,9932968,1152,936220,1532184,9712,10752,269100
2024-01-20T01:07:06,375844640,389912280,2025780,0.51,1268068,14187864,22296700,5.53,6430860,9933888,324,937232,1532196,9744,10780,269084
2024-01-20T01:07:11,375844808,389912764,2025268,0.51,1268072,14188168,22296700,5.53,6431036,9935012,1152,938184,1532232,9744,10748,269036
2024-01-20T01:07:16,375841580,389909768,2028320,0.51,1268076,14188348,22296700,5.53,6431208,9936152,164,939340,1532224,9760,10748,269068
2024-01-20T01:07:21,375832436,389900900,2037176,0.52,1268080,14188568,22296700,5.53,6431412,9937796,1132,940888,1532288,9728,10756,268972
2024-01-20T01:07:26,375828564,389897300,2040864,0.52,1268092,14188740,22296700,5.53,6431600,9938660,0,941824,1532288,9696,10708,268972
2024-01-20T01:07:31,375829096,389897996,2040000,0.52,1268100,14188892,22299820,5.53,6431764,9941292,8,944476,1532460,9744,10832,269012
2024-01-20T01:07:36,375817432,389886720,2051380,0.52,1268112,14189196,22296700,5.53,6431948,9940644,1552,943652,1532428,9728,10748,269052
2024-01-20T01:07:41,375818712,389888256,2049860,0.52,1268112,14189376,22296700,5.53,6432132,9941616,268,944588,1532488,9728,10752,269020
2024-01-20T01:07:46,375813216,389883280,2054980,0.52,1268116,14189820,22296700,5.53,6432312,9942844,1404,945600,1532416,9728,10752,269036
2024-01-20T01:07:51,375813812,389884120,2054204,0.52,1268120,14190016,22296700,5.53,6432508,9943948,272,946660,1532396,9760,10816,269036
2024-01-20T01:07:56,375809400,389880120,2058184,0.52,1268120,14190332,22296700,5.53,6432688,9945004,1304,947588,1532512,9744,10756,269068
2024-01-20T01:08:01,375808312,389879244,2059180,0.52,1268124,14190508,22296700,5.53,6432860,9945992,264,948552,1532424,9728,10748,269116
2024-01-20T01:08:06,375817736,389888860,2049672,0.52,1268128,14190680,22296700,5.53,6433024,9946868,1480,949428,1532332,9744,10752,269100
2024-01-20T01:08:11,375818192,389889536,2048964,0.52,1268132,14190852,22296700,5.53,6433204,9947864,252,950392,1532408,9728,10752,269052
2024-01-20T01:08:16,375821516,389893140,2045296,0.52,1268132,14191184,22296700,5.53,6433404,9948996,1456,951420,1532420,9744,10764,269020
2024-01-20T01:08:21,375830588,389902476,2035748,0.52,1268136,14191376,22296700,5.53,6433588,9949996,252,952396,1532700,9728,10764,269020
2024-01-20T01:08:26,375827736,389899888,2038152,0.52,1268148,14191560,22296700,5.53,6433756,9951012,1444,953404,1532952,9728,10764,269068
2024-01-20T01:08:31,375828340,389900696,2037404,0.52,1268152,14191716,22296700,5.53,6433916,9951984,240,954296,1532936,9712,10768,269036
2024-01-20T01:08:36,375821488,389894124,2043740,0.52,1268156,14191896,22296700,5.53,6434096,9952872,1312,955232,1533268,9728,10760,269100
2024-01-20T01:08:41,375837028,389909836,2028064,0.51,1268160,14192060,22296700,5.53,6434264,9953740,224,956080,1533236,9744,10764,269084
2024-01-20T01:08:46,375839816,389913032,2024764,0.51,1268160,14192456,22296700,5.53,6434448,9955028,1276,957196,1533352,9744,10768,269116
2024-01-20T01:08:51,375838824,389912408,2025456,0.51,1268164,14192760,22296700,5.53,6434624,9956132,188,958112,1533344,9744,10768,269116
2024-01-20T01:08:56,375832316,389906256,2031444,0.51,1268164,14193088,22296700,5.53,6434800,9957280,1300,959184,1533536,9760,10772,269132
2024-01-20T01:09:01,375838988,389913168,2024560,0.51,1268172,14193264,22296700,5.53,6434988,9958304,164,960208,1533564,9744,10772,269052
2024-01-20T01:09:06,375829444,389903916,2033772,0.52,1268180,14193464,22296700,5.53,6435188,9959296,1300,961156,1533688,9744,10772,269020
2024-01-20T01:09:11,375828192,389902936,2034892,0.52,1268192,14193640,22296700,5.53,6435384,9960292,156,962140,1533632,9744,10768,269100
2024-01-20T01:09:16,375828252,389903204,2034528,0.52,1268196,14193808,22295916,5.53,6435552,9961012,348,962932,1533764,9712,10732,269020
2024-01-20T01:09:21,375828356,389903732,2033676,0.52,1268196,14194108,22296700,5.53,6435712,9962260,476,963956,1534212,9744,10768,269052
2024-01-20T01:09:26,375828252,389903844,2033500,0.51,1268196,14194296,22296700,5.53,6435884,9963152,368,964944,1534304,9728,10768,269068
2024-01-20T01:09:31,375823784,389899972,2037148,0.52,1268200,14194860,22296700,5.53,6436068,9964488,1588,965908,1534556,9744,10772,269132
2024-01-20T01:09:36,375823928,389900340,2036744,0.52,1268204,14195036,22296700,5.53,6436240,9965504,408,966824,1534636,9728,10800,269084
2024-01-20T01:09:41,375815440,389892168,2044908,0.52,1268212,14195228,22296700,5.53,6436428,9966560,1388,967836,1534760,9744,10776,269036
2024-01-20T01:09:46,375830352,389907248,2029904,0.51,1268212,14195404,22296700,5.53,6436604,9967444,252,968780,1534676,9760,10768,269020
2024-01-20T01:09:51,375853696,389930820,2006196,0.51,1268220,14195572,22296700,5.53,6436768,9968328,1260,969668,1534864,9744,10768,269068
2024-01-20T01:09:56,375854000,389931352,2005640,0.51,1268224,14195772,22296700,5.53,6436960,9969212,396,970456,1534912,9744,10728,269004
2024-01-20T01:10:01,375844836,389922532,2014816,0.51,1268236,14196040,22296700,5.53,6437168,9970532,1296,971784,1534620,9760,10776,269052
2024-01-20T01:10:06,375843196,389921212,2016204,0.51,1268240,14196340,22296700,5.53,6437356,9971548,488,972680,1534568,9792,10772,269004
2024-01-20T01:10:11,375875192,389953860,1983500,0.5,1268244,14196856,22296700,5.53,6437544,9972816,1292,973712,1534756,9776,10784,269164
2024-01-20T01:10:16,375871120,389950220,1987132,0.5,1268248,14197176,22296700,5.53,6437744,9974140,324,974792,1534872,9728,10752,269132
2024-01-20T01:10:21,375859152,389938660,1998740,0.51,1268248,14197488,22296700,5.53,6437920,9975244,1224,975748,1534920,9792,10784,269084
2024-01-20T01:10:26,375858144,389937908,1999512,0.51,1268256,14197672,22296700,5.53,6438112,9976216,268,976732,1534964,9792,10780,269068
2024-01-20T01:10:31,375860680,389940812,1996548,0.51,1268264,14197984,22296700,5.53,6438284,9977332,1096,977676,1535072,9808,10780,269052
2024-01-20T01:10:36,375875160,389955488,1982112,0.5,1268272,14198156,22296700,5.53,6438472,9978316,180,978692,1534848,9840,10800,269116
2024-01-20T01:10:41,375868720,389949336,1988180,0.5,1268280,14198372,22296700,5.53,6438680,9979328,1124,979716,1534996,9808,10780,269100
2024-01-20T01:10:46,375870728,389951580,1985992,0.5,1268288,14198564,22296700,5.53,6438876,9980392,188,980728,1534976,9792,10780,269084
2024-01-20T01:10:51,375861556,389942684,1994816,0.51,1268296,14198848,22296700,5.53,6439028,9981272,1100,981472,1535032,9792,10784,269100
2024-01-20T01:10:56,375862224,389943592,1993948,0.5,1268304,14199040,22296700,5.53,6439220,9982800,184,983024,1535032,9792,10784,269084
2024-01-20T01:11:01,375860192,389941820,1995728,0.51,1268308,14199232,22295916,5.53,6439400,9983636,496,983852,1535088,9760,10712,269036
2024-01-20T01:11:06,375857600,389939644,1997636,0.51,1268316,14199548,22296700,5.53,6439572,9985172,1348,985228,1535448,9792,10780,269116
2024-01-20T01:11:11,375855032,389937488,1999800,0.51,1268316,14199856,22301104,5.53,6439772,9988608,392,988664,1535544,9840,10888,269172
2024-01-20T01:11:16,375858816,389941720,1995492,0.51,1268328,14200160,22296700,5.53,6439944,9987384,444,987204,1535752,9808,10780,269116
2024-01-20T01:11:21,375874420,389957496,1979728,0.5,1268332,14200340,22296700,5.53,6440112,9988192,268,987996,1535728,9808,10776,269164
2024-01-20T01:11:26,375864860,389948288,1989216,0.5,1268332,14200644,22296700,5.53,6440288,9989168,1352,988808,1535496,9824,10784,269148
2024-01-20T01:11:31,375863440,389947032,1990432,0.5,1268332,14200840,22296700,5.53,6440476,9990076,304,989780,1535504,9840,10780,269164
2024-01-20T01:11:36,375854488,389938324,1999288,0.51,1268340,14201036,22296700,5.53,6440676,9991008,1308,990620,1535396,9824,10780,269132
2024-01-20T01:11:41,375853140,389937172,2000472,0.51,1268344,14201232,22296700,5.53,6440860,9991904,288,991536,1535360,9824,10780,269116
2024-01-20T01:11:46,375847708,389932160,2005580,0.51,1268348,14201624,22296700,5.53,6441056,9992944,1400,992448,1535288,9824,10776,269212
2024-01-20T01:11:51,375848208,389933044,2004604,0.51,1268356,14201924,22296700,5.53,6441228,9993992,244,993280,1535456,9824,10780,269196
2024-01-20T01:11:56,375840036,389925188,2012368,0.51,1268356,14202112,22296700,5.53,6441436,9994844,1384,994152,1535676,9824,10780,269132
2024-01-20T01:12:01,375839412,389924832,2012756,0.51,1268360,14202288,22296700,5.53,6441596,9995672,252,994948,1535732,9824,10748,269132
2024-01-20T01:12:06,375828240,389914064,2023652,0.51,1268368,14202628,22296700,5.53,6441824,9996924,1240,996040,1535660,9840,10788,269132
2024-01-20T01:12:11,375827708,389913720,2023964,0.51,1268372,14202788,22296700,5.53,6441988,9997728,268,996904,1535716,9840,10792,269148
2024-01-20T01:12:16,375819172,389905808,2031840,0.51,1268376,14203208,22296700,5.53,6442148,9998752,416,997696,1535952,9840,10788,269164
2024-01-20T01:12:21,375819104,389906140,2031492,0.51,1268376,14203512,22296700,5.53,6442320,9999836,168,998732,1536064,9840,10784,269116
2024-01-20T01:12:26,375823808,389911064,2026396,0.51,1268376,14203720,22296700,5.53,6442512,10001256,1248,1000000,1536248,9840,10784,269116
2024-01-20T01:12:31,375823660,389911084,2026368,0.51,1268376,14203888,22296700,5.53,6442688,10002116,16,1000932,1536256,9840,10788,269148
2024-01-20T01:12:36,375816668,389904512,2032712,0.51,1268376,14204228,22296700,5.53,6442872,10003360,468,1001904,1536564,9856,10784,269212
2024-01-20T01:12:41,375815212,389903324,2033908,0.52,1268376,14204400,22296700,5.53,6443068,10003780,4,1002904,1536652,9856,10784,269196
2024-01-20T01:12:46,375816076,389904428,2032788,0.51,1268376,14204576,22295916,5.53,6443228,10004944,12,1003476,1536732,9840,10720,269164
2024-01-20T01:12:51,375807140,389895804,2041008,0.52,1268380,14204736,22296700,5.53,6443372,10005804,1316,1004392,1537284,9872,10784,269228
2024-01-20T01:12:56,375805736,389894604,2042232,0.52,1268388,14204888,22296700,5.53,6443552,10006576,368,1005104,1537304,9872,10784,269196
2024-01-20T01:13:01,375805696,389894888,2042128,0.52,1268396,14205224,22296700,5.53,6443744,10007480,720,1005960,1537104,9888,10784,269164
2024-01-20T01:13:06,375803724,389893132,2043980,0.52,1268400,14205380,22300604,5.53,6443908,10010156,384,1008620,1537064,9920,10908,269172
2024-01-20T01:13:11,375789756,389879428,2057700,0.52,1268400,14205576,22296700,5.53,6444100,10009200,864,1007720,1537116,9888,10788,269196
2024-01-20T01:13:16,375788124,389878192,2058960,0.52,1268404,14205892,22296700,5.53,6444284,10010304,360,1008636,1537168,9888,10788,269164
2024-01-20T01:13:21,375776492,389866800,2070636,0.52,1268412,14206060,22296700,5.53,6444436,10011052,660,1009428,1536948,9904,10784,269228
2024-01-20T01:13:26,375777780,389868240,2069252,0.52,1268416,14206216,22296700,5.53,6444592,10011796,372,1010200,1536884,9920,10820,269212
2024-01-20T01:13:31,375768792,389859648,2077852,0.53,1268424,14206524,22296700,5.53,6444780,10012940,724,1011080,1536956,9904,10784,269276
2024-01-20T01:13:36,375769044,389860092,2077700,0.53,1268428,14206692,22296700,5.53,6444940,10013776,308,1011940,1536684,9904,10780,269260
2024-01-20T01:13:41,375767360,389858792,2078860,0.53,1268428,14207012,22296700,5.53,6445120,10014964,864,1012972,1536888,9904,10800,269244
2024-01-20T01:13:46,375766836,389858532,2079060,0.53,1268436,14207180,22296700,5.53,6445280,10015908,312,1013932,1537036,9904,10828,269212
2024-01-20T01:13:51,375760296,389852664,2084872,0.53,1268444,14207752,22296700,5.53,6445476,10017284,704,1014956,1537184,9888,10796,269228
2024-01-20T01:13:56,375759760,389852304,2085280,0.53,1268452,14207896,22296700,5.53,6445632,10018256,248,1015920,1537160,9888,10796,269244
2024-01-20T01:14:01,375763680,389856568,2080524,0.53,1268456,14208092,22296700,5.53,6445824,10019252,1132,1016852,1537796,9888,10804,269292
2024-01-20T01:14:06,375764700,389857924,2079312,0.53,1268468,14208264,22296700,5.53,6446000,10020036,252,1017608,1537804,9872,10760,269276
2024-01-20T01:14:11,375757028,389850688,2086712,0.53,1268476,14208560,22296700,5.53,6446172,10021044,776,1018484,1537772,9888,10800,269260
2024-01-20T01:14:16,375757152,389850996,2086432,0.53,1268480,14208740,22296700,5.53,6446344,10021808,172,1019264,1537744,9888,10796,269228
2024-01-20T01:14:21,375761244,389855296,2082264,0.53,1268484,14208904,22296700,5.53,6446500,10022932,1140,1020412,1537652,10000,10828,269244
2024-01-20T01:14:26,375762132,389856464,2081108,0.53,1268488,14209164,22296700,5.53,6446644,10023240,0,1020636,1537656,9888,10764,269276
2024-01-20T01:14:31,375761564,389856144,2081420,0.53,1268492,14209344,22295916,5.53,6446832,10023952,420,1021264,1537728,9856,10732,269196
2024-01-20T01:14:36,375764188,389859136,2078160,0.53,1268496,14209664,22296700,5.53,6447024,10025204,1092,1022328,1538040,9888,10800,269180
2024-01-20T01:14:41,375792416,389887568,2049720,0.52,1268500,14209848,22296700,5.53,6447192,10026268,244,1023532,1538064,9888,10796,269196
2024-01-20T01:14:46,375780796,389876668,2060700,0.52,1268508,14210420,22296700,5.53,6447376,10027540,1392,1024340,1538124,9888,10800,269212
2024-01-20T01:14:51,375779568,389875728,2061640,0.52,1268512,14210584,22296700,5.53,6447548,10028496,292,1025264,1538244,9872,10796,269196
2024-01-20T01:14:56,375768604,389865096,2071988,0.52,1268520,14210880,22296700,5.53,6447712,10029220,1284,1025964,1538556,9872,10800,269148
2024-01-20T01:15:01,375765688,389862468,2074804,0.53,1268520,14211052,22296700,5.53,6447876,10030276,260,1026924,1538484,9872,10804,269196
2024-01-20T01:15:06,375766312,389863400,2073916,0.53,1268524,14211344,22296700,5.53,6448048,10031276,1376,1027780,1538452,9856,10800,269180
2024-01-20T01:15:11,375795488,389892760,2044704,0.52,1268524,14211528,20046208,4.97,6448220,9991404,244,987892,1538304,9824,10212,269164
2024-01-20T01:15:16,376077580,390176516,1762448,0.45,1268528,14213196,4292764,1.06,6448304,9698736,1368,693672,1536796,9728,6064,269068
2024-01-20T01:15:21,376095096,390194048,1743792,0.44,1268532,14213200,4292764,1.06,6448308,9698808,252,693680,1537928,9712,6056,269100
2024-01-20T01:15:26,376116804,390215952,1721808,0.44,1268532,14213348,4292764,1.06,6448316,9698908,1412,693672,1538056,9712,6060,269020
2024-01-20T01:15:31,376118116,390217276,1720492,0.44,1268532,14213352,4292764,1.06,6448316,9698984,220,693672,1538056,9696,6064,269052
2024-01-20T01:15:36,376113584,390212792,1725092,0.44,1268540,14213404,4296668,1.07,6448328,9700796,1340,695548,1537928,9728,6172,269044
2024-01-20T01:15:41,376114888,390213492,1724320,0.44,1268544,14212804,4292764,1.06,6448332,9698428,272,693672,1537992,9680,6068,269004
2024-01-20T01:15:46,376109848,390207760,1729940,0.44,1268552,14212144,4297168,1.07,6448344,9699928,1300,695908,1538064,9712,6180,269044
2024-01-20T01:15:51,376112924,390210032,1727696,0.44,1268560,14211280,4292764,1.06,6448048,9697208,264,693672,1538088,9680,6076,269020
2024-01-20T01:15:56,376107184,390203992,1733680,0.44,1268568,14210948,4292764,1.06,6448056,9696876,1244,693668,1538168,9680,6064,269036
2024-01-20T01:16:01,376110160,390206472,1731192,0.44,1268572,14210440,4292764,1.06,6448064,9696336,164,693672,1538184,9680,6064,268988
2024-01-20T01:16:06,376108700,390204524,1732932,0.44,1268576,14209852,4292764,1.06,6448064,9695760,1232,693676,1538488,9680,6064,269020
2024-01-20T01:16:11,376112568,390207828,1729572,0.44,1268588,14209284,4292764,1.06,6448084,9695168,152,693672,1538536,9664,6060,269020
2024-01-20T01:16:16,376114340,390208840,1728584,0.44,1268596,14208512,4291980,1.06,6448076,9694208,488,693436,1538516,9648,6000,268924
2024-01-20T01:16:21,376113884,390207960,1729420,0.44,1268600,14208020,4292764,1.06,6448096,9693912,1376,693676,1538624,9664,6068,269004
2024-01-20T01:16:26,376115276,390208964,1728336,0.44,1268604,14207628,4297036,1.07,6448108,9695808,468,696044,1538704,9712,6236,269012
2024-01-20T01:16:31,376113264,390206564,1730832,0.44,1268616,14207224,4292764,1.06,6448120,9693112,1440,693672,1538612,9648,6072,269036
2024-01-20T01:16:36,376114908,390207676,1729696,0.44,1268624,14206692,4292764,1.06,6448124,9692576,336,693672,1538628,9632,6064,269004
2024-01-20T01:16:41,376112820,390204788,1732688,0.44,1268632,14205964,4292764,1.06,6448136,9691900,1276,693676,1538444,9664,6064,269036
2024-01-20T01:16:46,376112168,390203436,1733948,0.44,1268640,14205284,4292764,1.06,6448136,9691164,380,693680,1538508,9632,6060,268972
2024-01-20T01:16:51,376120792,390211756,1725764,0.44,1268648,14205052,4292764,1.06,6448156,9690980,1340,693672,1538292,9664,6064,268940
2024-01-20T01:16:56,376121504,390211960,1725560,0.44,1268652,14204536,4292764,1.06,6448156,9690448,348,693644,1538296,9648,6052,268956
2024-01-20T01:17:01,376114524,390204572,1732704,0.44,1268660,14204108,4292764,1.06,6448168,9689996,1400,693680,1538552,9680,6064,268972
2024-01-20T01:17:06,376115144,390204780,1732516,0.44,1268664,14203688,4292764,1.06,6448176,9689588,348,693676,1538536,9696,6072,268972
2024-01-20T01:17:11,376122744,390211968,1725668,0.44,1268668,14203264,4292764,1.06,6448176,9689144,1428,693680,1538204,9696,6060,269020
2024-01-20T01:17:16,376124048,390212832,1724824,0.44,1268672,14202828,4292764,1.06,6448180,9688720,412,693700,1538176,9712,6096,268988
2024-01-20T01:17:21,376116928,390205080,1732460,0.44,1268680,14202348,4292764,1.06,6448196,9687964,1208,693464,1538132,9664,6060,269020
2024-01-20T01:17:26,376114652,390202156,1735380,0.44,1268692,14201744,4292764,1.06,6448208,9687396,280,693468,1538080,9664,6068,269020
2024-01-20T01:17:31,376122756,390209656,1727916,0.44,1268692,14201264,4292764,1.06,6448208,9686888,1176,693464,1537920,9664,6068,268988
2024-01-20T01:17:36,376123504,390210052,1727592,0.44,1268692,14200876,4292764,1.06,6448212,9686536,284,693468,1537884,9648,6068,269020
2024-01-20T01:17:41,376125296,390211544,1726036,0.44,1268696,14200668,4292764,1.06,6448212,9686336,1088,693464,1537852,9648,6068,269068
2024-01-20T01:17:46,376125188,390210916,1726572,0.44,1268696,14200128,4292764,1.06,6448216,9685772,248,693464,1537964,9648,6068,269020
2024-01-20T01:17:51,376137668,390222808,1715092,0.43,1268700,14199600,4292764,1.06,6448220,9685188,1112,693468,1537488,9616,6076,268956
2024-01-20T01:17:56,376153112,390237368,1700540,0.43,1268704,14198780,4292764,1.06,6448228,9684432,156,693464,1537412,9616,6072,269004
2024-01-20T01:18:01,376151744,390235284,1702668,0.43,1268708,14198124,4291980,1.06,6448228,9683572,12,693228,1537304,9584,6008,268924
2024-01-20T01:18:06,376145800,390229096,1708744,0.43,1268712,14197840,4292764,1.06,6448240,9683504,1368,693472,1537452,9616,6084,268972
2024-01-20T01:18:11,376145128,390227836,1709964,0.43,1268716,14197344,4292764,1.06,6448240,9683004,352,693464,1537396,9600,6076,268940
2024-01-20T01:18:16,376135828,390217968,1719952,0.44,1268720,14196860,4292764,1.06,6448252,9682500,1372,693472,1537188,9600,6088,268924
2024-01-20T01:18:21,376135504,390217104,1720776,0.44,1268724,14196360,4292764,1.06,6448256,9682008,316,693472,1537184,9600,6080,268956
2024-01-20T01:18:26,376130204,390211232,1726924,0.44,1268728,14195780,4292764,1.06,6448260,9681436,1388,693472,1536912,9600,6076,268908
2024-01-20T01:18:31,376128856,390209180,1729152,0.44,1268732,14195136,4293020,1.06,6448268,9680876,300,693572,1536672,9600,6084,268940
2024-01-20T01:18:36,376127800,390207596,1730768,0.44,1268736,14194668,4293532,1.06,6448272,9680836,1432,693992,1536576,9600,6080,268940
2024-01-20T01:18:41,376126948,390206196,1732332,0.44,1268736,14194116,4293788,1.06,6448272,9680676,236,694376,1536416,9600,6084,268972
2024-01-20T01:18:46,376120376,390198848,1739972,0.44,1268736,14193532,4294300,1.06,6448272,9680512,1496,694796,1535932,9600,6084,268940
2024-01-20T01:18:51,376121780,390199700,1739148,0.44,1268740,14193016,4294556,1.06,6448280,9680344,248,695164,1535864,9600,6084,268956
2024-01-20T01:18:56,376123840,390201484,1737492,0.44,1268744,14192700,4294812,1.07,6448280,9680372,1520,695496,1535772,9600,6084,268924
2024-01-20T01:19:01,376122992,390199816,1739188,0.44,1268748,14192048,4295324,1.07,6448292,9680172,276,695952,1535572,9584,6096,268908
2024-01-20T01:19:06,376115088,390191244,1747472,0.44,1268752,14191524,4295836,1.07,6448292,9679992,1352,696320,1535712,9616,6084,269004
2024-01-20T01:19:11,376115024,390190388,1748332,0.44,1268752,14190868,4296348,1.07,6448296,9679868,324,696872,1535572,9616,6084,269004
2024-01-20T01:19:16,376113556,390188324,1750348,0.44,1268756,14190360,4296860,1.07,6448304,9679844,1352,697332,1535528,9616,6084,269004
2024-01-20T01:19:21,376113952,390188256,1750356,0.44,1268760,14189892,4297116,1.07,6448300,9679680,152,697680,1535588,9616,6052,268972
2024-01-20T01:19:26,376115604,390189560,1748780,0.44,1268760,14189496,4297372,1.07,6448304,9679832,1360,698180,1535908,9616,6088,268972
2024-01-20T01:19:31,376115744,390188928,1749420,0.44,1268772,14188932,4297884,1.07,6448312,9679648,156,698568,1535680,9616,6088,268956
2024-01-20T01:19:36,376124896,390197652,1740816,0.44,1268780,14188892,4298140,1.07,6448328,9679916,1296,698876,1535164,9616,6088,268988
2024-01-20T01:19:41,376124900,390196432,1742012,0.44,1268788,14188184,4298652,1.07,6448344,9679680,184,699316,1534664,9568,6028,268972
2024-01-20T01:19:46,376124220,390194848,1743704,0.44,1268792,14187616,4298380,1.07,6448344,9679452,268,699644,1534216,9600,6060,268892
2024-01-20T01:19:51,376118152,390188588,1749856,0.44,1268800,14187592,4299420,1.07,6448356,9679916,8,700172,1534148,9616,6100,268908
2024-01-20T01:19:56,376116520,390186296,1752156,0.44,1268804,14187084,4299932,1.07,6448364,9679772,380,700532,1533984,9616,6096,268956
2024-01-20T01:20:01,376115608,390184600,1754024,0.44,1268812,14186448,4300188,1.07,6448372,9679572,1528,701036,1533656,9616,6092,268956
2024-01-20T01:20:06,376116048,390184212,1754480,0.44,1268816,14185844,4300700,1.07,6448372,9679372,408,701352,1533360,9632,6064,268972
2024-01-20T01:20:11,376132464,390200300,1738264,0.44,1268816,14185656,4300956,1.07,6448380,9679536,1388,701732,1533348,9616,6096,268924
2024-01-20T01:20:16,376132176,390199148,1739784,0.44,1268824,14184984,4301468,1.07,6448388,9679392,368,702216,1532780,9600,6096,268908
2024-01-20T01:20:21,376137560,390203748,1735348,0.44,1268824,14184272,4301980,1.07,6448388,9679240,1384,702804,1532544,9616,6100,268940
2024-01-20T01:20:26,376136152,390201168,1738036,0.44,1268828,14183640,4302492,1.07,6448396,9679076,236,703248,1531892,9600,6096,268956
2024-01-20T01:20:31,376127756,390191892,1747280,0.44,1268832,14183236,4303004,1.07,6448400,9679016,1416,703632,1531444,9616,6116,268972
2024-01-20T01:20:36,376125660,390188968,1750184,0.44,1268832,14182824,4303260,1.07,6448400,9678968,432,704016,1531048,9600,6116,268940
2024-01-20T01:20:41,376119764,390182440,1756972,0.44,1268832,14182524,4303516,1.07,6448404,9678952,1384,704316,1530456,9616,6108,268924
2024-01-20T01:20:46,376132340,390193840,1745640,0.44,1268836,14182008,4308300,1.07,6448412,9680932,372,706908,1529724,9648,6220,268932
2024-01-20T01:20:51,376130924,390190656,1748636,0.44,1268840,14181276,4304540,1.07,6448416,9678616,1196,705204,1528872,9632,6108,268972
2024-01-20T01:20:56,376129940,390188672,1750620,0.44,1268848,14180640,4304796,1.07,6448420,9678436,168,705648,1528500,9648,6112,268972
2024-01-20T01:21:01,376126584,390184244,1754952,0.44,1268852,14180180,4309580,1.07,6448432,9680604,1252,708308,1527980,9680,6228,269028
2024-01-20T01:21:06,376125132,390181788,1757468,0.45,1268860,14179584,4305820,1.07,6448432,9678200,188,706496,1527504,9648,6124,268972
2024-01-20T01:21:11,376130796,390186880,1752604,0.44,1268860,14179280,4306076,1.07,6448436,9678220,1100,706816,1527008,9648,6120,269020
2024-01-20T01:21:16,376124752,390182080,1757492,0.45,1268880,14180748,4293788,1.06,6448460,9667556,180,694692,1526676,9632,6072,269036
2024-01-20T01:21:21,376069112,390145348,1793444,0.45,1268880,14199648,4313400,1.07,6448460,9696532,1256,704796,1527464,9648,6152,269036
2024-01-20T01:21:26,376024492,390119064,1820244,0.46,1268888,14217952,4339964,1.08,6448460,9750724,156,740668,1526972,9664,6232,269004
2024-01-20T01:21:31,375914496,390009068,1928156,0.49,1268892,14217996,22771404,5.65,6448588,9902864,520,892488,1529008,9808,11788,269084
2024-01-20T01:21:36,375918292,390013184,1923984,0.49,1268896,14218324,22772188,5.65,6448600,9904324,1372,894072,1529052,9792,11884,269100
2024-01-20T01:21:41,375915940,390010988,1926196,0.49,1268896,14218460,22772188,5.65,6448604,9904872,264,894428,1529056,9776,11880,269068
2024-01-20T01:21:46,375913844,390009196,1928088,0.49,1268908,14218768,22772188,5.65,6448604,9906268,1424,895580,1528940,9776,11884,269084
2024-01-20T01:21:51,375913092,390008636,1928728,0.49,1268916,14218936,22772188,5.65,6448620,9907772,268,896808,1528876,9792,11888,269068
2024-01-20T01:21:56,375899888,389995628,1941328,0.49,1268928,14219128,22776460,5.65,6448632,9911508,1380,900440,1529276,9808,11992,269156
2024-01-20T01:22:01,375896892,389992936,1944036,0.49,1268936,14219424,22776460,5.65,6448644,9912416,476,901016,1529260,9808,12000,269124
2024-01-20T01:22:06,375885440,389981712,1955136,0.5,1268948,14219628,22772188,5.65,6448648,9911260,1600,899668,1529396,9776,11884,269116
2024-01-20T01:22:11,375884752,389981188,1955620,0.5,1268956,14219776,22772188,5.65,6448660,9912408,240,900596,1529444,9776,11852,269116
2024-01-20T01:22:16,375891480,389988216,1948744,0.49,1268968,14220088,22772188,5.65,6448664,9913624,1384,901580,1529268,9776,11888,269116
2024-01-20T01:22:21,375893016,389989940,1947044,0.49,1268976,14220236,22772188,5.65,6448688,9914736,244,902488,1529276,9776,11884,269116
2024-01-20T01:22:26,375884668,389981776,1954864,0.5,1268984,14220416,22772188,5.65,6448696,9916076,1480,903668,1529616,9776,11880,269132
2024-01-20T01:22:31,375894348,389991612,1945208,0.49,1268988,14220564,20468864,5.08,6448708,9897592,304,885016,1529440,9760,11172,269100
2024-01-20T01:22:36,376009012,390106308,1831940,0.46,1268992,14220644,4345596,1.08,6448712,9759104,1420,746468,1527960,9648,6220,269020
2024-01-20T01:22:41,376010956,390107740,1830608,0.46,1269000,14220124,4349500,1.08,6448728,9760336,236,748328,1527860,9680,6344,269028
2024-01-20T01:22:46,376006688,390102980,1835360,0.46,1269004,14219664,4345596,1.08,6448732,9758120,1524,746468,1527832,9664,6220,269036
2024-01-20T01:22:51,376009708,390105492,1832932,0.46,1269012,14219256,4345596,1.08,6448740,9757724,268,746472,1527640,9664,6224,269020
2024-01-20T01:22:56,376000544,390097180,1841232,0.47,1269020,14220276,4349868,1.08,6448740,9760916,1320,748696,1527476,9696,6344,269044
2024-01-20T01:23:01,375998892,390098440,1840008,0.47,1269024,14223140,4349500,1.08,6448756,9763344,292,748332,1527484,9696,6340,269028
2024-01-20T01:23:06,376011836,390113952,1824640,0.46,1269032,14225708,4349500,1.08,6448752,9765888,1332,748332,1527332,9696,6336,269060
2024-01-20T01:23:11,376010796,390115484,1823156,0.46,1269036,14228240,4354140,1.08,6448776,9770764,160,750568,1527320,9728,6444,269068
2024-01-20T01:23:16,376024268,390131628,1807132,0.46,1269044,14230884,4348716,1.08,6448776,9770892,20,748100,1527220,9664,6260,268996
2024-01-20T01:23:21,376016228,390126316,1812264,0.46,1269056,14233592,4349500,1.08,6448780,9773856,1496,748352,1527408,9696,6336,269044
2024-01-20T01:23:26,376016176,390129524,1809072,0.46,1269060,14236808,4345596,1.08,6448796,9775212,564,746468,1527432,9664,6216,268988
2024-01-20T01:23:31,376013944,390129968,1808740,0.46,1269064,14239460,4345596,1.08,6448804,9777908,552,746472,1527340,9664,6216,269004
2024-01-20T01:23:36,376014252,390132740,1805956,0.46,1269072,14241928,4345596,1.08,6448804,9780392,396,746468,1527340,9664,6256,268924
2024-01-20T01:23:41,376009784,390131260,1807460,0.46,1269080,14244876,4345596,1.08,6448820,9783348,508,746452,1527348,9648,6220,268972
2024-01-20T01:23:46,376004704,390129192,1809588,0.46,1269088,14247852,4353772,1.08,6448836,9790256,448,750540,1527316,9712,6460,268988
2024-01-20T01:23:51,375751016,389878552,2058332,0.52,1269096,14251072,52757408,13.08,6449376,10091084,3128,1048584,1529032,9936,16796,269204
2024-01-20T01:23:56,375660028,389787636,2149244,0.54,1269104,14251144,52762192,13.08,6449376,10103484,392,1061016,1529028,9936,16720,269196
2024-01-20T01:24:01,375671512,389799204,2137780,0.54,1269104,14251296,52663800,13.06,6449388,10105816,852,1063252,1528856,9984,16828,269268
2024-01-20T01:24:06,375674592,389802328,2134924,0.54,1269108,14251324,52869868,13.11,6449384,10106344,480,1063856,1528600,9984,16864,269236
2024-01-20T01:24:11,375675336,389803240,2133820,0.54,1269108,14251496,52763464,13.08,6449392,10105560,724,1062744,1528788,9952,16736,269260
2024-01-20T01:24:16,375678164,389806128,2131128,0.54,1269112,14251540,52868168,13.11,6449392,10107392,360,1064456,1528604,9968,16732,269228
2024-01-20T01:24:21,375678736,389806792,2130328,0.54,1269116,14251632,52663184,13.06,6449396,10109304,696,1066312,1528736,9968,16712,269244
2024-01-20T01:24:26,375693964,389822112,2115120,0.54,1269120,14251712,52876640,13.11,6449408,10113648,388,1070428,1528632,10000,16820,269268
2024-01-20T01:24:31,375703100,389831476,2105536,0.53,1269128,14251936,52880676,13.11,6449412,10115664,908,1072432,1528848,10000,16824,269268
2024-01-20T01:24:36,375712540,389841004,2096004,0.53,1269136,14252020,52571576,13.04,6449420,10116492,408,1073108,1528848,10016,16848,269228
2024-01-20T01:24:41,375754964,389883608,2053204,0.52,1269148,14252232,52784816,13.09,6449416,10119636,812,1076068,1529000,9984,16736,269276
2024-01-20T01:24:46,375764892,389893616,2043320,0.52,1269156,14252292,52482648,13.02,6449436,10123720,208,1080092,1528888,9984,16764,269292
2024-01-20T01:24:51,375761752,389890548,2046312,0.52,1269160,14252364,53001500,13.14,6449448,10125480,680,1081728,1528960,9984,16740,269292
2024-01-20T01:24:56,375764808,389893664,2043192,0.52,1269164,14252420,52903044,13.12,6449460,10128468,48,1084652,1528964,10000,16900,269284
2024-01-20T01:25:01,375763448,389892360,2044568,0.52,1269172,14252460,53012152,13.15,6449456,10129672,540,1085828,1528900,10016,16892,269244
2024-01-20T01:25:06,375773992,389903108,2033756,0.52,1269176,14252660,52902168,13.12,6449468,10127336,1352,1083332,1528964,9984,16752,269276
2024-01-20T01:25:11,375771820,389901000,2035856,0.52,1269184,14252740,52808932,13.1,6449476,10131232,428,1087172,1528948,10016,16884,269300
2024-01-20T01:25:16,375766332,389895740,2041096,0.52,1269192,14252932,52598740,13.04,6449492,10129288,1528,1084944,1528996,9984,16748,269244
2024-01-20T01:25:21,375767480,389896952,2039896,0.52,1269192,14252996,52913476,13.12,6449492,10131652,340,1087276,1528984,9984,16768,269244
2024-01-20T01:25:26,375763576,389893132,2043716,0.52,1269192,14253080,52613476,13.05,6449500,10136172,1208,1091732,1528984,10016,16904,269300
2024-01-20T01:25:31,375765332,389894948,2041932,0.52,1269192,14253156,52824416,13.1,6449496,10137516,264,1092940,1528936,9984,16788,269260
2024-01-20T01:25:36,375760716,389890144,2046744,0.52,1269200,14253260,52728508,13.08,6449508,10141848,1432,1097324,1528628,10000,16956,269284
2024-01-20T01:25:41,375765528,389895248,2041788,0.52,1269204,14253548,52823996,13.1,6449568,10136116,376,1091260,1528480,9968,16808,269308
2024-01-20T01:25:46,375745904,389875976,2061004,0.52,1269204,14253900,53035116,13.15,6449568,10139676,1092,1094984,1528536,9968,16808,269316
2024-01-20T01:25:51,375771348,389902164,2034828,0.52,1269204,14254648,49324628,12.23,6449576,10104736,356,1058860,1528520,10064,16500,269364
2024-01-20T01:25:56,375725656,389856036,2080684,0.53,1269216,14254188,52854088,13.11,6449628,10136880,1416,1091980,1528804,9968,16880,269300
2024-01-20T01:26:01,375732960,389863416,2073396,0.53,1269224,14254260,52815864,13.1,6449636,10135156,412,1089704,1528708,9984,16792,269260
2024-01-20T01:26:06,375718132,389849060,2087580,0.53,1269232,14254728,52807944,13.1,6449708,10131800,1676,1085920,1528876,9984,16860,269332
2024-01-20T01:26:11,375703676,389834688,2101996,0.53,1269236,14254800,52806420,13.1,6449708,10132508,392,1086552,1528840,9968,16824,269308
2024-01-20T01:26:16,375686984,389818228,2117984,0.54,1269244,14255004,52805076,13.09,6449792,10132328,1684,1086280,1529332,10016,17032,269372
2024-01-20T01:26:21,375666632,389798220,2138304,0.54,1269256,14255344,52789280,13.09,6449836,10124752,528,1078532,1529012,9952,16764,269292
2024-01-20T01:26:26,375643324,389775120,2161548,0.55,1269264,14255556,52778740,13.09,6449904,10120284,1400,1073660,1528856,9952,16724,269260
2024-01-20T01:26:31,375646028,389778008,2158704,0.55,1269276,14255736,52878656,13.11,6449964,10120160,348,1073504,1528804,9952,16752,269212
2024-01-20T01:26:36,375637260,389769492,2167208,0.55,1269280,14256028,52663696,13.06,6450036,10116116,1580,1069244,1528772,9936,16704,269276
2024-01-20T01:26:41,375645448,389777728,2159120,0.55,1269292,14256080,52672752,13.06,6450044,10122112,176,1075196,1528608,9968,16808,269252
2024-01-20T01:26:46,375649232,389781592,2155284,0.55,1269300,14256124,52776140,13.09,6450060,10123016,72,1075956,1528608,9936,16756,269236
2024-01-20T01:26:51,375649860,389782280,2154380,0.55,1269312,14256200,52884944,13.11,6450076,10125820,1580,1078912,1528796,10000,16940,269308
2024-01-20T01:26:56,375660652,389793136,2143584,0.54,1269320,14256268,52572272,13.04,6450088,10125132,552,1077920,1528724,9936,16724,269228
2024-01-20T01:27:01,375667936,389800544,2136228,0.54,1269324,14256400,52894480,13.12,6450096,10132540,1504,1085408,1528660,10016,16988,269292
2024-01-20T01:27:06,375682392,389815240,2121552,0.54,1269332,14256608,53094940,13.17,6450112,10129584,556,1082020,1528664,9984,16748,269292
2024-01-20T01:27:11,375675208,389808228,2128124,0.54,1269340,14256820,52788924,13.09,6450112,10132692,1524,1084980,1529056,10000,16892,269260
2024-01-20T01:27:16,375687684,389820792,2115532,0.54,1269344,14256884,52902340,13.12,6450128,10136488,408,1088768,1529104,10032,16976,269340
2024-01-20T01:27:21,375682304,389815528,2120688,0.54,1269352,14257008,52906964,13.12,6450132,10139900,1508,1092092,1529196,10016,17000,269292
2024-01-20T01:27:26,375683920,389817376,2118908,0.54,1269360,14257220,53109520,13.17,6450140,10138304,364,1090176,1529140,9968,16784,269164
2024-01-20T01:27:31,375679296,389813076,2123204,0.54,1269368,14257544,53011352,13.15,6450144,10140084,1408,1091660,1529136,9952,16772,269244
2024-01-20T01:27:36,375652288,389786144,2150280,0.54,1269376,14257604,52899024,13.12,6450152,10171260,304,1122740,1529000,9952,16760,269276
2024-01-20T01:27:41,375688180,389822124,2114656,0.54,1269376,14257688,52818892,13.1,6450164,10145392,1312,1096804,1528648,9952,16784,269244
2024-01-20T01:27:46,375689624,389823748,2113128,0.54,1269380,14257876,52720204,13.07,6450164,10147756,468,1099104,1528540,9936,16848,269268
2024-01-20T01:27:51,375688312,389822536,2114504,0.54,1269384,14257968,53133696,13.18,6450176,10149084,1512,1100288,1528380,9984,16896,269228
2024-01-20T01:27:56,375697008,389831320,2105780,0.53,1269392,14258044,52829112,13.1,6450176,10150940,296,1102172,1528324,9968,16868,269212
2024-01-20T01:28:01,375710844,389845428,2091432,0.53,1269400,14258264,52726492,13.08,6450196,10151464,1356,1102368,1528608,9968,16856,269228
2024-01-20T01:28:06,375713900,389848560,2088380,0.53,1269404,14258352,53138332,13.18,6450188,10150600,304,1101344,1528512,9968,16788,269212
2024-01-20T01:28:11,375694664,389830212,2106500,0.53,1269408,14259248,52827164,13.1,6450256,10149528,1864,1099480,1528728,10000,16948,269252
2024-01-20T01:28:16,375687640,389822700,2114292,0.54,1269412,14258792,52914096,13.12,6450316,10139652,292,1090108,1528412,9968,16780,269228
2024-01-20T01:28:21,375694112,389829432,2107620,0.53,1269412,14259048,52803184,13.09,6450372,10136244,996,1086472,1528356,10048,16780,269252
2024-01-20T01:28:26,375686428,389821904,2115212,0.54,1269420,14259196,52806476,13.1,6450380,10139920,196,1090108,1528292,9968,16872,269244
2024-01-20T01:28:31,375680996,389816572,2120620,0.54,1269424,14259280,52912076,13.12,6450384,10141920,0,1091960,1528228,9936,16696,269180
2024-01-20T01:28:36,375675104,389811284,2125948,0.54,1269436,14259884,52680780,13.06,6450564,10125888,1560,1075624,1528176,10016,16872,269236
2024-01-20T01:28:41,375662164,389798432,2138920,0.54,1269444,14259952,52886148,13.12,6450584,10129368,700,1078860,1528068,9984,16736,269212
2024-01-20T01:28:46,375657824,389794324,2142844,0.54,1269456,14260148,52884228,13.11,6450660,10126604,1396,1076068,1528276,10016,16816,269252
2024-01-20T01:28:51,375648564,389785116,2152080,0.55,1269464,14260196,52782860,13.09,6450660,10129320,456,1078736,1528244,10016,16836,269220
2024-01-20T01:28:56,375654236,389791024,2146148,0.54,1269472,14260400,52676144,13.06,6450664,10127764,1444,1076968,1528292,10000,16736,269260
2024-01-20T01:29:01,375657792,389794660,2142548,0.54,1269476,14260456,52608552,13.05,6450676,10129504,332,1078568,1528276,10000,16720,269276
2024-01-20T01:29:06,375665616,389802628,2134512,0.54,1269484,14260544,52786652,13.09,6450680,10133200,1284,1082140,1528392,10000,16728,269276
2024-01-20T01:29:11,375669908,389807124,2129996,0.54,1269484,14260744,53202936,13.19,6450688,10135300,264,1084076,1528416,10032,16816,269300
2024-01-20T01:29:16,375673724,389811060,2126108,0.54,1269496,14260828,52890680,13.12,6450692,10134688,1416,1083416,1528392,10016,16744,269292
2024-01-20T01:29:21,375679960,389817384,2119800,0.54,1269496,14260908,52803244,13.09,6450708,10141696,376,1090452,1528384,10048,16928,269292
2024-01-20T01:29:26,375669848,389807484,2129496,0.54,1269500,14261136,52804088,13.09,6450704,10142480,1520,1090940,1528568,10016,16768,269324
2024-01-20T01:29:31,375703736,389841564,2095412,0.53,1269508,14261312,52902132,13.12,6450784,10139432,760,1087784,1528580,10080,17016,269356
2024-01-20T01:29:36,375680712,389818668,2118284,0.54,1269520,14261400,52794248,13.09,6450776,10137152,1420,1085316,1528632,9968,16716,269228
2024-01-20T01:29:41,375681216,389819372,2117756,0.54,1269524,14261588,52897380,13.12,6450792,10137928,336,1085892,1528464,9968,16740,269228
2024-01-20T01:29:46,375671660,389809920,2127032,0.54,1269524,14261648,52906476,13.12,6450792,10142044,1336,1089952,1528684,9968,16760,269308
2024-01-20T01:29:51,375675720,389814044,2122896,0.54,1269524,14261716,53009436,13.15,6450792,10141644,352,1089452,1528692,9968,16736,269260
2024-01-20T01:29:56,375693980,389832676,2104356,0.53,1269532,14262060,53004248,13.14,6450856,10138860,1696,1086444,1528620,10000,16872,269284
2024-01-20T01:30:01,375682952,389821728,2115516,0.54,1269540,14262120,52692768,13.07,6450864,10138844,300,1086364,1528420,9968,16764,269228
2024-01-20T01:30:06,375681440,389820348,2117044,0.54,1269548,14262200,52589808,13.04,6450876,10139224,1284,1086728,1528316,9984,16764,269324
2024-01-20T01:30:11,375686620,389825616,2111744,0.53,1269556,14262288,52914380,13.12,6450888,10147584,260,1095072,1528340,10016,16996,269284
2024-01-20T01:30:16,375682088,389821168,2116248,0.54,1269560,14262352,52708188,13.07,6450892,10147576,84,1094856,1528300,9984,16860,269252
2024-01-20T01:30:21,375679668,389818976,2118456,0.54,1269568,14262560,52925232,13.12,6450904,10152912,1684,1099968,1528296,10048,17028,269356
2024-01-20T01:30:26,375668552,389807952,2129492,0.54,1269572,14262652,52926792,13.13,6450916,10153580,588,1100656,1528280,10048,17004,269340
2024-01-20T01:30:31,375685796,389825712,2111744,0.53,1269584,14263144,52898200,13.12,6451024,10138424,2064,1085036,1528280,9984,16788,269308
2024-01-20T01:30:36,375662636,389802640,2134816,0.54,1269592,14263224,53003688,13.14,6451036,10141740,524,1088264,1528280,9984,16772,269308
2024-01-20T01:30:41,375651172,389791312,2146364,0.54,1269604,14263300,52901024,13.12,6451060,10142308,1384,1088784,1528108,9984,16788,269292
2024-01-20T01:30:46,375660844,389801048,2136620,0.54,1269608,14263368,52832528,13.1,6451060,10142456,344,1088852,1528108,9984,16784,269276
2024-01-20T01:30:51,375674728,389815040,2122548,0.54,1269608,14263420,49860984,12.36,6451072,10113456,1424,1059836,1528244,9984,16320,269340
2024-01-20T01:30:56,375633432,389774084,2163560,0.55,1269612,14263768,52895028,13.12,6451120,10139104,352,1085184,1528176,10000,16792,269340
2024-01-20T01:31:01,375660140,389801284,2135924,0.54,1269624,14264228,48966824,12.14,6451196,10096080,1800,1041700,1528632,10000,16248,269316
2024-01-20T01:31:06,375614064,389755544,2181792,0.55,1269628,14264568,52677648,13.06,6451256,10134668,696,1080196,1528496,9984,16732,269292
2024-01-20T01:31:11,375654756,389796220,2140984,0.54,1269632,14264516,52669284,13.06,6451316,10127120,1436,1072612,1528660,10000,16696,269276
2024-01-20T01:31:16,375653796,389795328,2141988,0.54,1269644,14264568,52988108,13.14,6451336,10133876,492,1079356,1528552,10032,16828,269332
2024-01-20T01:31:21,375650908,389792648,2144680,0.54,1269652,14264760,52793064,13.09,6451344,10140152,1576,1085560,1528548,10096,17096,269364
2024-01-20T01:31:26,375647120,389788920,2148456,0.54,1269660,14264812,52986876,13.14,6451344,10135396,496,1080544,1528500,10032,16860,269308
2024-01-20T01:31:31,375653480,389795348,2142032,0.54,1269664,14264896,52781648,13.09,6451352,10135548,1412,1080732,1528476,10000,16748,269340
2024-01-20T01:31:36,375658676,389800608,2136860,0.54,1269668,14264952,52784372,13.09,6451360,10137336,392,1082400,1528392,10000,16740,269324
2024-01-20T01:31:41,375667456,389809592,2127720,0.54,1269668,14265156,52687088,13.07,6451352,10140404,1464,1085364,1528548,10000,16852,269356
2024-01-20T01:31:46,375669396,389811616,2125736,0.54,1269676,14265228,52901228,13.12,6451376,10144436,344,1089328,1528512,10064,17028,269356
2024-01-20T01:31:51,375675812,389818152,2119076,0.54,1269684,14265440,52596056,13.04,6451384,10146620,1384,1091360,1528536,10080,17004,269500
2024-01-20T01:31:56,375673848,389816408,2120776,0.54,1269692,14265652,52795256,13.09,6451436,10140052,368,1084488,1528580,10016,16740,269340
2024-01-20T01:32:01,375671984,389814748,2122476,0.54,1269696,14265836,52799268,13.09,6451444,10144016,308,1088280,1528556,9984,16772,269308
2024-01-20T01:32:06,375675132,389817964,2119428,0.54,1269696,14265904,53010252,13.15,6451456,10145748,44,1089988,1528388,10016,16812,269348
2024-01-20T01:32:11,375684940,389827836,2109612,0.53,1269704,14265972,52807120,13.1,6451456,10147404,508,1091504,1528320,10016,16788,269324
2024-01-20T01:32:16,375678588,389821688,2115660,0.54,1269704,14266172,53013040,13.15,6451464,10147672,1540,1091608,1528424,10016,16796,269404
2024-01-20T01:32:21,375681388,389824532,2112944,0.54,1269708,14266236,52919136,13.12,6451472,10153104,572,1097032,1528272,10080,17036,269452
2024-01-20T01:32:26,375683952,389827328,2110012,0.53,1269716,14266568,52919164,13.12,6451488,10154196,1632,1097756,1528300,10080,17072,269468
2024-01-20T01:32:31,375679444,389822936,2114432,0.54,1269720,14266660,53013948,13.15,6451484,10149464,484,1092844,1528292,10016,16784,269404
2024-01-20T01:32:36,375680380,389824204,2113168,0.54,1269724,14266996,52813152,13.1,6451496,10151384,1540,1094524,1528280,10032,16876,269428
2024-01-20T01:32:41,375701328,389845348,2092200,0.53,1269724,14267192,52671536,13.06,6451600,10132296,560,1075336,1528104,10000,16592,269388
2024-01-20T01:32:46,375661944,389806192,2131312,0.54,1269724,14267536,53105520,13.17,6451608,10144604,1472,1087320,1528032,10000,16800,269340
2024-01-20T01:32:51,375639224,389783860,2153624,0.55,1269724,14267928,52994004,13.14,6451612,10175668,300,1117928,1528048,9984,16840,269372
2024-01-20T01:32:56,375659804,389804320,2133248,0.54,1269728,14267800,52793832,13.09,6451664,10141000,1424,1083476,1527968,10000,16768,269340
2024-01-20T01:33:01,375676460,389821260,2116260,0.54,1269732,14268120,52894400,13.12,6451720,10138812,800,1081060,1527976,10080,16824,269348
2024-01-20T01:33:06,375664692,389809592,2127928,0.54,1269744,14268196,53098024,13.17,6451744,10140988,1636,1083164,1527988,10064,16872,269324
2024-01-20T01:33:11,375666084,389811056,2126464,0.54,1269752,14268256,53098220,13.17,6451752,10141264,336,1083304,1527992,10048,16836,269340
2024-01-20T01:33:16,375657812,389803012,2134556,0.54,1269756,14268464,52801788,13.09,6451776,10147580,1400,1089532,1527960,10144,17236,269412
2024-01-20T01:33:21,375660880,389806132,2131460,0.54,1269760,14268516,52995600,13.14,6451760,10142248,364,1084044,1527932,10000,16764,269308
2024-01-20T01:33:26,375665776,389811408,2125856,0.54,1269768,14268860,52911360,13.12,6451772,10150888,1556,1092504,1528288,10112,17120,269444
2024-01-20T01:33:31,375641712,389787568,2149816,0.54,1269776,14269084,52888660,13.12,6451836,10174088,676,1115400,1528160,10032,16860,269380
2024-01-20T01:33:36,375671320,389817188,2120532,0.54,1269784,14269172,52794448,13.09,6451836,10144776,1404,1085968,1527740,10000,16760,269340
2024-01-20T01:33:41,375677932,389823700,2114220,0.54,1269792,14269072,52888796,13.12,6451592,10139804,588,1080940,1527532,9984,16760,269276
2024-01-20T01:33:46,375674708,389820832,2117276,0.54,1269796,14269408,52778820,13.09,6451664,10137604,696,1078936,1527360,9952,16684,269308
2024-01-20T01:33:51,375657000,389803216,2134432,0.54,1269796,14269460,52887324,13.12,6451672,10140272,72,1081080,1527860,9984,16820,269244
2024-01-20T01:33:56,375659880,389806152,2131584,0.54,1269800,14269520,52887584,13.12,6451676,10139820,456,1080508,1527764,9984,16740,269260
2024-01-20T01:34:01,375658220,389804656,2133016,0.54,1269812,14269700,52682228,13.06,6451680,10141564,1372,1082032,1527800,9968,16764,269324
2024-01-20T01:34:06,375668168,389814692,2123160,0.54,1269820,14269760,52688540,13.07,6451696,10145132,552,1085528,1527640,9968,16760,269308
2024-01-20T01:34:11,375663648,389810228,2127772,0.54,1269820,14269844,52894232,13.12,6451696,10144620,1648,1085080,1527464,10016,16804,269324
2024-01-20T01:34:16,375671368,389818196,2119984,0.54,1269820,14270056,53105452,13.17,6451780,10146748,1084,1086904,1527320,10080,17084,269348
2024-01-20T01:34:21,375663796,389810740,2127428,0.54,1269828,14270264,52896288,13.12,6451768,10146988,1468,1087112,1527232,10032,16924,269332
2024-01-20T01:34:26,375604176,389751196,2187008,0.55,1269836,14270328,52978992,13.14,6451784,10208504,596,1148500,1527200,10000,16852,269260
2024-01-20T01:34:31,375659004,389806332,2131864,0.54,1269844,14270660,52904604,13.12,6451780,10150492,1176,1090148,1527176,10000,16852,269300
2024-01-20T01:34:36,375665276,389812676,2125528,0.54,1269844,14270724,53011068,13.15,6451788,10153756,572,1093248,1527176,9984,16916,269300
2024-01-20T01:34:41,375677324,389824788,2113156,0.54,1269856,14270816,52701288,13.07,6451792,10152836,1380,1092332,1527396,9952,16796,269212
2024-01-20T01:34:46,375677508,389825040,2113064,0.54,1269860,14270872,52702704,13.07,6451796,10153104,412,1092472,1527244,9952,16772,269244
2024-01-20T01:34:51,375688276,389836108,2102120,0.53,1269868,14271196,52895936,13.12,6451868,10146340,1348,1085572,1527088,9952,16772,269292
2024-01-20T01:34:56,375682940,389830856,2107424,0.53,1269872,14271272,52691488,13.07,6451876,10148364,384,1087468,1527040,9952,16772,269276
2024-01-20T01:35:01,375690680,389838688,2099568,0.53,1269880,14271336,53107748,13.17,6451888,10150328,1416,1089284,1527084,10000,16864,269380
2024-01-20T01:35:06,375690364,389838580,2099712,0.53,1269888,14271540,52908660,13.12,6451896,10153232,460,1092060,1527044,10000,16864,269364
2024-01-20T01:35:11,375695068,389843412,2094584,0.53,1269896,14271620,52812576,13.1,6451916,10156624,844,1095408,1527380,10048,16996,269388
2024-01-20T01:35:16,375725904,389875004,2063052,0.52,1269900,14272372,49094736,12.17,6451908,10116696,452,1054680,1527320,9984,16168,269324
2024-01-20T01:35:21,375695680,389844480,2093372,0.53,1269912,14272056,53009056,13.15,6451964,10151100,808,1089488,1527528,9968,16804,269356
2024-01-20T01:35:26,375689148,389838592,2099044,0.53,1269916,14272680,52702588,13.07,6452048,10152444,880,1090172,1527760,10000,16932,269364
2024-01-20T01:35:31,375652872,389802104,2135100,0.54,1269920,14272468,52799544,13.09,6452108,10148436,1208,1086464,1528188,10000,16880,269396
2024-01-20T01:35:36,375671948,389821364,2116096,0.54,1269928,14272648,53108432,13.17,6452120,10149100,280,1087024,1527928,10000,16868,269364
2024-01-20T01:35:41,375683148,389832640,2104816,0.53,1269928,14272712,53196692,13.19,6452116,10152468,0,1090316,1527944,10096,16812,269356
2024-01-20T01:35:46,375692244,389841812,2095404,0.53,1269940,14272792,52904844,13.12,6452116,10150920,1556,1088620,1528168,9968,16792,269324
2024-01-20T01:35:51,375692980,389842768,2094412,0.53,1269948,14272996,52787932,13.09,6452188,10144256,360,1081868,1528212,9968,16792,269324
2024-01-20T01:35:56,375685928,389835944,2101052,0.53,1269960,14273216,49856912,12.36,6452256,10137620,1748,1075080,1528392,10000,16696,269364
2024-01-20T01:36:01,375666384,389816616,2120612,0.54,1269964,14273412,52890260,13.12,6452268,10144948,452,1082176,1528176,9968,16764,269308
2024-01-20T01:36:06,375656624,389807056,2130244,0.54,1269968,14273608,52890516,13.12,6452272,10144996,1544,1081996,1528104,10000,16800,269356
2024-01-20T01:36:11,375683132,389833496,2103972,0.53,1269976,14273540,50166192,12.44,6452284,10120452,556,1057520,1527928,9968,16304,269324
2024-01-20T01:36:16,375640244,389791196,2146092,0.54,1269988,14274136,52687424,13.07,6452356,10146704,432,1083316,1528088,9984,16848,269308
2024-01-20T01:36:21,375644284,389795304,2142016,0.54,1269992,14274192,52894196,13.12,6452360,10147936,300,1084388,1528064,9984,16752,269308
2024-01-20T01:36:26,375655804,389806896,2130424,0.54,1269996,14274268,52904740,13.12,6452364,10151832,1132,1088228,1528056,10000,16752,269276
2024-01-20T01:36:31,375657348,389808528,2128860,0.54,1270000,14274340,52908644,13.12,6452372,10155236,216,1091632,1528000,10016,16928,269284
2024-01-20T01:36:36,375662240,389813752,2123724,0.54,1270012,14274684,52703380,13.07,6452384,10155844,1320,1091836,1527888,10032,16908,269380
2024-01-20T01:36:41,375673248,389824868,2112660,0.54,1270016,14274752,53130428,13.18,6452404,10163120,532,1098780,1527872,10112,17192,269452
2024-01-20T01:36:46,375669848,389821528,2115700,0.54,1270024,14274852,52705228,13.07,6452392,10157452,1344,1093268,1528124,10016,16800,269404
2024-01-20T01:36:51,375673376,389825284,2112032,0.53,1270028,14275060,52602268,13.04,6452404,10157736,324,1093356,1528052,10016,16796,269404
2024-01-20T01:36:56,375691136,389843156,2093816,0.53,1270040,14275140,52988248,13.14,6452460,10145600,1312,1081260,1528416,10016,16600,269388
2024-01-20T01:37:01,375645428,389797664,2139320,0.54,1270048,14275336,52895104,13.12,6452476,10185732,304,1121188,1528416,10000,16844,269340
2024-01-20T01:37:06,375682072,389834628,2102580,0.53,1270056,14275684,52708444,13.07,6452484,10161468,1472,1096584,1528156,10080,17012,269444
2024-01-20T01:37:11,375685960,389838884,2098916,0.53,1270056,14276004,52786928,13.09,6452608,10144764,696,1079572,1527612,10016,16724,269388
2024-01-20T01:37:16,375649820,389802804,2134648,0.54,1270060,14276076,53063564,13.16,6452604,10149004,1256,1083860,1527944,10016,16764,269324
2024-01-20T01:37:21,375650716,389803772,2133760,0.54,1270068,14276132,52793228,13.09,6452616,10150500,248,1085236,1527872,10000,16764,269324
2024-01-20T01:37:26,375642500,389795620,2141472,0.54,1270076,14276188,52896676,13.12,6452624,10151572,592,1086816,1528312,10352,16644,269324
2024-01-20T01:37:31,375657460,389810784,2126848,0.54,1270084,14276384,52897164,13.12,6452636,10152016,368,1086484,1527772,10000,16764,269276
2024-01-20T01:37:36,375661104,389814500,2123196,0.54,1270088,14276464,52905056,13.12,6452648,10156796,648,1091388,1527696,10032,16900,269316
2024-01-20T01:37:41,375661636,389815392,2122072,0.54,1270092,14276804,53210024,13.2,6452648,10155260,1588,1089276,1527944,10000,16784,269308
2024-01-20T01:37:46,375667448,389821296,2116192,0.54,1270096,14276892,52598120,13.04,6452660,10158688,500,1092716,1527920,10032,16892,269332
2024-01-20T01:37:51,375657336,389811272,2125760,0.54,1270104,14277000,52605848,13.05,6452672,10162140,1652,1096008,1528348,10048,16916,269268
2024-01-20T01:37:56,375667548,389821816,2114884,0.54,1270104,14277336,52597248,13.04,6452788,10153812,832,1087652,1528676,10064,17008,269292
2024-01-20T01:38:01,375647984,389802464,2134344,0.54,1270112,14277536,52703604,13.07,6452800,10157324,1576,1090712,1528572,10080,16984,269404
2024-01-20T01:38:06,375656444,389811100,2125756,0.54,1270116,14277728,52585824,13.04,6452852,10149648,636,1083076,1528504,10048,16900,269316
2024-01-20T01:38:11,375637196,389791968,2144940,0.54,1270120,14277924,53200772,13.19,6452852,10148880,1468,1081980,1528368,10016,16748,269292
2024-01-20T01:38:16,375637968,389792784,2144136,0.54,1270128,14277964,52995340,13.14,6452852,10150356,396,1083432,1528352,10016,16768,269276
2024-01-20T01:38:21,375649940,389804824,2132004,0.54,1270140,14278044,52790160,13.09,6452868,10151316,1348,1084360,1528420,10016,16780,269340
2024-01-20T01:38:26,375652240,389807224,2129580,0.54,1270148,14278112,52692452,13.07,6452884,10154460,544,1087448,1528468,10048,16876,269332
2024-01-20T01:38:31,375677488,389833352,2103536,0.53,1270156,14279072,49079472,12.17,6452896,10114208,1400,1046164,1528296,10032,16128,269372
2024-01-20T01:38:36,375635888,389791244,2145776,0.54,1270164,14278564,52692696,13.07,6452956,10152636,384,1085204,1528156,10000,16764,269308
2024-01-20T01:38:41,375648896,389804312,2132472,0.54,1270172,14278636,53008592,13.15,6452964,10156496,1332,1089112,1528372,10000,16852,269356
2024-01-20T01:38:46,375630164,389785808,2151056,0.54,1270180,14278844,53003596,13.14,6453032,10154284,652,1086652,1528304,10000,16868,269324
2024-01-20T01:38:51,375629380,389785240,2151596,0.54,1270188,14279064,53111868,13.17,6453040,10157260,1348,1089460,1528320,10032,16876,269348
2024-01-20T01:38:56,375628348,389784292,2152528,0.55,1270192,14279112,53017400,13.15,6453068,10163320,436,1095600,1528368,10128,17288,269412
2024-01-20T01:39:01,375635796,389791936,2144636,0.54,1270200,14279320,53009904,13.15,6453048,10159260,1380,1091120,1528596,10032,16908,269396
2024-01-20T01:39:06,375638448,389794688,2141948,0.54,1270200,14279396,52799940,13.09,6453064,10157160,376,1088888,1528556,10000,16792,269340
2024-01-20T01:39:11,375633512,389790084,2146184,0.54,1270204,14279736,52705216,13.07,6453064,10162656,1236,1094148,1528912,10256,17016,269380
2024-01-20T01:39:16,375627568,389784368,2152532,0.55,1270208,14279960,52799980,13.09,6453132,10156492,628,1087772,1528280,10016,16884,269380
2024-01-20T01:39:21,375609424,389766572,2170552,0.55,1270216,14280304,52683628,13.06,6453188,10150108,604,1081248,1528052,10000,16756,269308
2024-01-20T01:39:26,375628940,389786168,2150948,0.54,1270216,14280384,52792580,13.09,6453196,10153772,1284,1084680,1528060,9984,16772,269308
2024-01-20T01:39:31,375647384,389804680,2132852,0.54,1270216,14280452,52897760,13.12,6453200,10155408,344,1086280,1527644,9984,16796,269308
2024-01-20T01:39:36,375661420,389818932,2118340,0.54,1270228,14280664,52568168,13.04,6453248,10146416,1568,1077208,1527896,10032,16692,269308
2024-01-20T01:39:41,375658568,389816280,2121020,0.54,1270232,14280852,52793588,13.09,6453268,10156040,388,1086696,1527876,10032,16892,269332
2024-01-20T01:39:46,375683980,389841784,2095688,0.53,1270236,14280932,52686892,13.07,6453276,10153856,1472,1084252,1527712,10016,16752,269276
2024-01-20T01:39:51,375673408,389831416,2106192,0.53,1270240,14281144,53097276,13.17,6453340,10151864,376,1082180,1527564,10048,16852,269300
2024-01-20T01:39:56,375669368,389827748,2110080,0.53,1270248,14281496,52992428,13.14,6453404,10151540,1612,1081732,1527356,10064,16964,269356
2024-01-20T01:40:01,375653000,389811444,2126400,0.54,1270256,14281548,53092724,13.17,6453408,10151900,520,1082004,1527344,10048,16896,269316
2024-01-20T01:40:06,375652232,389811156,2126496,0.54,1270264,14282020,52686468,13.07,6453420,10155040,1524,1084484,1527536,10048,16864,269300
2024-01-20T01:40:11,375654668,389813672,2124040,0.54,1270272,14282088,52890484,13.12,6453428,10154348,464,1083760,1527480,10016,16756,269308
2024-01-20T01:40:16,375647928,389807160,2130416,0.54,1270280,14282404,52780020,13.09,6453492,10149724,1684,1078916,1527520,10016,16732,269292
2024-01-20T01:40:21,375609192,389768500,2169104,0.55,1270284,14282488,52773072,13.09,6453500,10184220,392,1113384,1527480,10000,16812,269308
2024-01-20T01:40:26,375638168,389797540,2139964,0.54,1270296,14282692,52896000,13.12,6453512,10158352,1512,1087160,1527428,10032,16876,269332
2024-01-20T01:40:31,375641948,389801392,2136144,0.54,1270304,14282752,52583056,13.04,6453520,10157060,320,1085860,1527400,10000,16804,269292
2024-01-20T01:40:36,375642800,389802328,2134868,0.54,1270308,14282840,52583204,13.04,6453520,10157148,1516,1085932,1527732,9984,16800,269308
2024-01-20T01:40:41,375652960,389812644,2124568,0.54,1270312,14282976,52894916,13.12,6453536,10158456,308,1086984,1527732,10000,16768,269308
2024-01-20T01:40:46,375647512,389807272,2130084,0.54,1270324,14283048,52798072,13.09,6453532,10161464,1416,1089924,1527580,10000,16772,269324
2024-01-20T01:40:51,375642888,389802856,2134800,0.54,1270328,14283244,52899876,13.12,6453612,10158912,612,1087348,1527288,10048,16920,269308
2024-01-20T01:40:56,375627096,389787164,2150696,0.54,1270332,14283332,53107352,13.17,6453608,10162044,1008,1090444,1527092,10304,16856,269332
2024-01-20T01:41:01,375628656,389788784,2149064,0.54,1270332,14283388,52588812,13.04,6453620,10159700,72,1087976,1527108,10016,16800,269308
2024-01-20T01:41:06,375639336,389799532,2138340,0.54,1270336,14283468,52697896,13.07,6453628,10163308,576,1091436,1527068,10048,16896,269316
2024-01-20T01:41:11,375661400,389821868,2116112,0.54,1270340,14283728,52602800,13.04,6453632,10166844,1708,1094804,1526968,10080,17020,269324
2024-01-20T01:41:16,375666936,389827716,2110172,0.53,1270348,14284052,52688968,13.07,6453680,10157628,676,1085284,1527040,10016,16824,269292
2024-01-20T01:41:21,375665164,389825956,2112224,0.53,1270356,14284136,52797384,13.09,6453696,10161980,1512,1089512,1526668,10000,16836,269308
2024-01-20T01:41:26,375681676,389842544,2095720,0.53,1270360,14284204,52899316,13.12,6453708,10160588,416,1087988,1526588,10000,16780,269292
2024-01-20T01:41:31,375669844,389830904,2107096,0.53,1270360,14284404,52899464,13.12,6453712,10161964,1452,1089212,1526844,10000,16832,269292
2024-01-20T01:41:36,375671640,389832800,2105268,0.53,1270364,14284484,52800776,13.09,6453724,10163836,580,1090996,1526792,10000,16920,269300
2024-01-20T01:41:41,375681876,389843140,2094704,0.53,1270368,14284576,52587012,13.04,6453780,10159940,1808,1087192,1527024,10032,16892,269308
2024-01-20T01:41:46,375640328,389801800,2136120,0.54,1270372,14284776,52891812,13.12,6453784,10191772,596,1118680,1526952,9968,16800,269244
2024-01-20T01:41:51,375616160,389777948,2160220,0.55,1270372,14285112,52886924,13.12,6453844,10188048,1520,1114708,1526684,9968,16792,269260
2024-01-20T01:41:56,375634380,389796376,2141796,0.54,1270376,14285316,52484932,13.02,6453904,10157208,840,1083820,1526680,10000,16904,269236
2024-01-20T01:42:01,375621856,389783936,2154148,0.55,1270384,14285392,52898592,13.12,6453916,10159828,1524,1086272,1526768,10000,16908,269300
2024-01-20T01:42:06,375633080,389795340,2142808,0.54,1270384,14285572,52697224,13.07,6453920,10162560,384,1088904,1526704,9984,16956,269220
2024-01-20T01:42:11,375617272,389779812,2158160,0.55,1270392,14285772,52788132,13.09,6453972,10155268,1412,1081432,1526952,9952,16820,269260
2024-01-20T01:42:16,375617532,389780132,2157828,0.55,1270396,14285832,52892780,13.12,6453980,10157320,408,1083436,1526960,9952,16788,269228
2024-01-20T01:42:21,375605620,389768460,2169572,0.55,1270400,14286024,52687172,13.07,6453988,10157772,1424,1083632,1526932,9968,16768,269308
2024-01-20T01:42:26,375623948,389786864,2151168,0.54,1270408,14286092,53003600,13.14,6453996,10162708,376,1088584,1526932,10000,16948,269284
2024-01-20T01:42:31,375620676,389783752,2154100,0.55,1270412,14286172,52999320,13.14,6453996,10159356,1448,1085032,1527188,9968,16752,269260
2024-01-20T01:42:36,375635132,389798296,2139600,0.54,1270412,14286256,52801072,13.09,6454012,10164504,416,1090252,1527148,9984,16916,269252
2024-01-20T01:42:41,375629932,389793556,2143612,0.54,1270416,14286716,52987752,13.14,6454112,10153476,556,1078412,1527872,10432,16844,269364
2024-01-20T01:42:46,375614508,389778184,2159452,0.55,1270428,14286796,52993264,13.14,6454128,10157912,372,1083224,1527364,9984,16868,269332
2024-01-20T01:42:51,375616980,389780728,2156992,0.55,1270432,14286852,52576388,13.04,6454144,10155300,48,1080452,1527292,9952,16764,269276
2024-01-20T01:42:56,375627044,389790996,2146920,0.54,1270444,14287048,52692408,13.07,6454156,10161456,1480,1086968,1527092,9968,16864,269332
2024-01-20T01:43:01,375630348,389794356,2143536,0.54,1270444,14287108,53100544,13.17,6454156,10160212,500,1085096,1527112,9936,16808,269276
2024-01-20T01:43:06,375622332,389786444,2151264,0.54,1270444,14287172,52796276,13.09,6454160,10163100,1548,1087948,1527336,9984,16916,269348
2024-01-20T01:43:11,375634256,389798568,2139104,0.54,1270448,14287364,52566616,13.04,6454212,10152484,652,1077200,1527376,9952,16676,269324
2024-01-20T01:43:16,375609892,389774428,2163180,0.55,1270460,14287564,52891112,13.12,6454228,10159076,1540,1083660,1527452,9984,16880,269340
2024-01-20T01:43:21,375587248,389751864,2185860,0.55,1270460,14287624,52880672,13.11,6454236,10189316,464,1114316,1527356,9952,16804,269324
2024-01-20T01:43:26,375627704,389792544,2145048,0.54,1270464,14287832,52793396,13.09,6454240,10161656,1380,1085940,1527500,9952,16828,269340
2024-01-20T01:43:31,375632396,389797296,2140220,0.54,1270464,14287888,52873836,13.11,6454252,10167656,448,1091960,1527580,10016,17040,269324
2024-01-20T01:43:36,375646464,389811484,2126104,0.54,1270468,14287976,53005344,13.14,6454244,10165112,1472,1089208,1527536,9952,16800,269308
2024-01-20T01:43:41,375657392,389822636,2114996,0.54,1270468,14288192,52912632,13.12,6454248,10169780,420,1093644,1527500,9952,16820,269292
2024-01-20T01:43:46,375658728,389824208,2113224,0.54,1270472,14288280,52682028,13.06,6454304,10157920,1604,1081808,1527844,10000,16700,269324
2024-01-20T01:43:51,375639236,389804932,2132656,0.54,1270476,14288480,53008356,13.15,6454312,10166500,368,1090204,1527700,9952,16856,269292
2024-01-20T01:43:56,375627916,389793840,2143992,0.54,1270476,14288688,52699788,13.07,6454312,10167268,1452,1090696,1527476,9952,16840,269324
2024-01-20T01:44:01,375623720,389789716,2148124,0.54,1270484,14288744,52815888,13.1,6454332,10174296,524,1097820,1527476,10048,17192,269412
2024-01-20T01:44:06,375641736,389807848,2129552,0.54,1270484,14288820,52597324,13.04,6454308,10166804,1508,1090208,1527956,9952,16768,269292
2024-01-20T01:44:11,375641632,389807848,2129580,0.54,1270492,14288888,52917756,13.12,6454336,10173452,360,1096840,1527956,10032,17084,269356
2024-01-20T01:44:16,375633288,389799692,2137696,0.54,1270496,14289244,52798472,13.09,6454392,10163664,1832,1086756,1527824,9968,16804,269276
2024-01-20T01:44:21,375661976,389828484,2109160,0.53,1270504,14289328,49966240,12.39,6454452,10155616,452,1078740,1527580,9952,16616,269244
2024-01-20T01:44:26,375635592,389802444,2135184,0.54,1270512,14289652,53001388,13.14,6454528,10162956,1152,1085896,1527608,10160,16984,269388
2024-01-20T01:44:31,375650736,389817968,2119720,0.54,1270512,14290000,52890472,13.12,6454592,10158584,516,1081084,1527580,9984,16944,269300
2024-01-20T01:44:36,375661564,389828848,2108792,0.53,1270516,14290056,52791484,13.09,6454588,10161376,72,1083732,1527620,9936,16808,269260
2024-01-20T01:44:41,375661328,389828708,2108772,0.53,1270528,14290132,52689352,13.07,6454596,10162540,1616,1084772,1527788,9952,16824,269260
2024-01-20T01:44:46,375672008,389839448,2098032,0.53,1270532,14290188,52895272,13.12,6454608,10162456,396,1084756,1527788,9952,16808,269260
2024-01-20T01:44:51,375668932,389836608,2100900,0.53,1270540,14290380,52796884,13.09,6454616,10166092,1584,1087704,1527796,10016,17000,269332
2024-01-20T01:44:56,375678352,389846108,2091396,0.53,1270548,14290452,53002680,13.14,6454624,10166464,484,1088460,1527800,9936,16844,269260
2024-01-20T01:45:01,375676444,389844636,2093064,0.53,1270556,14290816,52892636,13.12,6454688,10161300,1780,1082888,1527668,9936,16804,269212
2024-01-20T01:45:06,375658324,389826600,2111104,0.53,1270556,14290892,52790960,13.09,6454696,10163000,532,1084568,1527672,9936,16780,269244
2024-01-20T01:45:11,375653064,389821424,2116024,0.54,1270560,14290964,53004836,13.14,6454708,10167196,1488,1089240,1527936,9952,16892,269260
2024-01-20T01:45:16,375655428,389823856,2113804,0.54,1270564,14291044,53110800,13.17,6454704,10167152,516,1088620,1527708,9936,16812,269228
2024-01-20T01:45:21,375678904,389847680,2090124,0.53,1270572,14291384,53000532,13.14,6454760,10163100,1448,1084232,1527564,9936,16780,269196
2024-01-20T01:45:26,375657720,389826696,2111436,0.53,1270572,14291564,52680300,13.06,6454828,10157788,684,1078752,1527256,9936,16796,269196
2024-01-20T01:45:31,375643032,389812076,2126032,0.54,1270580,14291628,52792752,13.09,6454836,10164528,1528,1085604,1527276,9984,17020,269292
2024-01-20T01:45:36,375643032,389812256,2125880,0.54,1270588,14291820,52582144,13.04,6454840,10162388,304,1083132,1527228,9920,16788,269228
2024-01-20T01:45:41,375643228,389812580,2125568,0.54,1270600,14291884,52895272,13.12,6454856,10165036,1460,1085816,1527268,9936,16868,269188
2024-01-20T01:45:46,375645504,389814936,2123248,0.54,1270604,14291956,52900136,13.12,6454872,10167452,384,1088220,1527236,9984,17016,269228
2024-01-20T01:45:51,375655364,389825040,2113116,0.54,1270608,14292168,52997444,13.14,6454868,10165832,1532,1086348,1527292,9952,16908,269196
2024-01-20T01:45:56,375648336,389818092,2120096,0.54,1270616,14292240,52791660,13.09,6454876,10165616,264,1086048,1527260,9920,16796,269196
2024-01-20T01:46:01,375667664,389837628,2100424,0.53,1270624,14292444,52891708,13.12,6454932,10162456,1680,1082644,1527392,9904,16716,269228
2024-01-20T01:46:06,375653768,389823808,2114244,0.54,1270628,14292540,52901320,13.12,6454948,10167516,276,1087576,1527368,9904,16780,269212
2024-01-20T01:46:11,375632596,389802832,2135340,0.54,1270632,14292732,52906304,13.12,6454948,10172656,88,1092132,1527248,10288,16792,269228
2024-01-20T01:46:16,375633404,389803712,2134484,0.54,1270640,14292804,52807760,13.1,6454964,10174328,92,1094292,1527216,9936,16968,269188
2024-01-20T01:46:21,375635148,389805664,2132336,0.54,1270640,14293004,53214868,13.2,6455040,10171120,844,1090928,1527420,9968,17084,269212
2024-01-20T01:46:26,375637072,389808052,2130080,0.54,1270640,14293456,52594880,13.04,6455032,10171080,1400,1090380,1527300,9936,16932,269172
2024-01-20T01:46:31,375630268,389801324,2136728,0.54,1270644,14293532,52904248,13.12,6455036,10171528,488,1090704,1527376,9936,16916,269204
2024-01-20T01:46:36,375626868,389797996,2140156,0.54,1270644,14293596,52903540,13.12,6455036,10171328,1276,1090392,1527284,9904,16828,269196
2024-01-20T01:46:41,375628752,389799936,2138292,0.54,1270644,14293672,52705792,13.07,6455040,10175540,344,1094656,1527188,9936,16952,269188
2024-01-20T01:46:46,375670384,389842648,2095672,0.53,1270644,14294640,49086820,12.17,6455032,10133600,1336,1051724,1527208,9888,16196,269164
2024-01-20T01:46:51,375609112,389780856,2157608,0.55,1270652,14294104,52892504,13.12,6455100,10200868,244,1119620,1527072,9904,16880,269148
2024-01-20T01:46:56,375623764,389795740,2142548,0.54,1270656,14294328,52804356,13.09,6455108,10173580,1280,1092056,1527252,9952,16880,269180
2024-01-20T01:47:01,375634672,389806840,2131664,0.54,1270664,14294532,52588780,13.04,6455164,10167584,232,1085932,1527016,9920,16800,269132
2024-01-20T01:47:06,375646172,389818580,2119788,0.54,1270672,14294748,52785848,13.09,6455240,10162180,1256,1080252,1527168,9952,16756,269196
2024-01-20T01:47:11,375637244,389809720,2128668,0.54,1270680,14294812,52996612,13.14,6455248,10166328,192,1084448,1527144,9952,16804,269196
2024-01-20T01:47:16,375644692,389817356,2120992,0.54,1270680,14295012,52692344,13.07,6455252,10169416,1416,1087408,1527172,10000,16904,269252
2024-01-20T01:47:21,375644188,389816916,2121384,0.54,1270688,14295076,52799920,13.09,6455268,10171404,456,1089284,1527212,10016,17016,269244
2024-01-20T01:47:26,375618212,389791384,2147072,0.54,1270696,14295412,52779216,13.09,6455384,10158536,1936,1076224,1527156,9984,16904,269316
2024-01-20T01:47:31,375593840,389767084,2171292,0.55,1270704,14295480,52982968,13.14,6455392,10160256,268,1077808,1527232,9952,16788,269260
2024-01-20T01:47:36,375575396,389748920,2189020,0.55,1270708,14295684,52851016,13.11,6455440,10181780,1448,1099188,1527740,9968,16612,269260
2024-01-20T01:47:41,375588008,389761736,2176112,0.55,1270720,14295880,52882892,13.11,6455460,10160828,256,1078060,1527828,9920,16812,269276
2024-01-20T01:47:46,375587416,389761352,2176756,0.55,1270728,14296084,52889116,13.12,6455472,10165712,1356,1082816,1527564,9984,16928,269284
2024-01-20T01:47:51,375599856,389773872,2164204,0.55,1270732,14296140,52790000,13.09,6455484,10167772,292,1084804,1527616,9984,16924,269300
2024-01-20T01:47:56,375609964,389784072,2154004,0.55,1270736,14296220,52686976,13.07,6455480,10168164,328,1085700,1527624,10352,16908,269292
2024-01-20T01:48:01,375582620,389756824,2181152,0.55,1270740,14296304,52883856,13.11,6455492,10200304,92,1117204,1527732,9952,16828,269292
2024-01-20T01:48:06,375606400,389780688,2157300,0.55,1270744,14296364,52895868,13.12,6455492,10170808,88,1087476,1527740,9952,16800,269260
2024-01-20T01:48:11,375616452,389790836,2147188,0.54,1270748,14296564,52901872,13.12,6455500,10173924,1548,1090476,1527596,10000,16968,269268
2024-01-20T01:48:16,375636448,389810920,2127096,0.54,1270752,14296644,53104416,13.17,6455504,10172280,584,1088644,1527608,9936,16788,269260
2024-01-20T01:48:21,375644624,389819288,2118608,0.54,1270756,14296848,52696848,13.07,6455516,10175128,1464,1091500,1527712,10016,16964,269348
2024-01-20T01:48:26,375648276,389823048,2114860,0.54,1270768,14296920,52800080,13.09,6455520,10174784,652,1090872,1527724,9968,16816,269292
2024-01-20T01:48:31,375643344,389818192,2119752,0.54,1270772,14297000,52906612,13.12,6455528,10176496,1372,1092540,1527680,10000,16864,269340
2024-01-20T01:48:36,375639116,389814312,2123852,0.54,1270772,14297332,53102944,13.17,6455648,10168448,656,1084340,1527476,10016,16984,269308
2024-01-20T01:48:41,375613868,389789276,2148800,0.54,1270772,14297536,52693292,13.07,6455644,10172268,1352,1087948,1527572,10000,16872,269308
2024-01-20T01:48:46,375609456,389784924,2153224,0.55,1270772,14297600,53013508,13.15,6455652,10175796,288,1091456,1527496,10048,17000,269364
2024-01-20T01:48:51,375614868,389790408,2147720,0.54,1270772,14297680,52807724,13.1,6455652,10176848,1464,1092436,1527508,10016,16932,269348
2024-01-20T01:48:56,375630360,389806084,2132088,0.54,1270772,14297868,52609140,13.05,6455660,10179912,444,1095248,1527460,10048,17044,269356
2024-01-20T01:49:01,375625012,389800916,2137364,0.54,1270780,14297960,52910156,13.12,6455664,10177020,1232,1092216,1527432,9968,16844,269324
2024-01-20T01:49:06,375619216,389795200,2143176,0.54,1270788,14298040,52606056,13.05,6455672,10179240,408,1094564,1527328,10000,16956,269300
2024-01-20T01:49:11,375641420,389817444,2120604,0.54,1270792,14298256,52910664,13.12,6455672,10177848,1276,1092756,1527476,9968,16812,269340
2024-01-20T01:49:16,375698252,389875032,2063120,0.52,1270796,14299032,49377732,12.25,6455792,10130340,1444,1044816,1527348,9984,16452,269316
2024-01-20T01:49:21,375634788,389811524,2126932,0.54,1270800,14298960,52683432,13.06,6455852,10166048,1316,1080704,1527068,9936,16812,269292
2024-01-20T01:49:26,375645884,389822692,2115772,0.54,1270800,14299032,53006744,13.14,6455860,10173104,220,1087616,1527060,9984,16900,269284
2024-01-20T01:49:31,375636452,389813580,2124812,0.54,1270804,14299472,53011652,13.15,6455856,10176248,1156,1090308,1527008,9984,16928,269300
2024-01-20T01:49:36,375639208,389816404,2122032,0.54,1270812,14299532,52803064,13.09,6455868,10174044,204,1087924,1526964,9952,16788,269276
2024-01-20T01:49:41,375649448,389826980,2110648,0.53,1270816,14299852,52885408,13.11,6455980,10165100,840,1078900,1527784,10304,16868,269260
2024-01-20T01:49:46,375646312,389824240,2113916,0.54,1270820,14300256,53093692,13.17,6455992,10167888,52,1081128,1527244,9984,16820,269244
2024-01-20T01:49:51,375648076,389826064,2112164,0.53,1270824,14300304,52995152,13.14,6456000,10169508,492,1082780,1527180,9968,16860,269252
2024-01-20T01:49:56,375661232,389839220,2098976,0.53,1270828,14300512,52579408,13.04,6456004,10167800,1588,1080788,1527000,9936,16744,269276
2024-01-20T01:50:01,375588244,389766324,2171908,0.55,1270836,14300572,52971904,13.14,6456012,10229040,396,1141992,1526988,9936,16776,269276
2024-01-20T01:50:06,375645160,389823448,2114748,0.54,1270840,14300780,52900900,13.12,6456016,10176080,1364,1088956,1527020,9968,16892,269284
2024-01-20T01:50:11,375657136,389835520,2102940,0.53,1270844,14300852,52596168,13.04,6456028,10178752,436,1091564,1526776,9968,16924,269220
2024-01-20T01:50:16,375652136,389830612,2107692,0.53,1270848,14300936,52900920,13.12,6456020,10176728,1320,1089240,1526936,9936,16796,269260
2024-01-20T01:50:21,375650136,389828816,2109452,0.53,1270856,14301132,52897040,13.12,6456092,10173912,252,1086376,1526972,9936,16788,269260
2024-01-20T01:50:26,375642268,389821160,2116864,0.54,1270864,14301340,52593020,13.04,6456104,10177044,1180,1089320,1527212,9952,16788,269276
2024-01-20T01:50:31,375641852,389820808,2117304,0.54,1270872,14301396,52701404,13.07,6456116,10180732,340,1092928,1527124,9968,16928,269252
2024-01-20T01:50:36,375638584,389817596,2120532,0.54,1270872,14301588,53009916,13.15,6456116,10180712,1184,1092748,1526972,9984,16932,269332
2024-01-20T01:50:41,375626408,389805632,2132616,0.54,1270880,14301780,52687632,13.07,6456124,10209856,372,1121580,1526864,9952,16788,269276
2024-01-20T01:50:46,375626152,389805384,2132820,0.54,1270884,14301844,52998572,13.14,6456128,10211264,1208,1123008,1526848,9952,16808,269292
2024-01-20T01:50:51,375661028,389840344,2097856,0.53,1270888,14301928,52805684,13.1,6456132,10183240,356,1094856,1526848,9952,16844,269292
2024-01-20T01:50:56,375663152,389842684,2095504,0.53,1270892,14302140,52707008,13.07,6456140,10185000,1264,1096420,1526860,9952,16812,269324
2024-01-20T01:51:01,375657180,389836912,2101556,0.53,1270900,14302356,52912460,13.12,6456208,10182760,648,1094008,1526556,9984,16916,269268
2024-01-20T01:51:06,375647840,389827648,2110640,0.53,1270904,14302448,53012232,13.15,6456200,10182972,1292,1094260,1526716,9952,16856,269292
2024-01-20T01:51:11,375635516,389815548,2122800,0.54,1270908,14302644,52712032,13.07,6456216,10186216,264,1097224,1526680,9984,16880,269276
2024-01-20T01:51:16,375630176,389810404,2128056,0.54,1270908,14302860,52596424,13.04,6456268,10177988,1496,1088800,1526548,9952,16792,269260
2024-01-20T01:51:21,375617660,389797988,2140484,0.54,1270912,14302940,52811740,13.1,6456292,10185188,324,1095960,1526552,10016,17060,269292
2024-01-20T01:51:26,375607328,389787736,2150724,0.54,1270916,14303024,52907884,13.12,6456276,10182636,116,1092892,1526556,10192,16856,269308
2024-01-20T01:51:31,375609076,389789836,2148180,0.54,1270920,14303364,53005956,13.14,6456344,10178100,372,1088524,1527008,9984,16868,269292
2024-01-20T01:51:36,375611232,389791900,2146160,0.54,1270924,14303272,52690204,13.07,6456108,10173768,620,1084004,1526960,9952,16796,269244
2024-01-20T01:51:41,375597704,389778468,2159528,0.55,1270936,14303344,52901636,13.12,6456124,10178080,1504,1088220,1527036,9984,16908,269252
2024-01-20T01:51:46,375619788,389801424,2136552,0.54,1270944,14304244,49265960,12.22,6456192,10162400,1096,1071316,1527020,9984,16384,269252
2024-01-20T01:51:51,375608872,389790180,2147784,0.54,1270952,14303892,52782160,13.09,6456252,10167188,1324,1076880,1527048,10000,16824,269212
2024-01-20T01:51:56,375604940,389786300,2151660,0.54,1270956,14303944,52681508,13.06,6456252,10170572,260,1080256,1527048,9952,16812,269196
2024-01-20T01:52:01,375613876,389795440,2142408,0.54,1270960,14304152,52774076,13.09,6456316,10165560,1532,1075096,1527152,9936,16772,269196
2024-01-20T01:52:06,375602752,389784432,2153380,0.55,1270972,14304340,52779944,13.09,6456324,10169428,460,1078760,1527104,9968,16904,269236
2024-01-20T01:52:11,375604028,389785812,2152192,0.55,1270976,14304408,52673000,13.06,6456340,10167796,1304,1077068,1526944,9920,16744,269228
2024-01-20T01:52:16,375606580,389788424,2149552,0.54,1270984,14304472,52776300,13.09,6456336,10168612,260,1077816,1526960,9904,16776,269196
2024-01-20T01:52:21,375603252,389785296,2152668,0.55,1270984,14304684,52879564,13.11,6456344,10168968,1324,1077992,1526960,9920,16776,269260
2024-01-20T01:52:26,375636212,389818344,2119548,0.54,1270992,14304748,52579800,13.04,6456348,10174480,304,1083456,1527048,9920,16824,269260
2024-01-20T01:52:31,375634740,389816944,2120836,0.54,1270996,14304840,52997384,13.14,6456356,10177140,1428,1086032,1527136,9984,16908,269284
2024-01-20T01:52:36,375627500,389809928,2128008,0.54,1271000,14305032,52786076,13.09,6456424,10173924,420,1082712,1527008,9968,16932,269236
2024-01-20T01:52:41,375606540,389789264,2148664,0.54,1271000,14305368,52685064,13.07,6456420,10176248,1304,1084688,1526976,9936,16840,269244
2024-01-20T01:52:46,375611084,389793884,2143976,0.54,1271004,14305556,52689628,13.07,6456428,10178408,344,1086688,1526928,9968,16944,269236
2024-01-20T01:52:51,375636768,389819696,2118232,0.54,1271008,14305636,52895404,13.12,6456424,10177908,1348,1085996,1526904,9952,16848,269260
2024-01-20T01:52:56,375655768,389838904,2099032,0.53,1271008,14305816,52792588,13.09,6456436,10179556,212,1087620,1526924,9936,16864,269244
2024-01-20T01:53:01,375652060,389835260,2102744,0.53,1271016,14305892,52693872,13.07,6456440,10181272,1252,1089292,1526836,9968,16916,269252
2024-01-20T01:53:06,375637284,389820576,2117456,0.54,1271020,14305964,52693724,13.07,6456448,10181460,292,1089256,1526824,9952,16832,269212
2024-01-20T01:53:11,375647572,389830440,2107148,0.53,1271020,14306048,52903212,13.12,6456432,10183376,324,1091508,1526760,10016,16640,269244
2024-01-20T01:53:16,375643580,389827172,2110852,0.53,1271020,14306256,52908220,13.12,6456456,10185564,56,1093036,1526840,9952,16848,269244
2024-01-20T01:53:21,375666972,389851372,2086740,0.53,1271024,14307064,49089840,12.17,6456456,10146996,484,1053724,1526748,9936,16228,269212
2024-01-20T01:53:26,375633392,389817432,2120736,0.54,1271028,14306688,53209208,13.2,6456576,10178356,2148,1085516,1526704,9952,16824,269180
2024-01-20T01:53:31,375618404,389802632,2135560,0.54,1271028,14306892,53108748,13.17,6456580,10181728,376,1088768,1526664,9952,16824,269196
2024-01-20T01:53:36,375616248,389800816,2137416,0.54,1271036,14307208,53014260,13.15,6456596,10187076,1504,1093908,1526640,10016,17084,269244
2024-01-20T01:53:41,375631612,389816248,2122096,0.54,1271044,14307284,52908628,13.12,6456588,10184232,528,1090864,1526512,9936,16824,269212
2024-01-20T01:53:46,375619048,389804036,2134168,0.54,1271048,14307612,53011228,13.15,6456668,10182144,1712,1088564,1526672,10016,17032,269276
2024-01-20T01:53:51,375608860,389793908,2144212,0.54,1271048,14307688,52803536,13.09,6456664,10184016,400,1090320,1526740,9984,16940,269268
2024-01-20T01:53:56,375605340,389790612,2147668,0.54,1271048,14307900,52902884,13.12,6456664,10182524,1324,1088536,1526592,9952,16792,269276
2024-01-20T01:54:01,375600556,389785936,2152252,0.55,1271060,14307968,52880444,13.11,6456716,10172068,348,1078200,1526712,9952,16632,269276
2024-01-20T01:54:06,375583276,389769040,2169116,0.55,1271068,14308376,52684480,13.07,6456800,10174980,1320,1080680,1526712,9984,16912,269348
2024-01-20T01:54:11,375591608,389777484,2160748,0.55,1271068,14308488,52963920,13.13,6456852,10185068,472,1090752,1526636,9952,16700,269260
2024-01-20T01:54:16,375607312,389793756,2144732,0.54,1271076,14309040,52785148,13.09,6456864,10175220,1680,1080456,1526388,9952,16900,269244
2024-01-20T01:54:21,375611356,389797860,2140632,0.54,1271088,14309092,52890304,13.12,6456864,10176148,184,1081168,1526380,9952,16816,269212
2024-01-20T01:54:26,375608556,389795144,2143488,0.54,1271096,14309156,53096152,13.17,6456888,10177028,1296,1082020,1526252,9952,16804,269260
2024-01-20T01:54:31,375598020,389784676,2153956,0.55,1271104,14309228,52787584,13.09,6456888,10178160,312,1083036,1526240,9952,16820,269228
2024-01-20T01:54:36,375651764,389838496,2099884,0.53,1271112,14309280,50056436,12.41,6456896,10151184,1304,1056000,1526508,9952,16332,269276
2024-01-20T01:54:41,375620864,389807952,2130664,0.54,1271120,14309636,52977460,13.14,6456972,10182600,364,1087220,1526264,9952,16792,269244
2024-01-20T01:54:46,375631684,389818860,2119740,0.54,1271128,14309716,52887160,13.12,6456968,10177644,1188,1082084,1526280,9952,16808,269244
2024-01-20T01:54:51,375634976,389822296,2116296,0.54,1271132,14309896,52476196,13.01,6456976,10178260,280,1082684,1526248,9952,16816,269212
2024-01-20T01:54:56,375648384,389836216,2102388,0.53,1271136,14310384,53069732,13.16,6456988,10185908,668,1088836,1526256,10160,16784,269292
2024-01-20T01:55:01,375632768,389820472,2118352,0.54,1271144,14310192,53096164,13.17,6457048,10179592,172,1083652,1526092,9968,16816,269212
2024-01-20T01:55:06,375635408,389823184,2115644,0.54,1271152,14310252,52689312,13.07,6457068,10183236,636,1087224,1526092,9984,16952,269236
2024-01-20T01:55:11,375630220,389818056,2120684,0.54,1271156,14310372,53100828,13.17,6457068,10182836,1552,1086752,1526116,9952,16848,269196
2024-01-20T01:55:16,375637912,389825816,2112956,0.54,1271160,14310436,52483068,13.02,6457076,10182716,416,1086536,1526084,9952,16824,269180
2024-01-20T01:55:21,375634748,389822744,2116016,0.54,1271164,14310520,53004176,13.14,6457080,10186056,1592,1089988,1526100,9984,16948,269236
2024-01-20T01:55:26,375634648,389822728,2115980,0.54,1271168,14310592,53003036,13.14,6457088,10186404,444,1090004,1526160,9968,16832,269212
2024-01-20T01:55:31,375632800,389821020,2117780,0.54,1271168,14310740,52696600,13.07,6457088,10188032,1492,1091496,1526060,9968,16844,269180
2024-01-20T01:55:36,375634816,389823124,2115700,0.54,1271168,14310828,52802000,13.09,6457092,10188212,284,1091764,1526036,9968,16864,269196
2024-01-20T01:55:41,375645404,389834300,2104684,0.53,1271172,14311428,52782948,13.09,6457204,10176504,1948,1079476,1525860,10000,16876,269148
2024-01-20T01:55:46,375635864,389824868,2114452,0.54,1271184,14311500,52791700,13.09,6457224,10184352,272,1087152,1525548,9968,16868,269228
2024-01-20T01:55:51,375638600,389827672,2111700,0.53,1271188,14311568,53099516,13.17,6457224,10183004,1200,1085764,1525492,9952,16840,269228
2024-01-20T01:55:56,375638700,389827848,2111628,0.53,1271196,14311632,52794696,13.09,6457236,10185040,284,1087764,1525392,9952,16908,269228
2024-01-20T01:56:01,375644264,389833588,2105888,0.53,1271200,14311824,52692448,13.07,6457240,10186800,1236,1089424,1525372,9984,16932,269260
2024-01-20T01:56:06,375653696,389843236,2096244,0.53,1271204,14312032,52482456,13.01,6457292,10183248,512,1085748,1525372,9952,16832,269244
2024-01-20T01:56:11,375636472,389826348,2113220,0.54,1271212,14312384,52685032,13.07,6457368,10181356,1284,1083480,1525260,10000,16956,269236
2024-01-20T01:56:16,375634384,389824344,2115260,0.54,1271216,14312456,52684840,13.07,6457364,10181800,236,1083928,1525232,9968,16832,269228
2024-01-20T01:56:21,375643224,389833296,2106032,0.53,1271236,14312528,52689276,13.07,6457400,10183816,1188,1085824,1525528,10000,16920,269260
2024-01-20T01:56:26,375616016,389806152,2133384,0.54,1271244,14312588,52886004,13.12,6457400,10215232,76,1117112,1525316,9968,16868,269260
2024-01-20T01:56:31,375649028,389839392,2099880,0.53,1271248,14312796,52663068,13.06,6457404,10187160,516,1088796,1525596,9968,16840,269276
2024-01-20T01:56:36,375645164,389835732,2103316,0.53,1271256,14312996,52900928,13.12,6457484,10185540,500,1087344,1525816,10000,16980,269220
2024-01-20T01:56:41,375641248,389831908,2107112,0.53,1271264,14313072,53001692,13.14,6457480,10185680,0,1088196,1525852,10352,16792,269276
2024-01-20T01:56:46,375644044,389834908,2104192,0.53,1271268,14313268,52797268,13.09,6457496,10186280,768,1087512,1525776,9952,16816,269244
2024-01-20T01:56:51,375647328,389838524,2100560,0.53,1271272,14313592,52684040,13.06,6457560,10180548,444,1081620,1525796,9968,16852,269260
2024-01-20T01:56:56,375632748,389824044,2114700,0.54,1271284,14313680,52788224,13.09,6457572,10181580,812,1082460,1526136,9984,16812,269292
2024-01-20T01:57:01,375632536,389824312,2114392,0.54,1271292,14314152,52483592,13.02,6457584,10185300,868,1085780,1526176,9984,16824,269244
2024-01-20T01:57:06,375638144,389829888,2108860,0.53,1271304,14314072,52792180,13.09,6457656,10183888,776,1084552,1526168,10000,16884,269276
2024-01-20T01:57:11,375621108,389812920,2126020,0.54,1271308,14314140,53000408,13.14,6457656,10185376,260,1086404,1525972,10000,16864,269276
2024-01-20T01:57:16,375616696,389808732,2130184,0.54,1271312,14314360,52787836,13.09,6457720,10182296,664,1082752,1525996,10000,16824,269228
2024-01-20T01:57:21,375605416,389797524,2141448,0.54,1271324,14314408,52892244,13.12,6457732,10184464,208,1084800,1525952,9984,16836,269260
2024-01-20T01:57:26,375601944,389794652,2144436,0.54,1271332,14315004,52793808,13.09,6457744,10187624,832,1087332,1525832,10048,16956,269300
2024-01-20T01:57:31,375613400,389806304,2132800,0.54,1271336,14315196,53000032,13.14,6457748,10187972,188,1087520,1525816,9984,16868,269212
2024-01-20T01:57:36,375613956,389807060,2131980,0.54,1271340,14315388,53107892,13.17,6457752,10190072,1152,1089392,1525884,10000,16836,269244
2024-01-20T01:57:41,375618016,389811196,2127900,0.54,1271344,14315468,52697956,13.07,6457756,10191920,248,1091184,1525820,10000,16864,269228
2024-01-20T01:57:46,375631356,389824744,2114476,0.54,1271348,14315668,52791384,13.09,6457824,10184936,1244,1084048,1525700,10000,16804,269260
2024-01-20T01:57:51,375616344,389809820,2129408,0.54,1271348,14315744,52901396,13.12,6457820,10189624,184,1088688,1525704,9984,16852,269260
2024-01-20T01:57:56,375618856,389812560,2126708,0.54,1271352,14315944,52904956,13.12,6457824,10191240,1232,1090044,1525688,9984,16848,269308
2024-01-20T01:58:01,375645300,389839084,2100228,0.53,1271356,14316008,52600588,13.04,6457832,10193496,280,1092268,1525656,9968,16868,269276
2024-01-20T01:58:06,375669192,389863396,2075784,0.53,1271360,14316332,52796848,13.09,6457892,10187092,1068,1085628,1525880,9952,16840,269340
2024-01-20T01:58:11,375658384,389852668,2086712,0.53,1271364,14316392,52906224,13.12,6457896,10192996,596,1091472,1525696,9984,16956,269300
2024-01-20T01:58:16,375667804,389862180,2076860,0.53,1271368,14316492,52912632,13.12,6457900,10195512,1216,1093836,1526024,9952,16892,269324
2024-01-20T01:58:21,375669872,389864304,2074664,0.53,1271372,14316540,52741712,13.08,6457908,10195784,80,1093628,1526100,9952,16868,269276
2024-01-20T01:58:26,375660344,389854840,2084068,0.53,1271380,14316600,52913456,13.12,6457904,10196760,308,1094972,1526156,10224,16924,269308
2024-01-20T01:58:31,375659576,389854332,2084584,0.53,1271388,14316824,52501956,13.02,6457924,10196520,1212,1094524,1526176,9904,16820,269292
2024-01-20T01:58:36,375644580,389839408,2099536,0.53,1271388,14316884,52815692,13.1,6457928,10199608,340,1097576,1526160,9936,16872,269276
2024-01-20T01:58:41,375649620,389844784,2093908,0.53,1271392,14317232,52906760,13.12,6457984,10192348,1772,1090024,1526396,9952,16864,269260
2024-01-20T01:58:46,375650400,389845628,2093052,0.53,1271396,14317304,52907880,13.12,6457984,10194492,364,1092144,1526396,9952,16876,269260
2024-01-20T01:58:51,375645628,389841224,2097476,0.53,1271404,14317648,53007668,13.15,6458060,10190704,1488,1088064,1526392,9952,16868,269260
2024-01-20T01:58:56,375657440,389853104,2085636,0.53,1271408,14317728,52805808,13.1,6458060,10194804,376,1092080,1526336,9936,16904,269260
2024-01-20T01:59:01,375647484,389843360,2095404,0.53,1271412,14317920,52703168,13.07,6458072,10193808,1224,1090816,1526328,9936,16824,269260
2024-01-20T01:59:06,375674024,389870716,2067872,0.52,1271416,14318732,49072740,12.17,6458124,10144668,520,1040960,1526504,9920,16100,269244
2024-01-20T01:59:11,375619972,389816260,2122600,0.54,1271424,14318320,52877272,13.11,6458200,10213888,1064,1110680,1526232,9952,16908,269244
2024-01-20T01:59:16,375640972,389837332,2101516,0.53,1271432,14318392,52888352,13.12,6458208,10184532,256,1081252,1526236,9920,16804,269196
2024-01-20T01:59:21,375636988,389833692,2105028,0.53,1271436,14318724,52576748,13.04,6458268,10182976,1472,1078884,1526372,9920,16824,269180
2024-01-20T01:59:26,375635284,389832060,2106660,0.53,1271448,14318784,52784860,13.09,6458284,10184976,264,1081292,1526372,9920,16828,269228
2024-01-20T01:59:31,375646476,389843244,2095632,0.53,1271452,14318864,52685628,13.07,6458288,10187200,1048,1083428,1526124,9952,16840,269228
2024-01-20T01:59:36,375643796,389840612,2098340,0.53,1271464,14318920,52997868,13.14,6458288,10190200,224,1085944,1526028,9936,16840,269260
2024-01-20T01:59:41,375646768,389843924,2095240,0.53,1271468,14319264,52680004,13.06,6458364,10185164,1328,1081232,1525808,9936,16820,269260
2024-01-20T01:59:46,375644560,389841820,2097372,0.53,1271476,14319332,52685672,13.07,6458376,10189640,312,1085492,1525808,9968,16900,269300
2024-01-20T01:59:51,375651248,389848608,2090532,0.53,1271476,14319400,52681740,13.06,6458368,10187748,1200,1083500,1525892,9936,16764,269276
2024-01-20T01:59:56,375663324,389860876,2078256,0.53,1271484,14319592,53095392,13.17,6458384,10189044,240,1084660,1525892,9936,16804,269260
2024-01-20T02:00:01,375666448,389864124,2074828,0.53,1271484,14319684,52787640,13.09,6458372,10190184,1192,1085772,1526104,9952,16824,269292
2024-01-20T02:00:06,375668092,389865860,2073080,0.53,1271488,14319760,52688132,13.07,6458388,10191504,252,1086904,1526128,9952,16792,269260
2024-01-20T02:00:11,375667188,389865040,2073888,0.53,1271492,14319844,52690900,13.07,6458396,10194236,420,1089660,1526136,10096,16864,269292
2024-01-20T02:00:16,375683456,389881872,2056904,0.52,1271500,14320300,52789796,13.09,6458460,10189992,184,1084996,1526388,9952,16824,269292
2024-01-20T02:00:21,375673224,389871708,2067060,0.52,1271504,14320372,52899576,13.12,6458464,10193828,412,1088768,1526388,9952,16820,269276
2024-01-20T02:00:26,375661628,389860328,2078428,0.53,1271516,14320576,52892744,13.12,6458524,10188432,1680,1083216,1526400,9968,16812,269292
2024-01-20T02:00:31,375663864,389862752,2076016,0.53,1271524,14320760,53100580,13.17,6458524,10190480,416,1085036,1526384,9968,16792,269260
2024-01-20T02:00:36,375656336,389855316,2083472,0.53,1271528,14320828,52689048,13.07,6458548,10190900,1488,1085392,1526384,9984,16796,269308
2024-01-20T02:00:41,375662264,389861320,2077464,0.53,1271536,14320900,52898376,13.12,6458556,10193740,368,1088128,1526384,9968,16852,269324
2024-01-20T02:00:46,375658020,389857296,2081296,0.53,1271544,14321096,53001476,13.14,6458564,10193708,1256,1087904,1526592,9968,16832,269324
2024-01-20T02:00:51,375631908,389831264,2107344,0.53,1271548,14321180,52891188,13.12,6458572,10225140,332,1119328,1526568,9968,16800,269324
2024-01-20T02:00:56,375665720,389865184,2073608,0.53,1271552,14321280,52596608,13.04,6458580,10198556,1308,1092188,1526388,9968,16832,269292
2024-01-20T02:01:01,375667752,389867432,2071364,0.52,1271556,14321492,53006208,13.14,6458640,10194612,208,1088532,1526384,9968,16832,269244
2024-01-20T02:01:06,375652436,389852304,2086304,0.53,1271556,14321716,52801904,13.09,6458644,10197852,1232,1091508,1526536,9968,16840,269228
2024-01-20T02:01:11,375666480,389866436,2072216,0.52,1271564,14321800,52910964,13.12,6458660,10201788,376,1095404,1526488,10000,16996,269316
2024-01-20T02:01:16,375667124,389867296,2071168,0.52,1271568,14322000,52902012,13.12,6458716,10194880,1212,1088316,1526688,9984,17024,269268
2024-01-20T02:01:21,375654524,389854900,2083592,0.53,1271584,14322208,52900708,13.12,6458724,10195776,272,1089028,1526640,9952,16844,269228
2024-01-20T02:01:26,375655440,389856052,2082528,0.53,1271588,14322412,49957556,12.39,6458848,10181140,1744,1074376,1526580,10016,16788,269244
2024-01-20T02:01:31,375628100,389828924,2109656,0.53,1271600,14322612,52785676,13.09,6458856,10189244,396,1082232,1526580,9968,16824,269228
2024-01-20T02:01:36,375618192,389819232,2119500,0.54,1271600,14322804,52787228,13.09,6458860,10191476,1308,1084288,1526452,10000,16864,269276
2024-01-20T02:01:41,375620440,389821676,2116872,0.54,1271600,14323004,52884240,13.11,6458920,10186200,516,1078376,1526632,10016,16840,269244
2024-01-20T02:01:46,375605296,389806756,2131720,0.54,1271604,14323080,52887684,13.12,6458916,10188984,1248,1081568,1526848,9984,16836,269292
2024-01-20T02:01:51,375608824,389810340,2128144,0.54,1271616,14323132,52682596,13.06,6458940,10190248,268,1082784,1526832,9984,16856,269292
2024-01-20T02:01:56,375599156,389801092,2137464,0.54,1271620,14323472,52775008,13.09,6458988,10185304,1524,1077344,1526836,10224,16620,269292
2024-01-20T02:02:01,375598056,389799964,2138488,0.54,1271620,14323548,53089100,13.17,6458996,10188080,72,1080272,1526836,10016,16872,269276
2024-01-20T02:02:06,375598152,389800172,2138324,0.54,1271624,14323612,52683100,13.06,6459004,10190572,380,1082704,1526836,9968,16820,269228
2024-01-20T02:02:11,375600940,389803020,2135720,0.54,1271628,14323684,52789124,13.09,6459004,10192208,1468,1084168,1526576,9984,16820,269228
2024-01-20T02:02:16,375619968,389822156,2116764,0.54,1271636,14323764,52995192,13.14,6459020,10192792,396,1084788,1526416,9984,16844,269228
2024-01-20T02:02:21,375631380,389833900,2104696,0.53,1271636,14324100,52890604,13.12,6459076,10190352,1880,1082032,1526736,10000,16872,269228
2024-01-20T02:02:26,375619908,389822496,2116088,0.54,1271640,14324168,52998956,13.14,6459088,10194936,444,1086524,1526744,10016,16956,269268
2024-01-20T02:02:31,375606336,389809120,2129188,0.54,1271640,14324364,52967404,13.14,6459084,10195100,1408,1086468,1527020,9984,16820,269356
2024-01-20T02:02:36,375609428,389812296,2126064,0.54,1271652,14324432,52795948,13.09,6459100,10195756,452,1087116,1526972,9984,16844,269308
2024-01-20T02:02:41,375620884,389823812,2114624,0.54,1271656,14324492,52803728,13.09,6459104,10200188,1300,1090600,1526892,9968,16944,269324
2024-01-20T02:02:46,375616972,389819980,2118484,0.54,1271660,14324564,52700768,13.07,6459112,10199436,280,1090624,1526868,9968,16876,269308
2024-01-20T02:02:51,375612576,389815796,2122272,0.54,1271664,14324768,52914008,13.12,6459120,10203316,1264,1094364,1527268,10000,16976,269364
2024-01-20T02:02:56,375608292,389811596,2126536,0.54,1271676,14324836,52807316,13.1,6459128,10202332,388,1093296,1527208,9968,16888,269292
2024-01-20T02:03:01,375615300,389818816,2119248,0.54,1271684,14325056,52795732,13.09,6459188,10194976,1512,1085776,1527260,9968,16844,269276
2024-01-20T02:03:06,375613404,389816988,2121112,0.54,1271684,14325128,53005588,13.14,6459196,10199020,232,1089712,1527220,10000,16912,269244
2024-01-20T02:03:11,375609008,389812748,2125596,0.54,1271684,14325336,53005984,13.14,6459196,10199560,1224,1090020,1526924,9968,16864,269292
2024-01-20T02:03:16,375604140,389807960,2130420,0.54,1271692,14325404,52706900,13.07,6459208,10203604,256,1093548,1526892,9968,16868,269308
2024-01-20T02:03:21,375591748,389795780,2142364,0.54,1271696,14325628,52908456,13.12,6459264,10199296,1488,1089652,1527112,9984,16972,269260
2024-01-20T02:03:26,375580948,389785040,2153064,0.55,1271700,14325692,52909868,13.12,6459272,10202132,216,1092360,1527144,9968,16900,269244
2024-01-20T02:03:31,375589496,389793836,2144240,0.54,1271700,14325916,52899516,13.12,6459328,10195000,1476,1085076,1527196,9968,16836,269276
2024-01-20T02:03:36,375570080,389774580,2163740,0.55,1271700,14326124,53098164,13.17,6459384,10191752,192,1081696,1526904,9968,16832,269260
2024-01-20T02:03:41,375550192,389754772,2183636,0.55,1271708,14326204,52790864,13.09,6459384,10193572,328,1083412,1526808,10128,16712,269228
2024-01-20T02:03:46,375562152,389767008,2171276,0.55,1271716,14326456,52690648,13.07,6459408,10196052,188,1085656,1526948,10000,16952,269244
2024-01-20T02:03:51,375554876,389759940,2178456,0.55,1271724,14326660,52991976,13.14,6459464,10191508,732,1080932,1526832,9952,16832,269260
2024-01-20T02:03:56,375543888,389749120,2188976,0.55,1271724,14326856,52787684,13.09,6459472,10194616,1448,1083916,1527104,9952,16872,269260
2024-01-20T02:04:01,375552056,389757380,2180740,0.55,1271724,14326920,52685552,13.07,6459476,10195056,444,1084220,1527108,9952,16852,269292
2024-01-20T02:04:06,375572100,389778116,2159956,0.55,1271728,14327620,52883200,13.11,6459532,10191000,1960,1079584,1527144,9936,16788,269292
2024-01-20T02:04:11,375570244,389776112,2162016,0.55,1271736,14327460,52875904,13.11,6459600,10185788,404,1074532,1527092,9952,16792,269276
2024-01-20T02:04:16,375565472,389771456,2166620,0.55,1271740,14327532,52779588,13.09,6459608,10190808,1300,1079640,1527184,9952,16840,269324
2024-01-20T02:04:21,375576168,389782208,2155884,0.55,1271740,14327588,52886644,13.12,6459608,10192880,536,1081460,1527168,9952,16816,269292
2024-01-20T02:04:26,375573536,389779868,2158136,0.55,1271740,14327788,52892932,13.12,6459620,10196276,1268,1084776,1527348,10000,16920,269348
2024-01-20T02:04:31,375576904,389783300,2154708,0.55,1271740,14327848,52788688,13.09,6459612,10197080,328,1085432,1527348,9968,16848,269308
2024-01-20T02:04:36,375577080,389783668,2154296,0.55,1271744,14327940,53101604,13.17,6459616,10198964,1260,1087168,1527488,9952,16828,269340
2024-01-20T02:04:41,375588260,389794928,2143044,0.54,1271752,14328012,52998844,13.14,6459628,10199088,236,1087240,1527480,9952,16824,269324
2024-01-20T02:04:46,375594920,389801800,2136444,0.54,1271756,14328220,52898684,13.12,6459632,10200436,1240,1088372,1527208,9952,16832,269324
2024-01-20T02:04:51,375600540,389807500,2130728,0.54,1271756,14328300,52900292,13.12,6459632,10201600,240,1089488,1527224,9952,16848,269324
2024-01-20T02:04:56,375619364,389826424,2111908,0.53,1271756,14328376,52801604,13.09,6459636,10203776,1280,1091628,1527144,9984,16864,269372
2024-01-20T02:05:01,375621220,389828496,2109824,0.53,1271760,14328568,52704308,13.07,6459636,10205872,320,1093436,1527176,9984,16872,269340
2024-01-20T02:05:06,375616632,389824076,2114232,0.54,1271764,14328656,52807608,13.1,6459644,10206272,1352,1093920,1527264,10016,16972,269324
2024-01-20T02:05:11,375627580,389835128,2103204,0.53,1271768,14328740,52814072,13.1,6459652,10208676,300,1096144,1527256,9968,16888,269340
2024-01-20T02:05:16,375630324,389838348,2100008,0.53,1271776,14329200,52897972,13.12,6459756,10196236,1896,1083348,1527240,9968,16816,269308
2024-01-20T02:05:21,375616260,389824376,2114016,0.54,1271780,14329272,53006084,13.14,6459776,10202356,264,1089428,1527220,9968,16860,269244
2024-01-20T02:05:26,375617312,389825488,2112744,0.54,1271780,14329324,52903464,13.12,6459772,10203636,336,1090620,1527388,10336,16848,269340
2024-01-20T02:05:31,375626804,389835344,2102560,0.53,1271792,14329676,52794932,13.09,6459844,10199152,364,1085324,1527716,10000,16812,269324
2024-01-20T02:05:36,375613760,389822364,2115572,0.54,1271800,14329744,53006816,13.14,6459860,10203152,596,1089840,1527672,10016,17044,269332
2024-01-20T02:05:41,375641204,389850004,2088032,0.53,1271808,14329956,52801480,13.09,6459868,10205340,1356,1091816,1527548,9952,16904,269260
2024-01-20T02:05:46,375643476,389852400,2085664,0.53,1271808,14330052,52803200,13.09,6459868,10205304,408,1091632,1527548,9952,16852,269276
2024-01-20T02:05:51,375607896,389817224,2120464,0.54,1271812,14330392,52678524,13.06,6459932,10230772,1584,1116824,1527984,9968,16884,269260
2024-01-20T02:05:56,375628840,389838392,2099420,0.53,1271820,14330604,52885884,13.12,6459996,10195776,608,1081728,1527864,9984,16900,269244
2024-01-20T02:06:01,375615180,389824860,2112972,0.54,1271828,14330688,52688648,13.07,6460008,10200968,1580,1086812,1527880,10000,17012,269300
2024-01-20T02:06:06,375617924,389827676,2110228,0.53,1271832,14330756,52689068,13.07,6460012,10201052,460,1086772,1527808,9968,16860,269292
2024-01-20T02:06:11,375617772,389827928,2109744,0.53,1271836,14331092,50259908,12.46,6460124,10185208,1836,1070756,1528104,9984,16636,269228
2024-01-20T02:06:16,375595708,389806056,2131616,0.54,1271836,14331284,52676584,13.06,6460124,10194484,332,1079812,1528104,9984,16792,269196
2024-01-20T02:06:21,375598028,389808448,2129124,0.54,1271840,14331352,52573964,13.04,6460136,10195016,1296,1080224,1528204,9984,16820,269324
2024-01-20T02:06:26,375601644,389812256,2125484,0.54,1271848,14331540,53081412,13.16,6460196,10189324,564,1074464,1528032,9984,16748,269292
2024-01-20T02:06:31,375569012,389779820,2157836,0.55,1271848,14331736,52867768,13.11,6460200,10223164,1216,1108220,1528116,9968,16904,269292
2024-01-20T02:06:36,375602452,389813312,2124368,0.54,1271848,14331796,52879872,13.11,6460200,10194016,240,1078944,1528084,9968,16840,269276
2024-01-20T02:06:41,375608352,389819300,2118304,0.54,1271852,14331860,52885632,13.11,6460208,10197068,1236,1081932,1528180,9968,16848,269276
2024-01-20T02:06:46,375571156,389782308,2155252,0.55,1271860,14332052,52982224,13.14,6460216,10230004,300,1114748,1528228,9952,16848,269260
2024-01-20T02:06:51,375594332,389805556,2132272,0.54,1271868,14332128,52789620,13.09,6460228,10202472,1228,1087060,1527948,9968,16880,269292
2024-01-20T02:06:56,375598644,389810092,2127808,0.54,1271880,14332324,52996196,13.14,6460240,10202952,220,1087220,1527892,9968,16852,269244
2024-01-20T02:07:01,375613292,389824940,2112728,0.54,1271884,14332544,52898140,13.12,6460240,10205164,1172,1089264,1528100,9968,16824,269292
2024-01-20T02:07:06,375616820,389828556,2109144,0.53,1271892,14332600,52898684,13.12,6460256,10206704,56,1090808,1528092,9984,16880,269276
2024-01-20T02:07:11,375620892,389832816,2104772,0.53,1271896,14332804,52692964,13.07,6460252,10206236,364,1090088,1528184,10000,16832,269308
2024-01-20T02:07:16,375626072,389838076,2099528,0.53,1271896,14332868,52695664,13.07,6460260,10207208,52,1091084,1528184,10000,16844,269276
2024-01-20T02:07:21,375633052,389845148,2092480,0.53,1271904,14332952,53016556,13.15,6460260,10213128,524,1096924,1528160,9952,16852,269180
2024-01-20T02:07:26,375624992,389837440,2100380,0.53,1271908,14333288,53017516,13.15,6460276,10213476,604,1096908,1527980,9984,16884,269228
2024-01-20T02:07:31,375641092,389853840,2083960,0.53,1271912,14333612,52915064,13.12,6460280,10214228,348,1097328,1527972,9984,16876,269196
2024-01-20T02:07:36,375622176,389835164,2102760,0.53,1271916,14333832,53104248,13.17,6460392,10201528,808,1084540,1527864,9984,16660,269228
2024-01-20T02:07:41,375597156,389810344,2127580,0.54,1271920,14334032,52904312,13.12,6460396,10206780,296,1089560,1527860,9984,16852,269260
2024-01-20T02:07:46,375591368,389804780,2133064,0.54,1271928,14334228,53110468,13.17,6460412,10207544,688,1090092,1527960,10000,16868,269228
2024-01-20T02:07:51,375563648,389777120,2160716,0.55,1271932,14334300,52791692,13.09,6460412,10237476,272,1120004,1527952,9984,16912,269228
2024-01-20T02:07:56,375587760,389801356,2136564,0.54,1271936,14334372,53012000,13.15,6460424,10208752,1168,1091192,1527916,10000,16840,269244
2024-01-20T02:08:01,375585680,389799596,2138152,0.54,1271940,14334696,53107788,13.17,6460480,10205060,616,1087312,1528080,10016,16904,269212
2024-01-20T02:08:06,375569240,389783244,2154288,0.55,1271948,14334780,52598384,13.04,6460496,10209056,616,1091232,1528292,10000,16848,269228
2024-01-20T02:08:11,375568828,389783176,2154364,0.55,1271960,14335124,52885008,13.11,6460608,10195984,872,1077876,1528272,10000,16828,269244
2024-01-20T02:08:16,375535040,389749384,2187860,0.55,1271964,14335328,52582836,13.04,6460632,10201732,1232,1083408,1528356,10032,16940,269300
2024-01-20T02:08:21,375545784,389760216,2177216,0.55,1271976,14335388,52996724,13.14,6460648,10204204,268,1085852,1528184,10016,16976,269268
2024-01-20T02:08:26,375540060,389754576,2182972,0.55,1271980,14335472,52890236,13.12,6460644,10201228,652,1082708,1528064,10000,16800,269212
2024-01-20T02:08:31,375552428,389767156,2170580,0.55,1271988,14335664,53092020,13.17,6460712,10200004,532,1081396,1527888,10000,16844,269212
2024-01-20T02:08:36,375528868,389743924,2193972,0.56,1271992,14335996,52785088,13.09,6460716,10202508,1140,1083588,1527720,10000,16860,269260
2024-01-20T02:08:41,375530148,389745284,2192604,0.56,1272004,14336072,52991232,13.14,6460724,10201816,272,1082744,1527720,10000,16760,269244
2024-01-20T02:08:46,375539184,389754424,2183504,0.55,1272008,14336152,52686372,13.07,6460732,10205072,892,1085856,1527700,10000,16840,269260
2024-01-20T02:08:51,375545664,389761092,2176772,0.55,1272016,14336344,52574836,13.04,6460792,10198796,376,1079556,1527752,10000,16816,269244
2024-01-20T02:08:56,375551880,389767652,2170196,0.55,1272020,14336672,52981092,13.14,6460856,10196424,1472,1077012,1527780,10000,16812,269244
2024-01-20T02:09:01,375556472,389772292,2165544,0.55,1272028,14336728,52992460,13.14,6460864,10203384,408,1083860,1527776,10032,16948,269284
2024-01-20T02:09:06,375556440,389772336,2165520,0.55,1272036,14336776,52781484,13.09,6460872,10201640,624,1081960,1527776,9984,16764,269244
2024-01-20T02:09:11,375567632,389783756,2154304,0.55,1272044,14336976,52782448,13.09,6460880,10201340,1168,1081480,1527592,10016,16796,269308
2024-01-20T02:09:16,375568668,389784876,2153260,0.55,1272048,14337044,52890332,13.12,6460900,10204944,460,1085132,1527528,10048,16952,269332
2024-01-20T02:09:21,375576784,389793128,2144952,0.54,1272056,14337112,52890848,13.12,6460896,10205460,1636,1085440,1527644,10016,16836,269308
2024-01-20T02:09:26,375579648,389795792,2142300,0.54,1272060,14336896,52997692,13.14,6460608,10207884,372,1087856,1527644,10016,16832,269308
2024-01-20T02:09:31,375578888,389795304,2142652,0.54,1272072,14337124,52801452,13.09,6460628,10212432,1548,1092240,1527812,10032,17008,269300
2024-01-20T02:09:36,375598376,389814876,2123080,0.54,1272076,14337204,52698376,13.07,6460628,10212896,376,1092572,1527812,10000,16872,269276
2024-01-20T02:09:41,375598076,389814676,2123556,0.54,1272080,14337296,52801712,13.09,6460636,10213144,1284,1092676,1527540,10016,16840,269276
2024-01-20T02:09:46,375603268,389820212,2117924,0.54,1272088,14337624,52897576,13.12,6460700,10208084,544,1087356,1527644,10016,16836,269260
2024-01-20T02:09:51,375606736,389823768,2114268,0.54,1272092,14337700,53006012,13.14,6460704,10211960,968,1091208,1527752,10016,16876,269292
2024-01-20T02:09:56,375609176,389826308,2111784,0.53,1272104,14337764,52800432,13.09,6460720,10212336,248,1091476,1527720,10000,16856,269308
2024-01-20T02:10:01,375593788,389811204,2126924,0.54,1272108,14337976,53113584,13.17,6460728,10215488,1396,1094504,1527752,10016,16980,269268
2024-01-20T02:10:06,375595580,389813072,2125052,0.54,1272112,14338052,52801308,13.09,6460728,10212880,340,1091700,1527752,9984,16856,269276
2024-01-20T02:10:11,375619932,389837628,2100740,0.53,1272112,14338256,52589016,13.04,6460784,10208160,1028,1086872,1527508,9984,16840,269260
2024-01-20T02:10:16,375605716,389823788,2114840,0.54,1272120,14338588,52579108,13.04,6460900,10201272,828,1079780,1527284,9984,16768,269300
2024-01-20T02:10:21,375567740,389786136,2152192,0.55,1272124,14338792,52783484,13.09,6460916,10203064,1216,1081428,1527700,9984,16824,269356
2024-01-20T02:10:26,375584620,389803072,2135404,0.54,1272128,14338848,52688960,13.07,6460916,10205900,248,1084136,1527548,9984,16780,269308
2024-01-20T02:10:31,375580376,389798984,2139324,0.54,1272132,14338924,52895052,13.12,6460916,10206948,1200,1085232,1527792,10000,16860,269372
2024-01-20T02:10:36,375580720,389799396,2138920,0.54,1272136,14338988,52692732,13.07,6460928,10209148,216,1087260,1527784,9984,16856,269324
2024-01-20T02:10:41,375568608,389787636,2150716,0.54,1272140,14339332,52998568,13.14,6460992,10207452,1476,1085300,1527752,10016,16948,269364
2024-01-20T02:10:46,375551480,389770596,2167800,0.55,1272148,14339408,52755480,13.08,6461000,10207420,84,1085204,1527712,9968,16848,269324
2024-01-20T02:10:51,375548488,389767828,2170452,0.55,1272148,14339628,52782592,13.09,6461048,10201972,72,1079584,1527832,9952,16772,269276
2024-01-20T02:10:56,375545364,389764728,2173564,0.55,1272152,14339712,53096604,13.17,6461060,10206068,1436,1083684,1527756,9968,16864,269276
2024-01-20T02:11:01,375562248,389781664,2156624,0.55,1272152,14339764,52689224,13.07,6461064,10207728,596,1085256,1527760,9984,16912,269276
2024-01-20T02:11:06,375572196,389791684,2146700,0.54,1272160,14339836,52793292,13.09,6461068,10208768,1380,1086232,1527656,9968,16876,269292
2024-01-20T02:11:11,375570936,389790508,2147888,0.54,1272164,14339900,52896536,13.12,6461080,10209444,520,1086864,1527660,9968,16880,269276
2024-01-20T02:11:16,375595432,389815780,2122200,0.54,1272168,14340924,49182004,12.2,6461088,10171772,1780,1048120,1527824,9968,16368,269276
2024-01-20T02:11:21,375570600,389790640,2147348,0.54,1272180,14340632,52688580,13.07,6461156,10207476,464,1084200,1527788,9968,16924,269228
2024-01-20T02:11:26,375586872,389807132,2130740,0.54,1272184,14340836,52679828,13.06,6461208,10203388,1292,1079960,1527916,9952,16780,269212
2024-01-20T02:11:31,375578592,389798948,2138936,0.54,1272196,14340904,52785052,13.09,6461228,10206400,228,1082880,1527920,9904,16800,269212
2024-01-20T02:11:36,375588804,389809276,2128504,0.54,1272200,14341104,52892680,13.12,6461224,10208624,1248,1084936,1527936,9952,16884,269244
2024-01-20T02:11:41,375601556,389822096,2115816,0.54,1272200,14341144,52793140,13.09,6461232,10210468,228,1086732,1527832,9952,16876,269212
2024-01-20T02:11:46,375609136,389829752,2108008,0.53,1272200,14341228,52903976,13.12,6461236,10213908,1212,1090052,1527976,9952,16880,269180
2024-01-20T02:11:51,375612528,389833228,2104536,0.53,1272200,14341308,53114312,13.17,6461244,10217468,348,1093692,1527976,9984,17032,269188
2024-01-20T02:11:56,375607388,389828068,2109640,0.53,1272200,14341508,52595900,13.04,6461240,10216464,1204,1092316,1527812,9952,16916,269228
2024-01-20T02:12:01,375578880,389799648,2138068,0.54,1272200,14341584,52894800,13.12,6461240,10245812,196,1121616,1527816,9952,16888,269180
2024-01-20T02:12:06,375603044,389823996,2113780,0.54,1272200,14341812,53014068,13.15,6461244,10219196,1300,1094752,1527712,9952,16912,269164
2024-01-20T02:12:11,375613396,389834444,2103384,0.53,1272200,14341896,52603248,13.04,6461248,10219564,180,1094996,1527672,9952,16924,269164
2024-01-20T02:12:16,375611080,389832464,2105432,0.53,1272208,14342228,53004244,13.14,6461308,10213868,1532,1089116,1527600,9952,16924,269228
2024-01-20T02:12:21,375625804,389847944,2090008,0.53,1272220,14343004,48881688,12.12,6461324,10177576,256,1052088,1527512,9968,16364,269188
2024-01-20T02:12:26,375591220,389813084,2124892,0.54,1272224,14342652,52901268,13.12,6461376,10215004,1344,1089908,1527560,9968,16896,269276
2024-01-20T02:12:31,375636000,389858032,2079956,0.53,1272228,14342844,52790484,13.09,6461444,10209076,492,1083788,1527520,9936,16780,269180
2024-01-20T02:12:36,375611108,389833256,2104784,0.53,1272232,14342912,52792912,13.09,6461440,10212696,80,1087276,1527512,9904,16804,269148
2024-01-20T02:12:41,375596624,389819012,2119292,0.54,1272244,14343116,52681716,13.06,6461520,10208836,1828,1083416,1527272,9936,16948,269180
2024-01-20T02:12:46,375588936,389811524,2126896,0.54,1272252,14343312,52677544,13.06,6461584,10205280,624,1079656,1527152,9936,16852,269164
2024-01-20T02:12:51,375570856,389793704,2144500,0.54,1272252,14343536,52683968,13.06,6461592,10210596,1736,1084736,1527404,9968,16968,269156
2024-01-20T02:12:56,375566576,389789488,2148736,0.54,1272256,14343592,52577508,13.04,6461584,10208716,516,1082712,1527388,9936,16828,269164
2024-01-20T02:13:01,375564560,389787704,2150784,0.54,1272268,14343804,52783768,13.09,6461608,10210220,1632,1084036,1527132,9904,16852,269164
2024-01-20T02:13:06,375562900,389786240,2152228,0.55,1272268,14344012,52891736,13.12,6461608,10213128,356,1086776,1527140,9904,16832,269148
2024-01-20T02:13:11,375578416,389802056,2136280,0.54,1272272,14344232,52580672,13.04,6461668,10209496,1384,1082984,1527348,9904,16872,269164
2024-01-20T02:13:16,375558564,389782288,2156288,0.55,1272280,14344316,52581228,13.04,6461680,10246584,528,1120012,1527100,9936,17004,269204
2024-01-20T02:13:21,375586672,389810628,2127928,0.54,1272288,14344528,52694472,13.07,6461692,10216148,1220,1089388,1527132,9920,16900,269164
2024-01-20T02:13:26,375599880,389823892,2114648,0.54,1272300,14344596,52907052,13.12,6461688,10219752,452,1092928,1527124,9952,17020,269172
2024-01-20T02:13:31,375596616,389820728,2117968,0.54,1272300,14344660,52629444,13.05,6461708,10218176,1196,1091180,1527004,9920,16880,269164
2024-01-20T02:13:36,375581460,389805752,2132920,0.54,1272304,14344836,52792136,13.09,6461760,10212356,360,1085316,1527028,9936,16864,269148
2024-01-20T02:13:41,375534708,389759232,2179452,0.55,1272304,14345044,52680596,13.06,6461768,10245180,1284,1117932,1527040,9920,16908,269132
2024-01-20T02:13:46,375572904,389797488,2141252,0.54,1272308,14345100,52899856,13.12,6461772,10216200,348,1088904,1526984,9936,16884,269148
2024-01-20T02:13:51,375583900,389808656,2129804,0.54,1272316,14345296,52594008,13.04,6461780,10217944,1304,1090396,1527232,9936,16936,269196
2024-01-20T02:13:56,375576056,389800888,2137636,0.54,1272320,14345368,52806824,13.1,6461780,10221028,256,1093404,1527168,9936,16856,269212
2024-01-20T02:14:01,375570596,389795528,2143004,0.54,1272324,14345460,52912636,13.12,6461792,10224132,1292,1096528,1527164,9936,16964,269212
2024-01-20T02:14:06,375571948,389796976,2141668,0.54,1272328,14345544,52813352,13.1,6461792,10226124,368,1097828,1527060,9936,16900,269212
2024-01-20T02:14:11,375572700,389797960,2140476,0.54,1272332,14345776,52813552,13.1,6461800,10226320,1308,1098360,1527264,9936,16900,269212
2024-01-20T02:14:16,375577404,389802880,2135692,0.54,1272336,14345988,52909704,13.12,6461864,10221292,516,1093148,1527128,9968,16968,269220
2024-01-20T02:14:21,375528272,389753844,2184740,0.55,1272340,14346072,52794108,13.09,6461868,10253772,404,1125696,1527124,10160,16856,269324
2024-01-20T02:14:26,375574324,389800116,2138384,0.54,1272348,14346292,52901140,13.12,6461912,10217008,204,1088628,1527200,9936,16852,269308
2024-01-20T02:14:31,375563792,389789744,2148728,0.54,1272348,14346480,52696516,13.07,6461936,10219288,48,1090768,1527200,9952,16980,269276
2024-01-20T02:14:36,375568360,389794404,2144088,0.54,1272356,14346532,49866416,12.37,6461984,10210388,1588,1081440,1527212,10016,16652,269300
2024-01-20T02:14:41,375552396,389779080,2159388,0.55,1272356,14347180,52588944,13.04,6461996,10217536,980,1088416,1527228,9904,16860,269228
2024-01-20T02:14:46,375572844,389799632,2138448,0.54,1272368,14347236,52878544,13.11,6462132,10204104,1480,1074992,1527652,9920,16816,269228
2024-01-20T02:14:51,375546692,389773540,2164660,0.55,1272372,14347296,52654712,13.06,6462180,10197944,572,1068796,1527528,9904,16612,269244
2024-01-20T02:14:56,375533224,389760272,2177740,0.55,1272376,14347496,53082904,13.16,6462192,10205172,1496,1075764,1527712,9936,16796,269228
2024-01-20T02:15:01,375542748,389769848,2168196,0.55,1272380,14347544,52570940,13.04,6462204,10207120,344,1077704,1527680,9968,16876,269260
2024-01-20T02:15:06,375538160,389765460,2172508,0.55,1272384,14347736,52983604,13.14,6462208,10208144,1308,1078604,1527760,10032,16996,269244
2024-01-20T02:15:11,375549992,389777364,2160624,0.55,1272396,14347808,52785772,13.09,6462200,10212528,236,1082888,1527728,9936,16852,269196
2024-01-20T02:15:16,375557016,389784736,2153208,0.55,1272400,14348144,52692248,13.07,6462232,10218056,1452,1088188,1527780,10000,17076,269308
2024-01-20T02:15:21,375575256,389803048,2135208,0.54,1272404,14348224,52890164,13.12,6462224,10214908,244,1084864,1527456,9936,16860,269228
2024-01-20T02:15:26,375588460,389816492,2121748,0.54,1272412,14348432,52583440,13.04,6462240,10215792,1300,1085572,1527496,9952,16876,269260
2024-01-20T02:15:31,375591764,389819888,2118352,0.54,1272424,14348512,52793604,13.09,6462256,10217972,212,1087212,1527496,10000,16996,269268
2024-01-20T02:15:36,375595268,389823644,2114692,0.54,1272432,14348724,52695276,13.07,6462260,10219668,1304,1089044,1527432,9936,16832,269308
2024-01-20T02:15:41,375608068,389836520,2101812,0.53,1272444,14348796,52599236,13.04,6462272,10223784,340,1093212,1527428,9936,16888,269244
2024-01-20T02:15:46,375610552,389839308,2099036,0.53,1272444,14349004,53000648,13.14,6462320,10215464,1620,1084192,1527512,9952,16804,269260
2024-01-20T02:15:51,375596136,389824944,2113420,0.54,1272452,14349060,52802412,13.09,6462332,10221768,240,1090916,1527480,9920,16880,269228
2024-01-20T02:15:56,375612672,389841880,2096312,0.53,1272460,14349392,52890780,13.12,6462392,10211824,1540,1080768,1527712,9920,16820,269196
2024-01-20T02:16:01,375600084,389829344,2108844,0.53,1272472,14349444,52690064,13.07,6462404,10217668,252,1086516,1527704,9920,16868,269212
2024-01-20T02:16:06,375593884,389823248,2114920,0.54,1272476,14349532,52899468,13.12,6462420,10219056,492,1087912,1527736,10272,16908,269228
2024-01-20T02:16:11,375608680,389838352,2099940,0.53,1272480,14349728,52694144,13.07,6462432,10220008,84,1088628,1527720,9952,16976,269212
2024-01-20T02:16:16,375580188,389809936,2128364,0.54,1272484,14349792,52890540,13.12,6462436,10251368,364,1119860,1527720,9920,16900,269196
2024-01-20T02:16:21,375636272,389866892,2071192,0.52,1272492,14350608,49185540,12.2,6462436,10181272,440,1048948,1527984,9920,16216,269180
2024-01-20T02:16:26,375615588,389845708,2092480,0.53,1272496,14350092,53118464,13.17,6462516,10224940,544,1093252,1527892,10000,17112,269212
2024-01-20T02:16:31,375598332,389828648,2109300,0.53,1272508,14350308,52806912,13.1,6462512,10225348,1668,1093492,1528100,9952,16976,269220
2024-01-20T02:16:36,375608536,389839100,2098984,0.53,1272512,14350520,52693676,13.07,6462584,10219620,776,1087048,1527996,9936,16892,269228
2024-01-20T02:16:41,375588180,389818976,2119008,0.54,1272520,14350672,53210344,13.2,6462584,10221208,1352,1088876,1528168,9952,16864,269308
2024-01-20T02:16:46,375600088,389830984,2106996,0.53,1272528,14350756,49967488,12.39,6462652,10213720,472,1081560,1528180,9952,16744,269276
2024-01-20T02:16:51,375588580,389820056,2117980,0.54,1272532,14351340,52897124,13.12,6462660,10219544,1276,1086632,1528116,9952,16840,269308
2024-01-20T02:16:56,375593980,389825544,2112588,0.54,1272540,14351404,52796092,13.09,6462672,10221812,248,1089016,1528036,9968,16920,269260
2024-01-20T02:17:01,375629252,389860924,2077528,0.53,1272544,14351604,52582428,13.04,6462728,10215828,1532,1082756,1527620,9968,16848,269212
2024-01-20T02:17:06,375611368,389843160,2095328,0.53,1272556,14351672,52892804,13.12,6462748,10218000,288,1084804,1527624,9968,16856,269212
2024-01-20T02:17:11,375604220,389836340,2101996,0.53,1272560,14352004,52793060,13.09,6462752,10220684,1216,1087196,1527768,9984,16896,269180
2024-01-20T02:17:16,375621968,389854156,2084072,0.53,1272568,14352072,52878116,13.11,6462808,10212348,464,1078840,1527868,10000,16820,269204
2024-01-20T02:17:21,375615888,389848292,2090208,0.53,1272576,14352400,52775304,13.09,6462872,10210584,1464,1076356,1527476,9952,16760,269148
2024-01-20T02:17:26,375614124,389846720,2091796,0.53,1272576,14352584,52783760,13.09,6462888,10216560,252,1082664,1527468,9984,16948,269156
2024-01-20T02:17:31,375602188,389834972,2103472,0.53,1272576,14352800,52782588,13.09,6462876,10215312,1212,1081112,1527512,9984,16828,269212
2024-01-20T02:17:36,375602232,389835064,2103440,0.53,1272584,14352852,52787008,13.09,6462892,10218736,340,1084096,1527440,10000,16988,269236
2024-01-20T02:17:41,375612988,389846028,2092156,0.53,1272588,14353052,52789324,13.09,6462904,10220392,1200,1086008,1527764,9984,16992,269220
2024-01-20T02:17:46,375614932,389848048,2090196,0.53,1272596,14353104,52682776,13.06,6462912,10219196,224,1084744,1527720,9952,16872,269164
2024-01-20T02:17:51,375616024,389849224,2088996,0.53,1272600,14353180,52685368,13.07,6462904,10221124,568,1086548,1527748,10112,17160,269180
2024-01-20T02:17:56,375629696,389862992,2075336,0.53,1272608,14353268,52898044,13.12,6462924,10224412,1076,1089792,1527640,9952,16872,269212
2024-01-20T02:18:01,375629352,389862848,2075460,0.53,1272616,14353468,53003520,13.14,6462936,10225056,460,1090236,1527652,9952,16960,269196
2024-01-20T02:18:06,375642452,389876176,2062008,0.52,1272628,14353684,52696608,13.07,6462948,10226628,1432,1091612,1527776,9952,16896,269148
2024-01-20T02:18:11,375654168,389888096,2050360,0.52,1272632,14353872,52794000,13.09,6463008,10221788,388,1086656,1527516,9952,16896,269180
2024-01-20T02:18:16,375633380,389867532,2070956,0.52,1272644,14354088,52899600,13.12,6463024,10224360,1512,1088944,1527480,9968,16848,269180
2024-01-20T02:18:21,375626048,389860392,2077904,0.53,1272652,14354272,52793672,13.09,6463088,10221580,720,1086176,1527672,9984,16900,269156
2024-01-20T02:18:26,375578748,389813164,2125112,0.54,1272652,14354352,52781356,13.09,6463088,10252568,760,1117028,1527684,9952,16920,269196
2024-01-20T02:18:31,375602608,389837104,2101192,0.53,1272652,14354412,52896484,13.12,6463092,10224096,296,1088476,1527684,9936,16896,269228
2024-01-20T02:18:36,375617572,389852368,2085584,0.53,1272656,14354608,52690876,13.07,6463096,10224604,1260,1088808,1528128,9952,16904,269228
2024-01-20T02:18:41,375618500,389853512,2084420,0.53,1272664,14354816,52889968,13.12,6463156,10219904,260,1083960,1528148,9920,16780,269228
2024-01-20T02:18:46,375601640,389836780,2101260,0.53,1272672,14354908,52583168,13.04,6463172,10221268,576,1085160,1528068,9920,16816,269292
2024-01-20T02:18:51,375607252,389842612,2095544,0.53,1272684,14355116,53005856,13.14,6463192,10228272,364,1092056,1527952,9984,17080,269340
2024-01-20T02:18:56,375614916,389850472,2087724,0.53,1272692,14355192,52900128,13.12,6463192,10225988,1156,1089672,1528024,9904,16844,269228
2024-01-20T02:19:01,375612676,389848320,2089996,0.53,1272704,14355260,52798416,13.09,6463208,10227240,160,1090812,1527912,9920,16832,269212
2024-01-20T02:19:06,375614344,389850324,2088096,0.53,1272712,14355596,52898472,13.12,6463276,10223180,584,1086428,1527800,9952,16932,269236
2024-01-20T02:19:11,375606736,389842824,2095628,0.53,1272724,14355680,52689968,13.07,6463288,10224004,160,1087200,1527780,9920,16836,269196
2024-01-20T02:19:16,375604416,389840584,2097812,0.53,1272732,14355760,52594476,13.04,6463300,10228344,1220,1091656,1527828,9952,17008,269236
2024-01-20T02:19:21,375605928,389842176,2096308,0.53,1272740,14355824,52694040,13.07,6463296,10227456,104,1090584,1527748,9904,16868,269180
2024-01-20T02:19:26,375641800,389878240,2060116,0.52,1272748,14356016,51173928,12.69,6463364,10181752,936,1044768,1527868,9920,16936,269132
2024-01-20T02:19:31,375618452,389855232,2083320,0.53,1272756,14356372,49856376,12.36,6463476,10212588,372,1074868,1527648,9920,16468,269116
2024-01-20T02:19:36,375591592,389828588,2109416,0.53,1272764,14356576,52682784,13.06,6463492,10220980,840,1083604,1528200,10064,16816,269196
2024-01-20T02:19:41,375592112,389829212,2109216,0.53,1272776,14356656,52889852,13.12,6463512,10221224,1472,1083632,1527788,9904,16892,269180
2024-01-20T02:19:46,375616760,389853964,2084420,0.53,1272780,14356792,52996288,13.14,6463512,10221988,372,1084336,1527796,9904,16872,269148
2024-01-20T02:19:51,375613432,389850996,2087052,0.53,1272788,14357116,52574060,13.04,6463584,10216592,1300,1078636,1528160,9904,16864,269196
2024-01-20T02:19:56,375601120,389838868,2099168,0.53,1272796,14357296,52991916,13.14,6463592,10221484,336,1083440,1528168,9936,16956,269236
2024-01-20T02:20:01,375593984,389831820,2106236,0.53,1272800,14357368,52790888,13.09,6463604,10224216,1592,1086116,1528160,9936,16940,269204
2024-01-20T02:20:06,375595396,389833308,2104708,0.53,1272804,14357460,52788684,13.09,6463600,10222580,520,1084296,1528180,9936,16864,269196
2024-01-20T02:20:11,375614520,389852788,2085208,0.53,1272804,14357796,52994104,13.14,6463668,10222380,1296,1083768,1528220,9984,17000,269252
2024-01-20T02:20:16,375612124,389850456,2087580,0.53,1272808,14357872,52892472,13.12,6463664,10224472,424,1085764,1528164,9952,16896,269244
2024-01-20T02:20:21,375599724,389838196,2099488,0.53,1272812,14357960,52693464,13.07,6463680,10226808,892,1088080,1528564,9952,16904,269180
2024-01-20T02:20:26,375566804,389805344,2132524,0.54,1272816,14358020,52996456,13.14,6463684,10259488,292,1120704,1528384,9952,16872,269164
2024-01-20T02:20:31,375617032,389855812,2081852,0.53,1272820,14358220,52704200,13.07,6463684,10232292,972,1093304,1528624,9952,16932,269180
2024-01-20T02:20:36,375619880,389858732,2079020,0.53,1272832,14358280,52807160,13.1,6463696,10233188,236,1094080,1528536,9952,16972,269228
2024-01-20T02:20:41,375626524,389865736,2071884,0.52,1272836,14358484,52910800,13.12,6463704,10233144,992,1093840,1528820,9952,16868,269260
2024-01-20T02:20:46,375623268,389862536,2075160,0.53,1272840,14358556,52705140,13.07,6463704,10233476,228,1094176,1528724,9968,16912,269228
2024-01-20T02:20:51,375618468,389858788,2079056,0.53,1272848,14359468,52917332,13.12,6463724,10237452,1472,1097132,1528708,9984,16908,269260
2024-01-20T02:20:56,375621732,389861572,2076300,0.53,1272852,14358984,53009096,13.15,6463780,10229636,244,1089912,1528680,9984,16896,269260
2024-01-20T02:21:01,375613420,389853452,2084508,0.53,1272860,14359188,52773132,13.09,6463784,10232900,992,1093052,1528572,9968,16868,269260
2024-01-20T02:21:06,375614220,389854348,2083656,0.53,1272864,14359252,52716200,13.07,6463800,10238260,240,1098348,1528556,10000,17012,269300
2024-01-20T02:21:11,375601812,389842064,2095796,0.53,1272868,14359352,52689196,13.07,6463796,10241344,1012,1101336,1528720,10016,17044,269364
2024-01-20T02:21:16,375596672,389837252,2100476,0.53,1272872,14359680,52797864,13.09,6463916,10226048,72,1085756,1528848,9984,16916,269292
2024-01-20T02:21:21,375573388,389814200,2123008,0.54,1272876,14359900,53112992,13.17,6463920,10232620,988,1091584,1529376,10144,16916,269300
2024-01-20T02:21:26,375568600,389809472,2128216,0.54,1272884,14359964,52800584,13.09,6463936,10229316,136,1088684,1528884,10000,16864,269228
2024-01-20T02:21:31,375573416,389814360,2123356,0.54,1272888,14360044,53006504,13.14,6463932,10230184,460,1089560,1528844,9984,16916,269212
2024-01-20T02:21:36,375586200,389827496,2110244,0.53,1272892,14360372,52896148,13.12,6463996,10224780,1660,1083896,1528840,9984,16800,269212
2024-01-20T02:21:41,375573644,389815000,2122804,0.54,1272892,14360432,52795224,13.09,6464000,10228224,412,1087200,1528776,9984,16892,269260
2024-01-20T02:21:46,375573148,389814860,2122768,0.54,1272896,14360644,52793292,13.09,6464056,10226352,1520,1085272,1529092,10000,16976,269212
2024-01-20T02:21:51,375570020,389811820,2125804,0.54,1272896,14360736,52589104,13.04,6464060,10227284,320,1086060,1529092,9984,16868,269180
2024-01-20T02:21:56,375593924,389836604,2100984,0.53,1272896,14361632,49180048,12.2,6464064,10189564,1164,1047392,1529112,9968,16284,269196
2024-01-20T02:22:01,375581088,389823256,2114212,0.54,1272900,14361116,49949000,12.39,6464168,10211104,436,1069676,1529232,9968,16656,269196
2024-01-20T02:22:06,375568752,389811152,2126232,0.54,1272908,14361336,52511172,13.02,6464192,10224824,1296,1083124,1529320,10016,17032,269236
2024-01-20T02:22:11,375568588,389811156,2126228,0.54,1272908,14361520,52576312,13.04,6464192,10223468,232,1081600,1529304,9984,16844,269180
2024-01-20T02:22:16,375586052,389828716,2108796,0.53,1272912,14361596,52995644,13.14,6464200,10227652,1320,1085748,1529192,10000,16980,269220
2024-01-20T02:22:21,375589716,389832440,2105032,0.53,1272912,14361672,52785660,13.09,6464196,10225576,368,1083568,1529216,9968,16884,269164
2024-01-20T02:22:26,375592064,389834872,2102532,0.53,1272916,14361988,52891408,13.12,6464204,10227180,1236,1084804,1529048,9952,16828,269196
2024-01-20T02:22:31,375589840,389832740,2104660,0.53,1272928,14362068,52796152,13.09,6464220,10231608,228,1089180,1529052,9968,16860,269164
2024-01-20T02:22:36,375589704,389832800,2104528,0.53,1272932,14362276,52789444,13.09,6464280,10227536,1248,1085032,1529108,10000,16992,269204
2024-01-20T02:22:41,375586984,389830172,2107488,0.53,1272940,14362340,52687620,13.07,6464288,10229116,284,1086480,1528796,10000,16960,269156
2024-01-20T02:22:46,375585144,389828544,2109172,0.53,1272940,14362556,53098660,13.17,6464288,10228152,1248,1085264,1528736,10000,16900,269164
2024-01-20T02:22:51,375578960,389822436,2115284,0.54,1272940,14362628,52487864,13.02,6464292,10232108,164,1089120,1528736,10000,16896,269196
2024-01-20T02:22:56,375581148,389824684,2112944,0.54,1272940,14362704,52697828,13.07,6464280,10234328,1220,1091308,1528812,9968,16896,269228
2024-01-20T02:23:01,375582628,389826476,2111196,0.53,1272944,14363020,53002488,13.14,6464360,10230504,508,1087372,1528760,10000,16964,269204
2024-01-20T02:23:06,375587600,389831560,2105892,0.53,1272944,14363080,52795504,13.09,6464348,10232704,1180,1089608,1529032,10064,17004,269228
2024-01-20T02:23:11,375602436,389846492,2091496,0.53,1272952,14363168,52801472,13.09,6464368,10232456,504,1089076,1528496,10000,16904,269212
2024-01-20T02:23:16,375609712,389853840,2084244,0.53,1272960,14363224,52699536,13.07,6464376,10235500,384,1092024,1528408,9984,16928,269196
2024-01-20T02:23:21,375605916,389850364,2087552,0.53,1272968,14363448,52905456,13.12,6464384,10235076,1508,1091420,1528664,9984,16900,269212
2024-01-20T02:23:26,375608300,389852820,2085132,0.53,1272972,14363512,52805808,13.1,6464388,10236508,388,1092728,1528632,9984,16888,269260
2024-01-20T02:23:31,375630984,389875844,2062168,0.52,1272980,14363732,53011056,13.15,6464456,10236424,1792,1092612,1528684,10080,17004,269220
2024-01-20T02:23:36,375617400,389862356,2075688,0.53,1272984,14363808,52906968,13.12,6464468,10237592,476,1093592,1528668,10048,16988,269260
2024-01-20T02:23:41,375609840,389855292,2082508,0.53,1272996,14364144,52795400,13.09,6464516,10231468,1512,1087212,1529060,10016,16892,269260
2024-01-20T02:23:46,375606204,389851760,2086124,0.53,1273000,14364208,53109452,13.17,6464540,10234828,340,1090584,1529012,10048,17004,269204
2024-01-20T02:23:51,375596772,389842548,2095176,0.53,1273000,14364284,52700200,13.07,6464540,10236380,1384,1092060,1529316,10048,16988,269284
2024-01-20T02:23:56,375655008,389901884,2035708,0.52,1273012,14365368,49174112,12.19,6464608,10188732,620,1043284,1529452,10032,16292,269228
2024-01-20T02:24:01,375589156,389835532,2101776,0.53,1273016,14364820,52782716,13.09,6464668,10227496,1368,1082724,1529780,10000,16868,269276
2024-01-20T02:24:06,375589912,389836364,2100952,0.53,1273016,14364876,52886160,13.12,6464668,10229400,288,1084504,1529792,10000,16916,269292
2024-01-20T02:24:11,375604344,389851760,2085508,0.53,1273020,14365824,49379052,12.25,6464672,10189668,1348,1043916,1529852,9952,16172,269260
2024-01-20T02:24:16,375576248,389823136,2114556,0.54,1273028,14365268,52676572,13.06,6464740,10224820,248,1079568,1529448,9984,16840,269260
2024-01-20T02:24:21,375568296,389815280,2122232,0.54,1273032,14365340,52884296,13.11,6464740,10227848,1292,1082576,1529648,10016,16856,269260
2024-01-20T02:24:26,375574116,389821192,2116420,0.54,1273044,14365408,52580884,13.04,6464760,10230072,304,1084652,1529560,10016,16856,269260
2024-01-20T02:24:31,375568024,389815248,2122328,0.54,1273052,14365616,52897236,13.12,6464764,10234040,1324,1088484,1529528,10032,16936,269284
2024-01-20T02:24:36,375571556,389818860,2118716,0.54,1273064,14365684,52893332,13.12,6464760,10232712,240,1087036,1529528,10032,16860,269228
2024-01-20T02:24:41,375588744,389836240,2101216,0.53,1273068,14365904,52803392,13.09,6464784,10239100,1268,1093448,1529616,10064,17084,269268
2024-01-20T02:24:46,375592020,389839728,2097716,0.53,1273076,14366096,53006408,13.14,6464784,10238456,320,1092376,1529640,10032,16892,269228
2024-01-20T02:24:51,375586228,389834012,2103456,0.53,1273084,14366152,52800488,13.09,6464788,10239160,56,1092712,1529628,10272,17172,269228
2024-01-20T02:24:56,375588500,389836364,2101164,0.53,1273096,14366240,53010824,13.15,6464812,10241504,220,1095408,1529548,10080,17060,269284
2024-01-20T02:25:01,375634452,389882688,2054844,0.52,1273104,14366584,46356504,11.5,6464832,10172888,1044,1026352,1529564,10048,16080,269284
2024-01-20T02:25:06,375543240,389791760,2146008,0.54,1273116,14366900,52780340,13.09,6464928,10261816,1764,1115172,1529284,10032,16852,269228
2024-01-20T02:25:11,375564168,389812800,2125024,0.54,1273120,14366952,52996892,13.14,6464952,10232796,484,1085944,1529284,10032,16856,269180
2024-01-20T02:25:16,375567872,389816816,2120904,0.54,1273128,14367272,53006512,13.14,6464956,10237640,1536,1090604,1529372,10048,16876,269196
2024-01-20T02:25:21,375538140,389787292,2150480,0.54,1273128,14367460,52897020,13.12,6464968,10269332,332,1122024,1529340,10016,16848,269244
2024-01-20T02:25:26,375595068,389844160,2093260,0.53,1273132,14367400,50284288,12.47,6464972,10212972,1432,1065792,1529688,10016,16440,269212
2024-01-20T02:25:31,375569688,389819144,2118272,0.54,1273136,14367764,52906860,13.12,6465032,10239224,320,1091724,1529688,10016,16960,269228
2024-01-20T02:25:36,375569428,389819264,2118164,0.54,1273144,14368104,52907032,13.12,6465048,10239600,1392,1091716,1529708,9984,16868,269260
2024-01-20T02:25:41,375569528,389819460,2117988,0.54,1273148,14368180,52907032,13.12,6465052,10239728,396,1091712,1529704,10048,16936,269228
2024-01-20T02:25:46,375574824,389824900,2112656,0.54,1273152,14368260,52807136,13.1,6465056,10241756,1272,1093692,1529656,10016,16908,269228
2024-01-20T02:25:51,375565212,389815360,2122092,0.54,1273156,14368324,53229972,13.2,6465072,10247524,376,1099468,1529764,10064,17148,269292
2024-01-20T02:25:56,375576924,389827340,2109900,0.53,1273164,14368540,53016696,13.15,6465080,10243908,1344,1095540,1530020,9984,16896,269228
2024-01-20T02:26:01,375590976,389841480,2095752,0.53,1273172,14368620,52918388,13.12,6465080,10246220,268,1097820,1530028,10000,16932,269212
2024-01-20T02:26:06,375600932,389852104,2085260,0.53,1273180,14369252,52808688,13.1,6465140,10242620,1200,1093680,1529924,9984,16940,269228
2024-01-20T02:26:11,375578168,389829616,2107384,0.53,1273188,14369512,52897248,13.12,6465276,10233700,1280,1084644,1530296,10000,16968,269236
2024-01-20T02:26:16,375551536,389802940,2133756,0.54,1273188,14369500,52883576,13.11,6465312,10226580,1696,1077468,1530568,10000,16816,269292
2024-01-20T02:26:21,375507260,389758724,2177972,0.55,1273196,14369548,52775988,13.09,6465340,10262284,248,1113176,1530572,10032,17020,269284
2024-01-20T02:26:26,375540732,389792504,2144012,0.54,1273200,14369860,52888868,13.12,6465332,10231132,1428,1081796,1530744,10016,16900,269292
2024-01-20T02:26:31,375537296,389789136,2147420,0.54,1273200,14369920,53198628,13.19,6465340,10233064,268,1083640,1530712,9984,16872,269292
2024-01-20T02:26:36,375542936,389795336,2141244,0.54,1273200,14370468,52890680,13.12,6465336,10235924,336,1086400,1530700,10112,16828,269324
2024-01-20T02:26:41,375536144,389788280,2148188,0.54,1273204,14370196,52994464,13.14,6465348,10236360,276,1086148,1530816,10000,16944,269340
2024-01-20T02:26:46,375537432,389789656,2146808,0.54,1273204,14370284,52792328,13.09,6465352,10238500,104,1088744,1530820,10000,16980,269332
2024-01-20T02:26:51,375534172,389786656,2149868,0.54,1273212,14370512,52685880,13.07,6465360,10236468,1732,1086396,1530784,9968,16860,269340
2024-01-20T02:26:56,375546720,389799400,2137316,0.54,1273220,14370724,52788688,13.09,6465416,10235736,720,1085652,1530568,9936,16892,269260
2024-01-20T02:27:01,375544712,389797516,2139460,0.54,1273228,14370808,52590256,13.04,6465444,10240440,1704,1090220,1530340,9984,17060,269316
2024-01-20T02:27:06,375545072,389797952,2139032,0.54,1273232,14370880,52900636,13.12,6465436,10240844,344,1090984,1530332,9936,16884,269276
2024-01-20T02:27:11,375521152,389774548,2162232,0.55,1273244,14371348,52684388,13.07,6465568,10231780,2204,1081084,1530572,9984,16988,269300
2024-01-20T02:27:16,375498300,389751456,2185360,0.55,1273252,14371112,52682356,13.06,6465264,10233492,392,1082800,1530524,9952,16900,269260
2024-01-20T02:27:21,375498352,389751596,2185388,0.55,1273264,14371168,52579736,13.04,6465292,10234904,1520,1084032,1530376,9968,16888,269276
2024-01-20T02:27:26,375502636,389755924,2181076,0.55,1273264,14371216,52683068,13.06,6465288,10234196,392,1083368,1530356,9968,16860,269260
2024-01-20T02:27:31,375501332,389754676,2182340,0.55,1273268,14371272,52786176,13.09,6465296,10234664,1500,1083688,1530336,9984,16852,269308
2024-01-20T02:27:36,375521108,389774504,2162528,0.55,1273268,14371332,52786516,13.09,6465296,10234996,324,1083968,1530312,9984,16852,269292
2024-01-20T02:27:41,375556068,389810072,2127148,0.54,1273272,14371932,52902136,13.12,6465312,10241564,1708,1089896,1530128,9984,16836,269324
2024-01-20T02:27:46,375558608,389812652,2124580,0.54,1273276,14371952,52692128,13.07,6465360,10238444,536,1086876,1530132,10000,16968,269300
2024-01-20T02:27:51,375543156,389797444,2139944,0.54,1273284,14372168,52897756,13.12,6465372,10239424,1308,1087616,1529996,9968,16868,269276
2024-01-20T02:27:56,375546184,389800548,2136840,0.54,1273292,14372236,52692176,13.07,6465380,10240724,296,1088872,1529996,9968,16892,269276
2024-01-20T02:28:01,375538004,389792444,2144820,0.54,1273292,14372312,52901916,13.12,6465384,10242716,1252,1090768,1530120,9968,16908,269292
2024-01-20T02:28:06,375539964,389794480,2142824,0.54,1273300,14372384,52907196,13.12,6465392,10245644,288,1093772,1530076,10000,17016,269292
2024-01-20T02:28:11,375531632,389786124,2151280,0.54,1273300,14372588,52701536,13.07,6465384,10245436,1292,1093252,1529748,9968,16876,269276
2024-01-20T02:28:16,375542092,389796664,2140824,0.54,1273300,14372660,53014688,13.15,6465400,10249376,300,1097300,1529672,10000,17064,269236
2024-01-20T02:28:21,375538620,389793260,2144140,0.54,1273300,14372724,52812812,13.1,6465392,10249712,924,1097960,1529764,10208,16944,269324
2024-01-20T02:28:26,375569092,389824420,2112836,0.54,1273304,14373404,53010612,13.15,6465464,10246880,784,1094044,1529912,9984,17024,269284
2024-01-20T02:28:31,375607672,389863108,2074268,0.53,1273308,14373520,49271124,12.22,6465512,10199928,896,1046964,1529780,9936,16368,269196
2024-01-20T02:28:36,375566036,389822044,2115604,0.54,1273312,14374068,49975532,12.39,6465580,10237688,1876,1084252,1529528,9904,16856,269164
2024-01-20T02:28:41,375560692,389816148,2121380,0.54,1273316,14373560,52783560,13.09,6465636,10233696,540,1080844,1529600,9936,16992,269156
2024-01-20T02:28:46,375574000,389829708,2107624,0.53,1273324,14373800,52677596,13.06,6465640,10233632,1576,1080452,1529800,9936,16908,269196
2024-01-20T02:28:51,375589752,389845632,2091728,0.53,1273328,14373972,52996728,13.14,6465648,10238468,584,1085212,1529768,9952,17012,269220
2024-01-20T02:28:56,375582728,389838396,2098948,0.53,1273336,14374040,52786524,13.09,6465652,10236108,1592,1082656,1529496,9920,16848,269228
2024-01-20T02:29:01,375574828,389830572,2106840,0.53,1273340,14374104,52687620,13.07,6465660,10239836,556,1086468,1529436,9920,16920,269196
2024-01-20T02:29:06,375552252,389808292,2129308,0.54,1273352,14374372,53089992,13.17,6465688,10270928,1448,1117196,1529264,9904,16952,269196
2024-01-20T02:29:11,375574748,389831132,2106380,0.53,1273360,14374720,52688812,13.07,6465744,10239316,536,1085308,1529340,9920,16812,269148
2024-01-20T02:29:16,375584840,389841336,2096128,0.53,1273360,14374812,52999768,13.14,6465752,10241912,1396,1087804,1529408,9920,16920,269148
2024-01-20T02:29:21,375585812,389842384,2095076,0.53,1273360,14374892,52693884,13.07,6465752,10243588,308,1089412,1529408,9920,16992,269132
2024-01-20T02:29:26,375592856,389849396,2087960,0.53,1273364,14375092,53011680,13.15,6465764,10249240,1476,1094916,1529276,9936,17072,269204
2024-01-20T02:29:31,375593400,389850012,2087448,0.53,1273368,14375160,53007952,13.15,6465764,10245912,360,1091500,1529172,9904,16908,269148
2024-01-20T02:29:36,375600212,389856900,2080552,0.53,1273376,14375228,52912416,13.12,6465772,10249948,1244,1095416,1529180,9936,17016,269172
2024-01-20T02:29:41,375603800,389860556,2077092,0.53,1273380,14375320,53012664,13.15,6465764,10248128,308,1093504,1528956,9904,16904,269116
2024-01-20T02:29:46,375591008,389848076,2089460,0.53,1273380,14375776,53000280,13.14,6465836,10242856,1220,1087896,1528924,9888,16908,269132
2024-01-20T02:29:51,375576284,389833560,2104160,0.53,1273388,14375972,52582200,13.04,6465892,10238672,184,1083568,1528744,9904,16884,269100
2024-01-20T02:29:56,375570800,389828276,2109404,0.53,1273396,14376164,52794808,13.09,6465900,10244052,1224,1088720,1528784,9920,16904,269148
2024-01-20T02:30:01,375579112,389836908,2100928,0.53,1273400,14376484,52994096,13.14,6465960,10238812,536,1083232,1528624,9920,16860,269132
2024-01-20T02:30:06,375574372,389832264,2105020,0.53,1273404,14376556,52686868,13.07,6465972,10241620,1064,1085972,1529196,10048,16896,269148
2024-01-20T02:30:11,375572776,389830712,2106816,0.53,1273408,14376600,52593120,13.04,6465980,10247080,228,1091428,1528948,9936,16956,269084
2024-01-20T02:30:16,375589992,389848024,2089472,0.53,1273416,14376664,52803348,13.09,6465992,10250084,520,1094456,1529004,9936,17024,269060
2024-01-20T02:30:21,375604712,389863000,2074868,0.53,1273420,14376936,53109080,13.17,6465992,10248968,1656,1092924,1528612,9936,16928,269132
2024-01-20T02:30:26,375606692,389865048,2072768,0.52,1273420,14377024,52701864,13.07,6466000,10249796,376,1093784,1528644,9936,16928,269132
2024-01-20T02:30:31,375588848,389847440,2090340,0.53,1273424,14377228,52805284,13.1,6466000,10251184,1468,1094860,1528708,9952,16984,269148
2024-01-20T02:30:36,375600712,389859408,2078456,0.53,1273428,14377316,52913888,13.12,6466012,10253168,536,1096804,1528636,9952,16996,269100
2024-01-20T02:30:41,375609432,389868472,2069176,0.52,1273436,14377664,52706640,13.07,6466072,10251288,1292,1094724,1528840,9952,17100,269204
2024-01-20T02:30:46,375595868,389855016,2082752,0.53,1273444,14377740,52806812,13.1,6466084,10251272,432,1094520,1528744,9920,16968,269180
2024-01-20T02:30:51,375592292,389851520,2086076,0.53,1273456,14377812,52913144,13.12,6466088,10252412,988,1095604,1528912,9920,16936,269212
2024-01-20T02:30:56,375596972,389856272,2081328,0.53,1273460,14377868,52913464,13.12,6466104,10253028,288,1096088,1528920,9920,16952,269228
2024-01-20T02:31:01,375594872,389854516,2083120,0.53,1273464,14378208,53007132,13.15,6466160,10246776,1236,1089636,1528884,9920,16932,269244
2024-01-20T02:31:06,375583048,389842912,2094956,0.53,1273468,14378396,52688632,13.07,6466228,10241936,376,1084596,1528680,9920,16900,269212
2024-01-20T02:31:11,375566524,389826512,2111508,0.53,1273476,14378464,53101908,13.17,6466240,10244760,844,1087348,1528576,9920,16892,269164
2024-01-20T02:31:16,375565552,389826136,2111880,0.53,1273480,14379060,52695632,13.07,6466248,10247904,616,1089880,1528576,9968,16996,269156
2024-01-20T02:31:21,375548436,389808972,2128464,0.54,1273484,14379000,52884732,13.11,6466300,10274496,948,1116664,1529164,9936,16868,269164
2024-01-20T02:31:26,375568080,389828748,2108764,0.53,1273492,14379060,52690828,13.07,6466312,10246408,224,1088472,1529152,9936,16888,269164
2024-01-20T02:31:31,375566772,389827860,2109720,0.53,1273496,14379392,52893300,13.12,6466376,10243996,1004,1085940,1529168,9968,16984,269188
2024-01-20T02:31:36,375553020,389814200,2123444,0.54,1273496,14379452,52998396,13.14,6466368,10246620,72,1088464,1529136,10000,16972,269116
2024-01-20T02:31:41,375543284,389804544,2132784,0.54,1273500,14379536,52999076,13.14,6466372,10247156,932,1088816,1529444,9952,16876,269148
2024-01-20T02:31:46,375546520,389807856,2129596,0.54,1273504,14379612,53102036,13.17,6466380,10248188,204,1089824,1529316,9984,17008,269116
2024-01-20T02:31:51,375547292,389808892,2128804,0.54,1273508,14379812,52896264,13.12,6466380,10248872,676,1089184,1529132,10240,16756,269180
2024-01-20T02:31:56,375530612,389792300,2145488,0.54,1273512,14379908,52891148,13.12,6466388,10280284,48,1121652,1529028,9952,16884,269148
2024-01-20T02:32:01,375571724,389833488,2104320,0.53,1273516,14379976,52904880,13.12,6466392,10253912,456,1095144,1529012,9952,16932,269068
2024-01-20T02:32:06,375547728,389809832,2127672,0.54,1273520,14380312,53104036,13.17,6466456,10247840,1496,1088756,1529316,9968,16844,269196
2024-01-20T02:32:11,375565504,389827824,2109732,0.53,1273524,14380512,53101988,13.17,6466524,10246564,524,1087468,1529276,10000,17028,269300
2024-01-20T02:32:16,375551596,389814068,2123116,0.54,1273528,14380592,52689248,13.07,6466520,10246952,1192,1087668,1529716,9968,16836,269308
2024-01-20T02:32:21,375545640,389808176,2129012,0.54,1273536,14380652,52895548,13.12,6466532,10247724,312,1088372,1529708,9968,16880,269308
2024-01-20T02:32:26,375541140,389804044,2133036,0.54,1273540,14380968,52683540,13.06,6466604,10242804,1580,1083356,1529864,10016,16920,269284
2024-01-20T02:32:31,375530588,389793540,2143568,0.54,1273548,14381020,52681504,13.06,6466604,10244248,396,1084664,1529824,9984,16976,269308
2024-01-20T02:32:36,375541308,389804416,2133068,0.54,1273556,14381100,53098276,13.17,6466624,10246392,1220,1086776,1529516,10000,16980,269292
2024-01-20T02:32:41,375554784,389818092,2119408,0.54,1273556,14381292,52690512,13.07,6466624,10249124,292,1089276,1529508,10000,17036,269332
2024-01-20T02:32:46,375555844,389819248,2118036,0.54,1273560,14381372,52998176,13.14,6466624,10248528,1388,1088580,1529736,9968,16916,269340
2024-01-20T02:32:51,375556960,389820460,2116848,0.54,1273568,14381452,52796900,13.09,6466636,10249828,272,1089756,1529720,9968,16884,269356
2024-01-20T02:32:56,375549488,389813216,2124132,0.54,1273576,14381672,52779728,13.09,6466692,10243328,1496,1083104,1529680,9936,16756,269324
2024-01-20T02:33:01,375541556,389805484,2131880,0.54,1273576,14381880,52698092,13.07,6466708,10252452,276,1092080,1529656,10000,17016,269332
2024-01-20T02:33:06,375533856,389797900,2139308,0.54,1273580,14381960,52695308,13.07,6466708,10252184,1220,1091724,1529844,9968,16948,269260
2024-01-20T02:33:11,375537640,389801884,2135588,0.54,1273584,14382156,53210108,13.2,6466712,10252088,180,1091376,1529580,9968,16928,269244
2024-01-20T02:33:16,375534896,389799076,2138092,0.54,1273584,14382372,52570068,13.04,6466768,10241764,1176,1081036,1529604,9984,16840,269244
2024-01-20T02:33:21,375522420,389786828,2150384,0.54,1273588,14382560,52588076,13.04,6466780,10249600,204,1088516,1529596,9984,16888,269212
2024-01-20T02:33:26,375519184,389783724,2153360,0.55,1273588,14382700,52897416,13.12,6466768,10250728,1216,1089476,1529716,10000,16904,269244
2024-01-20T02:33:31,375521956,389786564,2150556,0.54,1273592,14382760,52898228,13.12,6466780,10251324,148,1090016,1529684,10000,16892,269212
2024-01-20T02:33:36,375520716,389785520,2150880,0.54,1273596,14382960,52997532,13.14,6466836,10246908,376,1084524,1530396,10160,16800,269244
2024-01-20T02:33:41,375516656,389781928,2154908,0.55,1273600,14383420,52686692,13.07,6466908,10245772,828,1084048,1529964,10032,17004,269204
2024-01-20T02:33:46,375501748,389767096,2169780,0.55,1273604,14383484,52691516,13.07,6466908,10249300,496,1087428,1529932,9968,16860,269164
2024-01-20T02:33:51,375505692,389771248,2166012,0.55,1273616,14383688,52684484,13.07,6466980,10245136,1808,1083164,1529540,9984,16916,269164
2024-01-20T02:33:56,375507600,389773200,2164052,0.55,1273620,14383736,52788776,13.09,6466984,10246628,364,1084556,1529540,9984,16896,269180
2024-01-20T02:34:01,375520040,389785596,2151544,0.54,1273628,14383940,53098436,13.17,6467000,10247684,1540,1085416,1529396,9984,16928,269180
2024-01-20T02:34:06,375520064,389785676,2151448,0.54,1273636,14383996,52697588,13.07,6467000,10254588,480,1092316,1529404,10016,17084,269236
2024-01-20T02:34:11,375519336,389785056,2152144,0.55,1273644,14384084,52801084,13.09,6467020,10254724,1592,1092272,1529340,10016,17040,269220
2024-01-20T02:34:16,375524880,389790652,2146696,0.54,1273648,14384144,53106204,13.17,6467016,10253128,424,1090744,1529180,9984,16940,269196
2024-01-20T02:34:21,375528364,389794244,2143108,0.54,1273660,14384228,52907020,13.12,6467032,10256508,1476,1094028,1529188,10000,17032,269252
2024-01-20T02:34:26,375532144,389798104,2139236,0.54,1273668,14384308,52799964,13.09,6467040,10255060,344,1092444,1529192,10016,17008,269196
2024-01-20T02:34:31,375542672,389808920,2128588,0.54,1273672,14384588,53011300,13.15,6467048,10257480,1408,1094632,1529028,9984,16936,269228
2024-01-20T02:34:36,375539588,389806068,2131232,0.54,1273676,14384784,53000756,13.14,6467100,10251340,572,1088304,1529268,9984,16936,269228
2024-01-20T02:34:41,375520900,389787764,2149556,0.54,1273680,14385116,52588460,13.04,6467172,10249420,1628,1086112,1529296,10016,17008,269252
2024-01-20T02:34:46,375516620,389783532,2153748,0.55,1273684,14385184,52585788,13.04,6467172,10250912,424,1087636,1529312,9984,16968,269196
2024-01-20T02:34:51,375496820,389764152,2173020,0.55,1273688,14385448,52987964,13.14,6467180,10282024,1252,1118896,1529572,9984,16952,269228
2024-01-20T02:34:56,375558364,389826480,2110672,0.53,1273688,14386248,49178244,12.2,6467176,10211300,232,1046920,1529576,9984,16296,269180
2024-01-20T02:35:01,375494520,389762460,2174336,0.55,1273692,14385980,52672536,13.06,6467244,10277800,1372,1113820,1530020,9968,16852,269212
2024-01-20T02:35:06,375530392,389798416,2138400,0.54,1273696,14386028,52686224,13.07,6467252,10249928,236,1085812,1530032,9984,16936,269132
2024-01-20T02:35:11,375541100,389810856,2126092,0.54,1273704,14387692,52587424,13.04,6467256,10253172,1460,1087332,1529960,9968,16908,269196
2024-01-20T02:35:16,375555304,389825144,2111864,0.53,1273712,14387760,52800496,13.09,6467268,10256772,216,1090912,1529908,10016,17032,269204
2024-01-20T02:35:21,375557736,389827720,2109252,0.53,1273716,14387868,52796564,13.09,6467260,10255684,1204,1090140,1529976,10112,17096,269228
2024-01-20T02:35:26,375554008,389824104,2112644,0.54,1273724,14387948,52797616,13.09,6467284,10255664,708,1089584,1530224,9968,16892,269196
2024-01-20T02:35:31,375570476,389840800,2096000,0.53,1273728,14388160,52683964,13.06,6467340,10249904,448,1083708,1530184,9968,16912,269132
2024-01-20T02:35:36,375564496,389834948,2101952,0.53,1273728,14388376,52688244,13.07,6467344,10253196,1424,1086728,1529996,9968,16900,269228
2024-01-20T02:35:41,375572764,389843288,2093604,0.53,1273732,14388452,52797716,13.09,6467344,10256232,420,1089812,1529996,9968,16916,269164
2024-01-20T02:35:46,375594064,389864920,2072168,0.52,1273736,14388788,52683088,13.06,6467472,10248856,2116,1082184,1529792,10000,17024,269236
2024-01-20T02:35:51,375616060,389887800,2049328,0.52,1273740,14389692,49173904,12.19,6467472,10211816,852,1044208,1529728,9984,16392,269188
2024-01-20T02:35:56,375575444,389846716,2090376,0.53,1273744,14389184,52575956,13.04,6467540,10249124,1592,1082228,1529800,10016,17048,269252
2024-01-20T02:36:01,375572968,389844308,2092792,0.53,1273748,14389240,52885176,13.11,6467544,10249132,484,1082040,1529800,10016,16992,269188
2024-01-20T02:36:06,375570456,389842120,2095440,0.53,1273752,14389564,52873752,13.11,6467596,10242464,1528,1075124,1529336,9984,16880,269164
2024-01-20T02:36:11,375550624,389822352,2115208,0.54,1273756,14389624,52776628,13.09,6467604,10247292,280,1079888,1529336,10032,17036,269204
2024-01-20T02:36:16,375554456,389826368,2111016,0.53,1273768,14389688,53085256,13.16,6467620,10248140,1532,1080624,1529620,9968,16932,269148
2024-01-20T02:36:21,375556796,389828784,2108600,0.53,1273784,14389748,52986096,13.14,6467640,10249128,256,1081624,1529620,9968,16964,269132
2024-01-20T02:36:26,375567252,389839412,2097904,0.53,1273784,14389956,52889440,13.12,6467640,10251524,1260,1083836,1529652,9920,16824,269196
2024-01-20T02:36:31,375578300,389850540,2086940,0.53,1273792,14390032,52997912,13.14,6467648,10255000,192,1087248,1529484,10000,16984,269196
2024-01-20T02:36:36,375574840,389847268,2090092,0.53,1273796,14390116,52895464,13.12,6467656,10255372,1280,1087452,1529704,9968,16932,269212
2024-01-20T02:36:41,375558424,389831068,2106288,0.53,1273800,14390324,53091976,13.17,6467660,10287296,212,1119168,1529712,9968,16932,269212
2024-01-20T02:36:46,375578740,389851508,2086036,0.53,1273804,14390396,53006300,13.14,6467668,10259584,1252,1091336,1529572,9984,16948,269284
2024-01-20T02:36:51,375597132,389869960,2067580,0.52,1273804,14390468,53005932,13.14,6467676,10259356,236,1091108,1529564,10016,16996,269300
2024-01-20T02:36:56,375588956,389862168,2075316,0.53,1273804,14390804,52799656,13.09,6467664,10260620,1400,1092048,1529668,10000,16936,269324
2024-01-20T02:37:01,375590568,389863864,2073656,0.53,1273812,14390884,53013612,13.15,6467676,10265388,272,1096696,1529628,10032,17056,269348
2024-01-20T02:37:06,375624888,389898284,2039196,0.52,1273820,14390944,50178508,12.44,6467724,10237292,1152,1068628,1529700,10016,16484,269308
2024-01-20T02:37:11,375612184,389885816,2051676,0.52,1273832,14391160,52708276,13.07,6467764,10265868,408,1097076,1529696,10080,17192,269308
2024-01-20T02:37:16,375618164,389892300,2045336,0.52,1273840,14391632,52795268,13.09,6467816,10258508,616,1088660,1529576,9984,16876,269212
2024-01-20T02:37:21,375599888,389874212,2063968,0.52,1273844,14391708,52695104,13.07,6467824,10259876,84,1090488,1529140,9968,16916,269276
2024-01-20T02:37:26,375600900,389875440,2062840,0.52,1273848,14391904,53099700,13.17,6467888,10254456,636,1084896,1529056,9968,16884,269260
2024-01-20T02:37:31,375583660,389858508,2079740,0.53,1273856,14392108,52693344,13.07,6467896,10258216,1616,1088532,1529184,9984,16916,269308
2024-01-20T02:37:36,375576424,389851380,2086900,0.53,1273860,14392176,53208484,13.2,6467908,10259700,368,1089916,1529188,9984,16980,269276
2024-01-20T02:37:41,375553284,389828696,2109224,0.53,1273872,14392516,52685800,13.07,6467972,10253708,1752,1083648,1529652,9968,16904,269276
2024-01-20T02:37:46,375536688,389812200,2125744,0.54,1273880,14392580,52692980,13.07,6467988,10258804,576,1088684,1529656,10000,17000,269284
2024-01-20T02:37:51,375540688,389816544,2121464,0.54,1273880,14392920,52995656,13.14,6468040,10254332,1880,1083964,1529596,9968,16940,269276
2024-01-20T02:37:56,375524596,389800532,2137488,0.54,1273884,14393000,52996776,13.14,6468040,10256156,404,1085560,1529580,9968,16924,269244
2024-01-20T02:38:01,375547752,389824020,2113920,0.54,1273896,14393328,52788728,13.09,6468112,10253604,1860,1082872,1529652,10000,16964,269284
2024-01-20T02:38:06,375554040,389830400,2107596,0.53,1273904,14393400,52998852,13.14,6468128,10257476,448,1086584,1529608,10000,17056,269284
2024-01-20T02:38:11,375556820,389833424,2104836,0.53,1273912,14393612,52788808,13.09,6468124,10254760,1468,1083724,1529368,9968,16896,269292
2024-01-20T02:38:16,375559720,389836424,2101908,0.53,1273916,14393660,52792076,13.09,6468140,10258376,436,1087280,1529344,9968,16940,269260
2024-01-20T02:38:21,375554564,389831244,2106804,0.53,1273916,14393872,52889488,13.12,6468196,10254136,1720,1082936,1529392,10000,17016,269332
2024-01-20T02:38:26,375542736,389819488,2118564,0.54,1273916,14393936,52990364,13.14,6468200,10254584,416,1083232,1529396,9952,16900,269308
2024-01-20T02:38:31,375538632,389815568,2122576,0.54,1273920,14394128,52992820,13.14,6468204,10257280,1384,1085752,1529292,9952,16936,269308
2024-01-20T02:38:36,375542924,389819944,2118192,0.54,1273924,14394200,52890008,13.12,6468208,10257416,260,1085796,1529308,9952,16916,269276
2024-01-20T02:38:41,375546688,389823920,2114188,0.54,1273924,14394404,53088036,13.17,6468260,10251548,1440,1079852,1529344,9952,16888,269308
2024-01-20T02:38:46,375536704,389813992,2124176,0.54,1273932,14394456,53093896,13.17,6468272,10255148,212,1083456,1529280,9952,16908,269308
2024-01-20T02:38:51,375556604,389834052,2104052,0.53,1273940,14394652,52999800,13.14,6468280,10260128,1324,1088128,1529300,9968,16940,269324
2024-01-20T02:38:56,375558400,389835932,2102188,0.53,1273952,14394712,52901484,13.12,6468304,10263012,352,1091020,1529296,10000,17064,269332
2024-01-20T02:39:01,375561308,389838904,2099268,0.53,1273960,14394756,52862108,13.11,6468300,10261216,48,1089084,1529256,9952,16896,269244
2024-01-20T02:39:06,375550604,389828420,2109840,0.53,1273968,14394980,52904104,13.12,6468320,10265036,1432,1092812,1529156,10016,17048,269348
2024-01-20T02:39:11,375567580,389845480,2092756,0.53,1273972,14395060,52900364,13.12,6468324,10263160,664,1090736,1529180,9984,16912,269324
2024-01-20T02:39:16,375574492,389852480,2085600,0.53,1273980,14395140,52904692,13.12,6468332,10264820,1528,1092300,1529336,9984,16896,269324
2024-01-20T02:39:21,375588344,389866416,2071692,0.52,1273980,14395216,52705872,13.07,6468336,10269212,564,1096640,1529316,10016,17036,269332
2024-01-20T02:39:26,375596828,389874984,2063036,0.52,1273980,14395304,52811828,13.1,6468340,10271108,1628,1098428,1529400,10016,17040,269364
2024-01-20T02:39:31,375568356,389846648,2091484,0.53,1273984,14395444,52900996,13.12,6468340,10299460,448,1126668,1529280,9984,16924,269324
2024-01-20T02:39:36,375610428,389889328,2048764,0.52,1273992,14396056,53103428,13.17,6468452,10260144,1656,1086956,1529308,9984,16924,269292
2024-01-20T02:39:41,375578228,389857220,2080860,0.53,1274000,14396136,52904616,13.12,6468472,10266292,432,1092948,1529324,10016,17056,269332
2024-01-20T02:39:46,375585908,389864976,2073008,0.53,1274008,14396200,52900564,13.12,6468476,10264736,1380,1091280,1529424,10000,16904,269324
2024-01-20T02:39:51,375585208,389864336,2073696,0.53,1274012,14396256,52901056,13.12,6468484,10264412,276,1090944,1529376,10000,16908,269340
2024-01-20T02:39:56,375580780,389860252,2077816,0.53,1274020,14396592,52898220,13.12,6468552,10261856,1748,1088276,1529340,10032,17072,269332
2024-01-20T02:40:01,375576328,389855880,2082352,0.53,1274024,14396660,52691116,13.07,6468552,10261704,516,1087872,1529184,10000,16920,269292
2024-01-20T02:40:06,375591200,389870780,2067728,0.52,1274028,14396880,49757276,12.34,6468672,10251184,1592,1077388,1528712,10000,16948,269316
2024-01-20T02:40:11,375560164,389839956,2098628,0.53,1274036,14397080,52787924,13.09,6468676,10258728,400,1084560,1528640,10000,16908,269324
2024-01-20T02:40:16,375549672,389829672,2108748,0.53,1274040,14397284,52993992,13.14,6468672,10258364,1172,1084052,1528804,10000,16904,269372
2024-01-20T02:40:21,375552368,389832436,2105984,0.53,1274040,14397352,52891908,13.12,6468684,10258680,192,1084340,1528804,10000,16916,269388
2024-01-20T02:40:26,375556452,389836848,2101232,0.53,1274048,14397668,52874640,13.11,6468756,10265396,1192,1090840,1529148,10032,17088,269364
2024-01-20T02:40:31,375550348,389830816,2107344,0.53,1274048,14397728,52782820,13.09,6468764,10256928,272,1082284,1529080,10032,16964,269292
2024-01-20T02:40:36,375539548,389820088,2117748,0.54,1274056,14397812,52995976,13.14,6468760,10261360,548,1086528,1529384,10064,17100,269316
2024-01-20T02:40:41,375535012,389815636,2122184,0.54,1274068,14397880,53094888,13.17,6468776,10261204,100,1086328,1529404,10032,17032,269324
2024-01-20T02:40:46,375534264,389814956,2122420,0.54,1274072,14397944,52993392,13.14,6468768,10261408,936,1086408,1529848,10224,16768,269292
2024-01-20T02:40:51,375534416,389815456,2122332,0.54,1274084,14398280,53089148,13.17,6468848,10256448,1184,1081240,1529436,10016,17080,269244
2024-01-20T02:40:56,375522196,389803296,2134536,0.54,1274088,14398340,53093056,13.17,6468852,10260052,340,1084868,1529388,10064,17128,269180
2024-01-20T02:41:01,375509876,389791212,2146272,0.54,1274100,14398552,52476540,13.01,6468940,10259072,1180,1083756,1529748,10080,17216,269300
2024-01-20T02:41:06,375437816,389719328,2218184,0.56,1274104,14398752,52964104,13.13,6460848,10325304,14104,1141760,1529692,10112,17388,269356
2024-01-20T02:41:11,375524408,389709500,2228324,0.56,1274108,14304764,52738120,13.08,6366796,10306820,15908,1123260,1526944,10128,17308,269380
2024-01-20T02:41:16,375476452,389757944,2179772,0.55,1274116,14398888,52581252,13.04,6378148,10352712,110264,1086144,1529320,9984,16912,269228
2024-01-20T02:41:21,375488456,389770040,2167388,0.55,1274132,14398960,52790720,13.09,6378168,10353772,108688,1087228,1529612,10016,16924,269292
2024-01-20T02:41:26,375506304,389787936,2149592,0.54,1274136,14399008,52997316,13.14,6378168,10355288,108728,1088636,1529508,10016,16924,269260
2024-01-20T02:41:31,375502116,389783876,2153420,0.55,1274136,14399224,52688436,13.07,6378168,10354980,91972,1088144,1529652,10016,16924,269244
2024-01-20T02:41:36,375512704,389798052,2138708,0.54,1274196,14403316,52688688,13.07,6454300,10283584,11472,1089300,1529624,10048,17056,269260
2024-01-20T02:41:41,375515180,389800884,2136628,0.54,1274196,14402928,52695540,13.07,6454908,10286028,11596,1092188,1529616,10048,16572,269268
2024-01-20T02:41:46,375481864,389767632,2169864,0.55,1274196,14403000,52996364,13.14,6454904,10317584,11756,1123676,1529624,10016,16476,269244
2024-01-20T02:41:51,375524652,389810632,2126668,0.54,1274196,14403212,53013832,13.15,6454912,10290872,11844,1096752,1529820,10032,16568,269276
2024-01-20T02:41:56,375527704,389813756,2123588,0.54,1274196,14403280,52945192,13.13,6454920,10290296,208,1096184,1529780,10000,16520,269276
2024-01-20T02:42:01,375499020,389785292,2152004,0.55,1274200,14403488,52902996,13.12,6454916,10322444,800,1127972,1529836,9984,16472,269260
2024-01-20T02:42:06,375495512,389782004,2155488,0.55,1274208,14403700,52693028,13.07,6454980,10318600,596,1124000,1529640,9984,16440,269196
2024-01-20T02:42:11,375509952,389796776,2140712,0.54,1274216,14404028,52692972,13.07,6455036,10283264,968,1088444,1529640,10000,16420,269260
2024-01-20T02:42:16,375497868,389784772,2152680,0.55,1274224,14404100,53110448,13.17,6455052,10287048,224,1092056,1529676,10016,16512,269300
2024-01-20T02:42:21,375495144,389782236,2155188,0.55,1274228,14404296,52797636,13.09,6455052,10285120,700,1089948,1529692,9984,16428,269276
2024-01-20T02:42:26,375513992,389801156,2136360,0.54,1274228,14404364,52870888,13.11,6455064,10288028,256,1092880,1529604,10016,16560,269268
2024-01-20T02:42:31,375528232,389815484,2122440,0.54,1274236,14404444,53013240,13.15,6455068,10291876,452,1096712,1529196,10176,16340,269228
2024-01-20T02:42:36,375526208,389813672,2124252,0.54,1274240,14404648,49760896,12.34,6455168,10274556,596,1079228,1529200,10032,16200,269228
2024-01-20T02:42:41,375504944,389792784,2145244,0.54,1274244,14405028,52898280,13.12,6455188,10284496,216,1088780,1529088,9968,16444,269148
2024-01-20T02:42:46,375500124,389788288,2149580,0.54,1274248,14405320,52793980,13.09,6455260,10282372,1048,1086416,1529276,10000,16556,269220
2024-01-20T02:42:51,375496796,389785164,2152644,0.55,1274252,14405508,52682636,13.06,6455316,10277160,600,1081020,1529348,9968,16400,269164
2024-01-20T02:42:56,375491344,389779892,2157452,0.55,1274260,14405704,52924000,13.12,6455328,10279932,876,1083656,1529788,9968,16440,269260
2024-01-20T02:43:01,375493896,389782508,2154960,0.55,1274268,14405764,52684412,13.07,6455332,10280808,300,1084436,1529660,9968,16448,269244
2024-01-20T02:43:06,375521572,389810328,2127216,0.54,1274276,14405888,52479216,13.01,6455344,10282432,732,1085924,1529596,9984,16484,269276
2024-01-20T02:43:11,375526300,389815192,2122340,0.54,1274284,14406028,52685912,13.07,6455352,10282740,304,1086104,1529596,9984,16440,269292
2024-01-20T02:43:16,375520760,389810024,2127744,0.54,1274288,14406376,52588412,13.04,6455368,10285812,720,1088904,1529380,10080,16624,269348
2024-01-20T02:43:21,375528752,389818220,2119568,0.54,1274296,14406576,52576368,13.04,6455420,10278636,296,1081608,1529356,10048,16536,269292
2024-01-20T02:43:26,375506812,389796496,2140968,0.54,1274300,14406796,52779228,13.09,6455484,10277508,764,1080232,1529672,10016,16420,269308
2024-01-20T02:43:31,375489116,389779016,2158452,0.55,1274308,14406996,52783964,13.09,6455492,10281364,260,1083880,1529676,10016,16460,269308
2024-01-20T02:43:36,375509844,389799824,2137460,0.54,1274312,14407060,52785824,13.09,6455504,10281844,724,1084260,1529872,10032,16412,269324
2024-01-20T02:43:41,375518768,389808804,2128468,0.54,1274320,14407128,52583040,13.04,6455500,10283188,236,1085560,1529864,10064,16492,269308
2024-01-20T02:43:46,375508768,389799032,2138364,0.54,1274328,14407320,52694516,13.07,6455528,10288388,752,1090644,1529768,10080,16684,269372
2024-01-20T02:43:51,375513052,389803392,2134112,0.54,1274336,14407392,52892824,13.12,6455528,10285004,220,1087068,1529656,9984,16412,269308
2024-01-20T02:43:56,375518048,389808596,2128792,0.54,1274336,14407592,53000280,13.14,6455524,10288884,816,1090756,1529780,10048,16600,269348
2024-01-20T02:44:01,375522688,389813324,2124072,0.54,1274344,14407672,52691716,13.07,6455544,10289116,348,1090508,1529772,10016,16552,269348
2024-01-20T02:44:06,375518348,389809204,2127932,0.54,1274348,14407896,52480572,13.01,6455596,10282672,1024,1084480,1530024,9984,16480,269260
2024-01-20T02:44:11,375505784,389796872,2140276,0.54,1274356,14408116,53200532,13.19,6455664,10282904,524,1084532,1530016,9968,16456,269260
2024-01-20T02:44:16,375502512,389793652,2143360,0.54,1274356,14408160,52692004,13.07,6455648,10286912,204,1088848,1530160,10464,16620,269316
2024-01-20T02:44:21,375514768,389806172,2130704,0.54,1274356,14408364,53102720,13.17,6455668,10287112,252,1088372,1530356,9984,16452,269244
2024-01-20T02:44:26,375528712,389820176,2116708,0.54,1274356,14408416,53106372,13.17,6455672,10289244,376,1090460,1530356,9968,16464,269180
2024-01-20T02:44:31,375542016,389833576,2103356,0.53,1274356,14408620,53210264,13.2,6455672,10289072,888,1090060,1530200,9968,16464,269244
2024-01-20T02:44:36,375553404,389845040,2091900,0.53,1274364,14408680,53005024,13.14,6455680,10290272,356,1091240,1530200,9984,16472,269212
2024-01-20T02:44:41,375544048,389835776,2101336,0.53,1274368,14408772,52902404,13.12,6455692,10290880,840,1091804,1530024,10016,16540,269228
2024-01-20T02:44:46,375546876,389838692,2098476,0.53,1274376,14408840,52799444,13.09,6455696,10291328,280,1092160,1529980,10000,16488,269260
2024-01-20T02:44:51,375559664,389851684,2085220,0.53,1274376,14409072,52905156,13.12,6455696,10292240,892,1092828,1530216,9984,16472,269292
2024-01-20T02:44:56,375569092,389861232,2075696,0.53,1274380,14409164,52806872,13.1,6455708,10295960,336,1096504,1530216,9984,16484,269244
2024-01-20T02:45:01,375563644,389856640,2080300,0.53,1274388,14409948,52678960,13.06,6455876,10278156,1416,1078160,1530268,9968,16376,269292
2024-01-20T02:45:06,375525780,389818712,2118516,0.54,1274396,14409804,52687528,13.07,6455592,10287248,436,1086984,1530052,10016,16564,269300
2024-01-20T02:45:11,375540744,389833580,2103416,0.53,1274408,14409928,49954704,12.39,6455600,10256640,888,1056212,1530052,9984,15980,269292
2024-01-20T02:45:16,375512844,389806032,2131000,0.54,1274416,14410260,52889176,13.12,6455672,10283964,300,1083352,1530028,10000,16524,269300
2024-01-20T02:45:21,375522296,389815896,2121448,0.54,1274424,14410696,52782460,13.09,6455672,10284064,820,1083092,1529684,9984,16520,269324
2024-01-20T02:45:26,375526092,389819784,2117564,0.54,1274432,14410752,52680328,13.06,6455688,10284644,304,1083428,1529708,10016,16524,269260
2024-01-20T02:45:31,375518396,389812100,2124988,0.54,1274436,14410824,52887612,13.12,6455688,10286460,764,1085148,1529904,9952,16460,269292
2024-01-20T02:45:36,375521172,389814976,2122288,0.54,1274444,14410916,52683864,13.06,6455708,10286808,244,1085416,1529728,9952,16416,269276
2024-01-20T02:45:41,375523308,389817512,2119676,0.54,1274448,14411332,52878728,13.11,6455816,10278140,864,1076604,1529784,9984,16540,269316
2024-01-20T02:45:46,375515096,389809412,2127880,0.54,1274456,14411408,52775908,13.09,6455824,10281328,232,1079604,1529708,9968,16396,269228
2024-01-20T02:45:51,375529676,389824352,2113272,0.54,1274460,14411744,52997244,13.14,6455828,10288876,76,1086928,1529396,9952,16460,269260
2024-01-20T02:45:56,375533984,389828708,2108916,0.53,1274460,14411792,52688364,13.07,6455832,10288060,68,1086008,1529396,9952,16420,269260
2024-01-20T02:46:01,375514248,389808996,2128408,0.54,1274464,14411844,52884904,13.11,6455832,10319656,744,1117504,1529584,9968,16432,269276
2024-01-20T02:46:06,375545880,389840712,2096712,0.53,1274476,14411916,52901256,13.12,6455852,10292856,248,1090612,1529564,9968,16476,269292
2024-01-20T02:46:11,375549600,389844624,2092828,0.53,1274480,14412100,52802764,13.09,6455856,10295704,64,1093432,1529540,9968,16544,269220
2024-01-20T02:46:16,375550932,389846052,2091300,0.53,1274484,14412180,52807624,13.1,6455872,10297600,1028,1095336,1529652,10032,16668,269308
2024-01-20T02:46:21,375550916,389846244,2091056,0.53,1274500,14412380,52906580,13.12,6455876,10296544,356,1093884,1529696,9952,16584,269244
2024-01-20T02:46:26,375550708,389846164,2091108,0.53,1274500,14412464,52805932,13.1,6455884,10297012,976,1094248,1529768,9936,16472,269260
2024-01-20T02:46:31,375576332,389871872,2065380,0.52,1274504,14412552,52815288,13.1,6455892,10301996,488,1099168,1529780,10000,16628,269268
2024-01-20T02:46:36,375594180,389889976,2047052,0.52,1274504,14412752,53125044,13.17,6455884,10302444,1016,1099364,1530060,9952,16488,269244
2024-01-20T02:46:41,375593804,389889852,2047200,0.52,1274508,14413000,52719608,13.07,6455888,10305312,504,1102076,1530036,9952,16496,269228
2024-01-20T02:46:46,375580352,389876248,2060992,0.52,1274516,14413052,52810728,13.1,6455944,10297360,956,1094032,1529636,9952,16452,269260
2024-01-20T02:46:51,375561644,389857632,2079692,0.53,1274520,14413120,52811960,13.1,6455956,10299488,304,1096064,1529572,9952,16464,269308
2024-01-20T02:46:56,375574340,389870520,2066716,0.52,1274528,14413300,52892304,13.12,6456016,10288340,1120,1084836,1529664,9952,16272,269244
2024-01-20T02:47:01,375551828,389848476,2088900,0.53,1274532,14413752,52687984,13.07,6456092,10287664,412,1083812,1529536,9952,16344,269244
2024-01-20T02:47:06,375540300,389837188,2100092,0.53,1274540,14413944,52895952,13.12,6456104,10290756,924,1086724,1529672,9968,16464,269260
2024-01-20T02:47:11,375540964,389837924,2099368,0.53,1274544,14414008,53003096,13.14,6456104,10292544,228,1088432,1529664,9968,16504,269324
2024-01-20T02:47:16,375531076,389828448,2108776,0.53,1274556,14414428,52596324,13.04,6456116,10296212,884,1091792,1529712,9968,16444,269324
2024-01-20T02:47:21,375540908,389838836,2098212,0.53,1274564,14414996,52804692,13.09,6456188,10296900,416,1091916,1529868,10016,16680,269308
2024-01-20T02:47:26,375526404,389823964,2113120,0.54,1274576,14414632,52997484,13.14,6456236,10290720,884,1086212,1529816,10000,16600,269220
2024-01-20T02:47:31,375525412,389823072,2113992,0.54,1274580,14414704,52583336,13.04,6456260,10289376,324,1084744,1529860,9968,16432,269196
2024-01-20T02:47:36,375530512,389828464,2108644,0.53,1274584,14415004,52677000,13.06,6456308,10285248,1248,1080360,1529804,9968,16444,269212
2024-01-20T02:47:41,375522776,389820816,2116304,0.54,1274588,14415068,52785728,13.09,6456328,10288968,372,1083916,1529812,10000,16520,269220
2024-01-20T02:47:46,375530116,389828228,2108612,0.53,1274588,14415140,52991440,13.14,6456324,10289820,904,1084744,1530092,9984,16428,269196
2024-01-20T02:47:51,375541828,389840016,2096824,0.53,1274592,14415204,52793300,13.09,6456336,10293608,244,1088480,1530100,10016,16532,269188
2024-01-20T02:47:56,375541992,389840240,2096680,0.53,1274596,14415260,52685284,13.07,6456324,10292512,264,1087372,1530020,9952,16408,269116
2024-01-20T02:48:01,375540964,389839152,2097832,0.53,1274608,14415352,52789536,13.09,6456344,10292572,96,1087268,1529792,9984,16436,269228
2024-01-20T02:48:06,375548912,389847424,2089536,0.53,1274612,14415680,52875756,13.11,6456452,10281560,936,1076144,1529808,9984,16360,269260
2024-01-20T02:48:11,375548508,389847324,2090112,0.53,1274612,14415964,52680080,13.06,6456468,10288524,1028,1082716,1529352,9984,16444,269228
2024-01-20T02:48:16,375548724,389847580,2089884,0.53,1274616,14416004,52577796,13.04,6456468,10288728,332,1082932,1529320,9968,16436,269244
2024-01-20T02:48:21,375560524,389859440,2077816,0.53,1274628,14416064,52684608,13.07,6456480,10291064,1092,1085164,1529516,9968,16472,269292
2024-01-20T02:48:26,375563112,389862084,2075168,0.53,1274632,14416120,52585752,13.04,6456484,10293736,352,1087928,1529516,10000,16600,269316
2024-01-20T02:48:31,375551436,389850704,2086604,0.53,1274640,14416520,52900508,13.12,6456500,10295940,1156,1089608,1529348,9968,16468,269260
2024-01-20T02:48:36,375553576,389852912,2084392,0.53,1274644,14416588,52798612,13.09,6456504,10297408,332,1091024,1529348,9968,16504,269276
2024-01-20T02:48:41,375545500,389844940,2092144,0.53,1274652,14416672,52592980,13.04,6456516,10297852,1028,1091424,1529580,9952,16492,269244
2024-01-20T02:48:46,375546840,389846348,2090904,0.53,1274656,14416740,52695940,13.07,6456516,10297364,380,1090792,1529408,9968,16452,269244
2024-01-20T02:48:51,375543168,389842904,2094400,0.53,1274656,14416948,52904428,13.12,6456524,10299280,1032,1092468,1529376,9968,16472,269212
2024-01-20T02:48:56,375543164,389842956,2094376,0.53,1274660,14417016,52602948,13.04,6456532,10302704,440,1095924,1529332,10000,16584,269236
2024-01-20T02:49:01,375539744,389839768,2097568,0.53,1274664,14417236,52711580,13.07,6456540,10305448,1084,1098424,1529336,9968,16532,269228
2024-01-20T02:49:06,375540576,389840680,2096748,0.53,1274668,14417316,52917956,13.12,6456540,10305800,292,1098688,1529240,9968,16520,269228
2024-01-20T02:49:11,375540948,389841296,2095840,0.53,1274668,14417544,52601404,13.04,6456604,10300200,1280,1092960,1529548,9968,16504,269292
2024-01-20T02:49:16,375521164,389821592,2115604,0.54,1274676,14417628,52685912,13.07,6456656,10292544,420,1085236,1529476,10000,16404,269300
2024-01-20T02:49:21,375495360,389796276,2140872,0.54,1274680,14418092,53098416,13.17,6456724,10292616,1308,1084880,1529544,9984,16532,269308
2024-01-20T02:49:26,375445488,389746464,2190724,0.55,1274684,14418156,52987200,13.14,6456728,10324616,276,1116852,1529496,9968,16472,269308
2024-01-20T02:49:31,375462428,389763468,2174016,0.55,1274684,14418220,52794524,13.09,6456728,10295576,776,1087800,1529200,9984,16500,269292
2024-01-20T02:49:36,375464100,389765348,2172288,0.55,1274684,14418412,52700596,13.07,6456744,10301072,264,1093080,1529064,10048,16724,269388
2024-01-20T02:49:41,375478228,389779688,2157892,0.55,1274692,14418612,53004832,13.14,6456800,10297788,52,1089668,1529124,9984,16560,269252
2024-01-20T02:49:46,375466208,389767744,2170076,0.55,1274696,14418700,52695392,13.07,6456804,10298636,1088,1090412,1528868,10000,16496,269276
2024-01-20T02:49:51,375467492,389769364,2168524,0.55,1274696,14419032,52890460,13.12,6456864,10293616,428,1085152,1528804,10000,16456,269244
2024-01-20T02:49:56,375513012,389815652,2122084,0.54,1274708,14419760,48965396,12.14,6456868,10252836,1008,1043596,1528984,10000,15828,269260
2024-01-20T02:50:01,375505776,389808024,2129640,0.54,1274712,14419328,52683212,13.06,6456944,10291520,624,1082828,1529092,10032,16568,269252
2024-01-20T02:50:06,375536120,389839332,2098348,0.53,1274724,14420276,49240300,12.21,6456952,10253508,1112,1043820,1529080,10000,15812,269212
2024-01-20T02:50:11,375495200,389797880,2139808,0.54,1274732,14419736,52676488,13.06,6457008,10291064,368,1081948,1529072,10000,16464,269228
2024-01-20T02:50:16,375503424,389806192,2131412,0.54,1274740,14419804,52785524,13.09,6457028,10293988,988,1084860,1529168,10000,16480,269276
2024-01-20T02:50:21,375521408,389824368,2113400,0.54,1274748,14420000,52785672,13.09,6457036,10293684,328,1084256,1528992,10000,16440,269244
2024-01-20T02:50:26,375515816,389818856,2118816,0.54,1274756,14420060,52786488,13.09,6457048,10294884,992,1085424,1529100,10000,16444,269244
2024-01-20T02:50:31,375517408,389820516,2117152,0.54,1274764,14420124,52892048,13.12,6457056,10295696,292,1086216,1529100,10000,16440,269228
2024-01-20T02:50:36,375522632,389826080,2111792,0.53,1274776,14420468,53098140,13.17,6457124,10294604,960,1084800,1528880,10032,16540,269268
2024-01-20T02:50:41,375511668,389815188,2122760,0.54,1274776,14420528,52898480,13.12,6457132,10298932,336,1089144,1528816,10080,16660,269308
2024-01-20T02:50:46,375491548,389795136,2142412,0.54,1274788,14420592,53086808,13.16,6457132,10326960,1032,1117048,1529208,9984,16420,269276
2024-01-20T02:50:51,375538764,389842428,2095084,0.53,1274792,14420668,53102940,13.17,6457128,10299380,236,1089348,1529240,9968,16416,269276
2024-01-20T02:50:56,375537728,389841696,2095772,0.53,1274800,14420856,52795900,13.09,6457152,10300888,460,1090836,1529392,10016,16556,269308
2024-01-20T02:51:01,375541008,389845048,2092428,0.53,1274808,14420912,52796500,13.09,6457164,10301476,300,1091280,1529392,10016,16504,269292
2024-01-20T02:51:06,375536600,389840784,2096728,0.53,1274820,14420988,52595864,13.04,6457180,10305228,412,1095028,1529412,10032,16532,269276
2024-01-20T02:51:11,375537772,389842148,2095416,0.53,1274824,14421184,53117144,13.17,6457188,10308232,288,1097752,1529352,10032,16600,269284
2024-01-20T02:51:16,375528956,389833468,2104124,0.53,1274828,14421272,52804552,13.09,6457180,10307736,460,1097192,1529368,9984,16524,269292
2024-01-20T02:51:21,375531732,389836316,2101408,0.53,1274840,14421336,52907852,13.12,6457188,10307252,88,1096568,1529232,9984,16488,269260
2024-01-20T02:51:26,375551564,389856380,2081272,0.53,1274844,14421548,52903124,13.12,6457252,10302556,616,1091820,1529320,9968,16376,269196
2024-01-20T02:51:31,375525608,389830704,2106944,0.53,1274844,14421760,52916008,13.12,6457268,10308744,764,1097824,1529392,10000,16580,269268
2024-01-20T02:51:36,375507800,389812996,2124812,0.54,1274856,14421824,52909920,13.12,6457284,10340688,400,1129692,1529256,9984,16604,269252
2024-01-20T02:51:41,375524288,389829772,2107600,0.53,1274860,14422040,52598716,13.04,6457340,10303304,996,1092108,1529760,9984,16488,269212
2024-01-20T02:51:46,375521132,389827116,2110220,0.53,1274860,14422572,52908892,13.12,6457336,10305904,356,1094168,1529764,9968,16472,269212
2024-01-20T02:51:51,375507036,389813820,2123440,0.54,1274860,14423232,53012192,13.15,6457344,10307436,772,1095092,1529980,10016,16556,269260
2024-01-20T02:51:56,375511624,389818648,2118724,0.54,1274864,14423444,52903360,13.12,6457404,10302964,560,1090344,1529892,10000,16500,269228
2024-01-20T02:52:01,375499356,389806620,2130700,0.54,1274872,14423640,52685708,13.07,6457472,10295948,944,1083180,1529980,10000,16452,269276
2024-01-20T02:52:06,375486184,389793536,2143780,0.54,1274884,14423720,52796584,13.09,6457488,10302928,412,1090180,1529980,10032,16612,269252
2024-01-20T02:52:11,375483220,389790992,2146288,0.54,1274888,14424100,53000804,13.14,6457488,10302620,616,1089408,1530052,10000,16544,269260
2024-01-20T02:52:16,375501360,389809232,2128052,0.54,1274900,14424188,52897844,13.12,6457504,10302044,292,1088744,1530048,10000,16468,269228
2024-01-20T02:52:21,375488448,389797184,2139932,0.54,1274904,14424948,52697552,13.07,6457516,10305624,1100,1091688,1530316,10032,16568,269316
2024-01-20T02:52:26,375488788,389797356,2139616,0.54,1274916,14424756,52568520,13.04,6457632,10292384,460,1078700,1530472,10000,16276,269260
2024-01-20T02:52:31,375473688,389782780,2154084,0.55,1274920,14425288,52775324,13.09,6457696,10292316,900,1078188,1530568,10016,16436,269308
2024-01-20T02:52:36,375463104,389772264,2164664,0.55,1274924,14425344,53089340,13.17,6457704,10295512,236,1081312,1530512,10016,16528,269268
2024-01-20T02:52:41,375455612,389765048,2171656,0.55,1274924,14425716,52575248,13.04,6457704,10296464,912,1081812,1530640,10016,16528,269316
2024-01-20T02:52:46,375470060,389779552,2157348,0.55,1274924,14425776,52675736,13.06,6457708,10295720,232,1081056,1530440,9984,16468,269276
2024-01-20T02:52:51,375467204,389776776,2160140,0.55,1274928,14425852,52781824,13.09,6457700,10298012,820,1083284,1530424,9984,16456,269260
2024-01-20T02:52:56,375471780,389781680,2155236,0.55,1274936,14426172,52681036,13.06,6457776,10298164,348,1083172,1530424,10000,16552,269236
2024-01-20T02:53:01,375446768,389756512,2180460,0.55,1274940,14426248,53090180,13.17,6457768,10297968,848,1082908,1530132,9968,16448,269260
2024-01-20T02:53:06,375457832,389767764,2169308,0.55,1274952,14426444,52987220,13.14,6457776,10298212,228,1082908,1530012,9968,16444,269260
2024-01-20T02:53:11,375471920,389781956,2155148,0.55,1274960,14426508,52685272,13.07,6457792,10301688,56,1086336,1530012,9952,16440,269212
2024-01-20T02:53:16,375470796,389781160,2155836,0.55,1274972,14426844,52795988,13.09,6457800,10305076,1080,1089452,1530100,10000,16588,269252
2024-01-20T02:53:21,375485796,389796264,2140892,0.54,1274980,14426912,52489168,13.02,6457828,10306892,500,1091132,1529968,10000,16604,269236
2024-01-20T02:53:26,375461108,389771816,2165304,0.55,1274980,14427160,53097304,13.17,6457828,10337584,1012,1121688,1529996,10000,16568,269252
2024-01-20T02:53:31,375496992,389807900,2129192,0.54,1274984,14427352,52694004,13.07,6457832,10307184,476,1091000,1530028,9968,16504,269228
2024-01-20T02:53:36,375500032,389811152,2125824,0.54,1274988,14427560,52899924,13.12,6457836,10306892,860,1090540,1530144,9984,16484,269244
2024-01-20T02:53:41,375489288,389800500,2136620,0.54,1274988,14427652,52899484,13.12,6457840,10336688,412,1120332,1530000,10000,16604,269252
2024-01-20T02:53:46,375506520,389818088,2119084,0.54,1274992,14428000,52796132,13.09,6457896,10304320,868,1087496,1529952,9984,16448,269292
2024-01-20T02:53:51,375493568,389805860,2131316,0.54,1275000,14428712,52799428,13.09,6457912,10309600,572,1092128,1529952,10000,16536,269260
2024-01-20T02:53:56,375492052,389803912,2133204,0.54,1275004,14428256,52992416,13.14,6457968,10300908,720,1084016,1530032,10000,16484,269228
2024-01-20T02:54:01,375481188,389793256,2143860,0.54,1275012,14428452,52793284,13.09,6457980,10305576,216,1088424,1530036,10000,16480,269212
2024-01-20T02:54:06,375476440,389788636,2148508,0.54,1275012,14428524,52795912,13.09,6457980,10306992,904,1089784,1530064,10000,16500,269244
2024-01-20T02:54:11,375481516,389793812,2143352,0.54,1275024,14428592,52899696,13.12,6457996,10307548,188,1090256,1530064,9984,16464,269196
2024-01-20T02:54:16,375475000,389787708,2149652,0.54,1275032,14428940,52791032,13.09,6458060,10304100,704,1086640,1529924,9984,16476,269212
2024-01-20T02:54:21,375467360,389780164,2157200,0.55,1275044,14429012,52693092,13.07,6458076,10307824,168,1090260,1529932,10016,16604,269252
2024-01-20T02:54:26,375469364,389782196,2154728,0.55,1275052,14429100,53108052,13.17,6458088,10310096,824,1092384,1530304,10016,16588,269284
2024-01-20T02:54:31,375488408,389801328,2135728,0.54,1275060,14429180,52762296,13.08,6458092,10309016,196,1091180,1530172,9984,16484,269228
2024-01-20T02:54:36,375489096,389802228,2134936,0.54,1275060,14429396,52901028,13.12,6458084,10309596,844,1091604,1530060,9984,16468,269260
2024-01-20T02:54:41,375486552,389799892,2137252,0.54,1275060,14429592,52690412,13.07,6458156,10306092,664,1087896,1530092,10016,16548,269300
2024-01-20T02:54:46,375439924,389753488,2183492,0.55,1275068,14429816,52876044,13.11,6458212,10331280,1164,1112908,1530248,9984,16420,269228
2024-01-20T02:54:51,375458004,389771780,2165164,0.55,1275080,14430028,49856012,12.36,6458284,10295644,412,1077272,1530272,10000,16376,269236
2024-01-20T02:54:56,375450168,389764264,2173004,0.55,1275080,14430332,52875852,13.11,6458340,10295140,336,1076364,1529964,9952,16384,269148
2024-01-20T02:55:01,375421720,389735892,2201144,0.56,1275084,14430400,52981920,13.14,6458344,10298480,1152,1079744,1530200,9984,16468,269180
2024-01-20T02:55:06,375427992,389742628,2194500,0.56,1275092,14430884,52781428,13.09,6458348,10301784,844,1082572,1530080,9984,16432,269212
2024-01-20T02:55:11,375389416,389703980,2233196,0.57,1275096,14430772,53179680,13.19,6458424,10328736,1340,1109752,1530068,10032,16560,269204
2024-01-20T02:55:16,375422164,389736784,2200480,0.56,1275108,14430812,52987676,13.14,6458436,10300740,564,1081568,1529984,10032,16552,269236
2024-01-20T02:55:21,375437912,389752912,2184392,0.55,1275112,14431052,53086676,13.16,6458436,10299480,956,1080032,1530080,10000,16452,269212
2024-01-20T02:55:26,375438700,389753756,2183532,0.55,1275124,14431120,52782836,13.09,6458440,10302540,392,1083108,1530072,10032,16564,269204
2024-01-20T02:55:31,375425520,389740820,2196440,0.56,1275132,14431204,52786832,13.09,6458464,10305680,956,1086168,1530252,10032,16600,269220
2024-01-20T02:55:36,375439324,389754804,2182428,0.55,1275140,14431420,52684964,13.07,6458468,10306368,468,1086628,1530236,10000,16464,269148
2024-01-20T02:55:41,375428104,389743736,2193488,0.56,1275144,14431524,52691372,13.07,6458468,10309384,944,1089576,1530288,9952,16432,269212
2024-01-20T02:55:46,375440296,389755992,2181416,0.55,1275148,14431592,52899852,13.12,6458472,10310836,456,1090952,1530096,10016,16468,269212
2024-01-20T02:55:51,375440688,389756644,2180856,0.55,1275156,14431872,53112784,13.17,6458496,10314312,1008,1094112,1529976,10048,16580,269268
2024-01-20T02:55:56,375448216,389764344,2173128,0.55,1275164,14432060,52804528,13.09,6458500,10314388,296,1094012,1529980,10016,16480,269212
2024-01-20T02:56:01,375451600,389767968,2169524,0.55,1275168,14432264,52797784,13.09,6458560,10310800,1176,1090292,1529992,10016,16544,269212
2024-01-20T02:56:06,375454060,389770484,2167004,0.55,1275168,14432324,52695948,13.07,6458556,10311548,256,1090896,1529992,9968,16396,269212
2024-01-20T02:56:11,375458440,389775076,2162508,0.55,1275168,14432528,53004960,13.14,6458564,10312424,872,1091588,1529904,10032,16516,269196
2024-01-20T02:56:16,375470468,389787180,2150396,0.54,1275172,14432604,52909856,13.12,6458572,10316764,356,1095884,1529908,10064,16644,269236
2024-01-20T02:56:21,375486728,389803508,2133808,0.54,1275172,14432672,52811032,13.1,6458576,10318064,268,1097096,1530168,10080,16628,269316
2024-01-20T02:56:26,375495456,389812428,2124768,0.54,1275172,14432876,53109616,13.17,6458624,10311544,596,1090460,1530276,10048,16492,269212
2024-01-20T02:56:31,375497228,389814428,2122620,0.54,1275176,14433100,52909092,13.12,6458636,10316152,972,1094960,1530424,10080,16616,269332
2024-01-20T02:56:36,375500256,389817548,2119592,0.54,1275184,14433176,52813688,13.1,6458644,10320000,340,1098668,1530340,10048,16612,269268
2024-01-20T02:56:41,375496740,389814208,2122768,0.54,1275188,14433388,52809592,13.1,6458648,10317076,856,1095480,1530464,10032,16500,269260
2024-01-20T02:56:46,375499800,389817408,2119584,0.54,1275200,14433476,52711908,13.07,6458664,10319772,216,1098128,1530488,10064,16640,269284
2024-01-20T02:56:51,375503820,389821640,2115432,0.54,1275208,14433668,53007956,13.15,6458708,10314952,576,1093084,1530420,10224,16628,269308
2024-01-20T02:56:56,375489492,389807412,2129612,0.54,1275212,14433768,52706320,13.07,6458740,10318300,68,1096600,1530464,10112,16752,269300
2024-01-20T02:57:01,375496676,389814936,2121944,0.54,1275220,14434100,52785856,13.09,6458852,10303868,668,1081740,1530608,10016,16460,269260
2024-01-20T02:57:06,375462052,389780588,2156116,0.55,1275228,14434308,52788980,13.09,6458856,10308148,1048,1085800,1530844,10032,16484,269340
2024-01-20T02:57:11,375459036,389777760,2158796,0.55,1275232,14434492,52780780,13.09,6458912,10302260,560,1079836,1530992,10048,16508,269324
2024-01-20T02:57:16,375444012,389762940,2173244,0.55,1275240,14434676,52884972,13.11,6458936,10303500,1092,1080840,1531376,10064,16496,269356
2024-01-20T02:57:21,375459488,389778476,2157680,0.55,1275244,14434736,53098936,13.17,6458944,10308980,404,1086332,1531400,10064,16588,269364
2024-01-20T02:57:26,375450272,389769320,2166828,0.55,1275256,14434788,52890820,13.12,6458940,10307824,1136,1085056,1531404,10016,16472,269324
2024-01-20T02:57:31,375451436,389770700,2165568,0.55,1275264,14435000,52788996,13.09,6459020,10307848,508,1085064,1531280,10080,16696,269356
2024-01-20T02:57:36,375459424,389779092,2157408,0.55,1275268,14435396,52672852,13.06,6459088,10301676,1080,1078048,1531052,10032,16536,269412
2024-01-20T02:57:41,375505200,389825080,2111552,0.53,1275272,14435584,52990644,13.14,6459088,10307508,236,1084136,1530940,10016,16564,269348
2024-01-20T02:57:46,375500352,389820332,2116240,0.54,1275272,14435664,52785764,13.09,6459092,10308384,1016,1084944,1531020,10032,16588,269348
2024-01-20T02:57:51,375508768,389828812,2107844,0.53,1275276,14435712,52783460,13.09,6459092,10307292,204,1083732,1530948,10000,16464,269292
2024-01-20T02:57:56,375492612,389812924,2124224,0.54,1275280,14435976,52993812,13.14,6459092,10309340,900,1085440,1530456,10016,16436,269324
2024-01-20T02:58:01,375495336,389815720,2121420,0.54,1275284,14436052,52897628,13.12,6459100,10313828,256,1090020,1530456,10048,16572,269332
2024-01-20T02:58:06,375491312,389811768,2125336,0.54,1275288,14436240,52997176,13.14,6459108,10312804,1000,1088716,1530372,10016,16472,269292
2024-01-20T02:58:11,375493420,389813960,2123152,0.54,1275296,14436316,53001704,13.14,6459116,10314468,332,1090284,1530364,10016,16476,269276
2024-01-20T02:58:16,375501324,389822056,2114896,0.54,1275296,14436512,52692968,13.07,6459116,10314920,852,1090556,1530520,10032,16480,269308
2024-01-20T02:58:21,375503320,389824112,2112968,0.54,1275296,14436572,52697964,13.07,6459120,10318172,276,1093740,1530392,10016,16488,269308
2024-01-20T02:58:26,375503664,389824528,2112636,0.54,1275296,14436652,52911568,13.12,6459120,10321244,916,1096892,1530300,10064,16632,269316
2024-01-20T02:58:31,375505348,389826296,2110840,0.53,1275296,14436732,52810200,13.1,6459124,10321708,368,1097160,1530332,10064,16604,269316
2024-01-20T02:58:36,375521248,389842528,2094636,0.53,1275300,14437052,52693164,13.07,6459176,10314736,1224,1089404,1530312,10032,16272,269308
2024-01-20T02:58:41,375516976,389838324,2099000,0.53,1275308,14437112,52907024,13.12,6459196,10319560,92,1094688,1530152,10032,16552,269276
2024-01-20T02:58:46,375519088,389840512,2096816,0.53,1275312,14437176,52920772,13.12,6459208,10325800,344,1101012,1530156,10080,16740,269292
2024-01-20T02:58:51,375531552,389853036,2084092,0.53,1275320,14437392,53015972,13.15,6459200,10322492,1308,1097352,1530192,10032,16552,269276
2024-01-20T02:58:56,375534536,389856096,2081100,0.53,1275324,14437460,52810052,13.1,6459212,10321580,508,1096332,1530128,10016,16512,269308
2024-01-20T02:59:01,375530752,389852212,2084692,0.53,1275336,14437480,49980236,12.39,6459232,10313680,1256,1088492,1530288,10080,16244,269284
2024-01-20T02:59:06,375522412,389844236,2092896,0.53,1275340,14437832,52702944,13.07,6459288,10320408,396,1094904,1530068,10032,16516,269292
2024-01-20T02:59:11,375521528,389843464,2093676,0.53,1275352,14437944,52909204,13.12,6459288,10320640,1304,1094964,1530048,10000,16492,269260
2024-01-20T02:59:16,375539668,389861820,2075492,0.53,1275356,14438144,52795944,13.09,6459360,10314124,628,1088324,1529888,10000,16428,269260
2024-01-20T02:59:21,375525504,389847760,2089808,0.53,1275364,14438240,52904444,13.12,6459376,10318020,1004,1092132,1529632,10048,16572,269244
2024-01-20T02:59:26,375526884,389849288,2088280,0.53,1275376,14438372,52802360,13.09,6459388,10318312,496,1092280,1529636,10048,16560,269260
2024-01-20T02:59:31,375523428,389846468,2090892,0.53,1275384,14438968,52795328,13.09,6459512,10312188,1468,1085728,1529876,10080,16700,269292
2024-01-20T02:59:36,375500136,389823252,2114100,0.54,1275392,14439036,52995424,13.14,6459512,10311784,364,1085176,1529884,10016,16468,269228
2024-01-20T02:59:41,375494576,389818040,2119364,0.54,1275392,14439384,52585584,13.04,6459520,10313312,1240,1086892,1529832,10048,16576,269260
2024-01-20T02:59:46,375488444,389811832,2125324,0.54,1275396,14439296,52787140,13.09,6459584,10310908,428,1084208,1530088,10112,16776,269292
2024-01-20T02:59:51,375512488,389836220,2100960,0.53,1275400,14439636,52878296,13.11,6459636,10304712,1260,1077696,1530064,10016,16528,269308
2024-01-20T02:59:56,375504188,389828156,2108848,0.53,1275408,14439824,52769880,13.09,6459708,10301584,504,1074344,1530280,10016,16432,269292
2024-01-20T03:00:01,375477904,389802156,2134956,0.54,1275408,14440020,52977296,13.14,6459700,10303516,988,1076120,1530260,10000,16472,269260
2024-01-20T03:00:06,375496412,389820724,2116420,0.54,1275416,14440080,52675176,13.06,6459720,10307564,272,1080260,1530220,10016,16572,269212
2024-01-20T03:00:11,375499460,389823888,2113004,0.54,1275420,14440164,52888176,13.12,6459720,10311164,936,1083700,1530500,10016,16592,269300
2024-01-20T03:00:16,375510036,389834656,2102196,0.53,1275424,14440352,52892980,13.12,6459732,10314344,248,1086592,1530540,10000,16600,269236
2024-01-20T03:00:21,375505344,389830040,2106836,0.53,1275428,14440424,52786532,13.09,6459732,10314068,820,1086532,1530516,10192,16876,269292
2024-01-20T03:00:26,375514576,389839352,2097488,0.53,1275436,14440508,52889892,13.12,6459740,10314424,72,1086564,1530540,9952,16468,269292
2024-01-20T03:00:31,375517248,389842096,2094816,0.53,1275440,14440576,52791376,13.09,6459748,10316060,256,1088096,1530468,9968,16460,269212
2024-01-20T03:00:36,375508260,389833312,2103752,0.53,1275440,14440784,52697944,13.07,6459760,10321740,1284,1093608,1530312,10032,16728,269308
2024-01-20T03:00:41,375517764,389842880,2094256,0.53,1275440,14440848,52904828,13.12,6459752,10321588,520,1093348,1530240,9968,16488,269244
2024-01-20T03:00:46,375513236,389838512,2098368,0.53,1275440,14441044,52699340,13.07,6459756,10322240,1160,1093836,1530460,9952,16508,269276
2024-01-20T03:00:51,375540296,389865892,2071156,0.52,1275444,14441336,49397176,12.25,6459764,10282312,488,1053656,1530316,10000,15980,269268
2024-01-20T03:00:56,375502492,389828084,2108960,0.53,1275456,14441316,53015064,13.15,6459840,10325000,1256,1096644,1530324,10064,16844,269380
2024-01-20T03:01:01,375516756,389842412,2094668,0.53,1275456,14441376,53109384,13.17,6459828,10321640,460,1093032,1530292,9968,16520,269228
2024-01-20T03:01:06,375519736,389845624,2091204,0.53,1275460,14441572,52903956,13.12,6459832,10321608,968,1092668,1530576,9952,16504,269244
2024-01-20T03:01:11,375521648,389847600,2089248,0.53,1275468,14441632,53010152,13.15,6459836,10322984,388,1094108,1530552,9952,16544,269212
2024-01-20T03:01:16,375547836,389874004,2062780,0.52,1275472,14441840,53113936,13.17,6459848,10324468,928,1095312,1530620,9952,16532,269212
2024-01-20T03:01:21,375522176,389848424,2088480,0.53,1275480,14441904,52902544,13.12,6459860,10356224,232,1127044,1530508,9920,16576,269196
2024-01-20T03:01:26,375552168,389878524,2058232,0.52,1275488,14442016,52822168,13.1,6459868,10331316,900,1102028,1530644,9920,16636,269220
2024-01-20T03:01:31,375557232,389883684,2053028,0.52,1275496,14442104,52921740,13.12,6459880,10329960,336,1100532,1530688,9920,16524,269164
2024-01-20T03:01:36,375568436,389895244,2041468,0.52,1275496,14442460,52609340,13.05,6459936,10326376,864,1096764,1530688,9920,16560,269172
2024-01-20T03:01:41,375560108,389887040,2049512,0.52,1275496,14442532,52696556,13.07,6460000,10321832,348,1092164,1530900,10000,16796,269308
2024-01-20T03:01:46,375530172,389857336,2079140,0.53,1275500,14442740,52702496,13.07,6459992,10323284,1052,1093336,1530996,9904,16480,269292
2024-01-20T03:01:51,375532300,389859680,2076908,0.53,1275500,14442940,52599536,13.04,6460000,10323760,256,1093620,1530900,9920,16516,269260
2024-01-20T03:01:56,375549768,389877480,2058584,0.52,1275500,14443120,49864740,12.37,6460096,10309696,1380,1079040,1531576,9936,16152,269252
2024-01-20T03:02:01,375516816,389844764,2091388,0.53,1275504,14443336,52796244,13.09,6460124,10318968,448,1088628,1531504,9936,16584,269204
2024-01-20T03:02:06,375512088,389840212,2095896,0.53,1275508,14443516,53105376,13.17,6460120,10320496,1056,1089392,1531540,10080,16676,269204
2024-01-20T03:02:11,375534876,389863460,2072876,0.52,1275520,14443856,52578884,13.04,6460192,10312708,504,1081928,1531420,9888,16468,269164
2024-01-20T03:02:16,375528936,389857780,2078728,0.53,1275520,14444180,52774400,13.09,6460244,10307256,496,1076180,1531184,9888,16412,269148
2024-01-20T03:02:21,375512884,389841976,2094296,0.53,1275524,14444232,52679432,13.06,6460256,10312260,64,1081192,1531612,9920,16488,269228
2024-01-20T03:02:26,375508348,389837636,2098732,0.53,1275528,14444432,52979376,13.14,6460316,10308192,352,1076900,1531508,9920,16464,269180
2024-01-20T03:02:31,375481904,389811428,2124652,0.54,1275540,14444636,53083596,13.16,6460336,10309888,1312,1078436,1531816,9968,16552,269212
2024-01-20T03:02:36,375482768,389812352,2123760,0.54,1275548,14444688,52880044,13.11,6460336,10311364,324,1079760,1531784,9920,16416,269196
2024-01-20T03:02:41,375496764,389826440,2109616,0.53,1275552,14444772,52786568,13.09,6460352,10316944,1452,1085348,1531844,9984,16696,269212
2024-01-20T03:02:46,375494632,389824380,2111676,0.53,1275556,14444848,52682976,13.06,6460352,10316380,576,1084648,1531836,9952,16568,269236
2024-01-20T03:02:51,375492520,389822476,2113792,0.54,1275560,14445040,52584472,13.04,6460356,10319580,1276,1087640,1531636,10000,16632,269220
2024-01-20T03:02:56,375472864,389802604,2133776,0.54,1275564,14444816,53085896,13.16,6460064,10348344,320,1116296,1531528,9936,16456,269180
2024-01-20T03:03:01,375525744,389855648,2080552,0.53,1275576,14445020,52694056,13.07,6460080,10323616,1168,1091440,1531656,9968,16600,269220
2024-01-20T03:03:06,375550760,389880980,2055428,0.52,1275584,14445332,50073364,12.42,6460100,10298900,368,1066396,1531444,10000,16124,269260
2024-01-20T03:03:11,375511480,389841668,2094660,0.53,1275592,14445312,52896332,13.12,6460140,10320672,792,1088268,1531504,9968,16532,269212
2024-01-20T03:03:16,375509872,389840108,2096372,0.53,1275604,14445364,52896208,13.12,6460152,10322164,344,1089640,1531336,9952,16504,269228
2024-01-20T03:03:21,375493808,389824248,2112268,0.53,1275604,14445552,52896356,13.12,6460164,10321528,744,1088780,1531316,9952,16464,269228
2024-01-20T03:03:26,375491036,389821536,2114976,0.54,1275604,14445608,52896524,13.12,6460164,10323240,224,1090536,1531324,9952,16512,269228
2024-01-20T03:03:31,375482380,389813084,2123128,0.54,1275604,14445804,52899692,13.12,6460164,10324944,812,1092000,1531632,9936,16548,269276
2024-01-20T03:03:36,375484488,389815236,2120956,0.54,1275604,14445860,52702140,13.07,6460168,10328376,72,1095500,1531640,9952,16632,269260
2024-01-20T03:03:41,375483212,389814084,2121996,0.54,1275608,14445976,52810652,13.1,6460172,10330004,816,1096888,1531756,9936,16496,269292
2024-01-20T03:03:46,375477160,389808224,2127776,0.54,1275608,14446172,52605616,13.05,6460240,10329524,64,1096444,1531832,10000,16764,269308
2024-01-20T03:03:51,375461352,389792632,2143324,0.54,1275608,14446380,52710056,13.07,6460248,10333468,768,1100144,1531884,10224,16720,269308
2024-01-20T03:03:56,375468876,389800228,2135764,0.54,1275616,14446448,52812292,13.1,6460240,10331604,64,1098112,1531844,9904,16556,269180
2024-01-20T03:04:01,375478308,389809732,2126412,0.54,1275620,14446516,53124020,13.17,6460248,10332040,496,1098472,1531692,9904,16512,269164
2024-01-20T03:04:06,375475564,389807204,2128768,0.54,1275628,14446720,52927428,13.13,6460264,10337540,1180,1103836,1531868,9984,16796,269292
2024-01-20T03:04:11,375477788,389809516,2126660,0.54,1275628,14446812,52919224,13.12,6460256,10333792,560,1099924,1531660,9920,16548,269196
2024-01-20T03:04:16,375484224,389816052,2119892,0.54,1275632,14446908,52919432,13.12,6460268,10333984,1156,1100116,1531892,9968,16608,269228
2024-01-20T03:04:21,375501500,389833556,2102488,0.53,1275640,14447120,52708924,13.07,6460340,10331088,464,1097132,1531800,9936,16692,269204
2024-01-20T03:04:26,375532524,389865036,2071384,0.52,1275644,14447608,52794228,13.09,6460444,10320024,1420,1085620,1531388,9936,16596,269236
2024-01-20T03:04:31,375517536,389850112,2086364,0.53,1275644,14447672,53106500,13.17,6460440,10323944,508,1089364,1531332,9904,16500,269196
2024-01-20T03:04:36,375557048,389889944,2046864,0.52,1275648,14447992,52686072,13.07,6460496,10318824,1152,1083988,1530996,9920,16432,269196
2024-01-20T03:04:41,375543476,389876440,2060616,0.52,1275656,14448052,52898112,13.12,6460520,10322716,240,1087940,1530748,9968,16676,269236
2024-01-20T03:04:46,375554672,389887704,2049232,0.52,1275656,14448116,52689508,13.07,6460520,10321944,1100,1087008,1530872,9904,16488,269196
2024-01-20T03:04:51,375520056,389853432,2083876,0.53,1275660,14448452,52668408,13.06,6460640,10345884,304,1110772,1530504,9968,16688,269212
2024-01-20T03:04:56,375533912,389867204,2070328,0.52,1275664,14448656,52779148,13.09,6460648,10316020,968,1080664,1529988,9888,16492,269076
2024-01-20T03:05:01,375533408,389866756,2070812,0.52,1275668,14448712,52672404,13.06,6460652,10314708,332,1079508,1529948,9872,16484,269100
2024-01-20T03:05:06,375528148,389861588,2075780,0.53,1275676,14448788,52574088,13.04,6460668,10317408,1088,1081948,1530156,9936,16564,269188
2024-01-20T03:05:11,375506104,389839768,2097600,0.53,1275680,14449004,52673800,13.06,6460672,10352480,300,1116860,1530160,9952,16616,269124
2024-01-20T03:05:16,375528524,389862256,2074996,0.53,1275684,14449072,52582576,13.04,6460664,10322692,996,1086896,1530272,9936,16536,269116
2024-01-20T03:05:21,375531648,389865448,2071820,0.52,1275688,14449160,52893212,13.12,6460672,10323312,284,1087492,1530232,9952,16524,269148
2024-01-20T03:05:26,375521560,389855712,2081480,0.53,1275692,14449500,52990188,13.14,6460732,10319164,1320,1083176,1530316,9936,16544,269116
2024-01-20T03:05:31,375530476,389864708,2072520,0.52,1275700,14449564,52893116,13.12,6460740,10324492,320,1088388,1530288,9936,16632,269172
2024-01-20T03:05:36,375526300,389860612,2076860,0.53,1275704,14449624,52789252,13.09,6460752,10323360,624,1086736,1530060,10032,16452,269148
2024-01-20T03:05:41,375531944,389866296,2071112,0.52,1275708,14449692,52792312,13.09,6460756,10325524,260,1089400,1530092,9936,16548,269148
2024-01-20T03:05:46,375536228,389870788,2066644,0.52,1275716,14449868,52791988,13.09,6460760,10325812,500,1089256,1530092,9904,16456,269132
2024-01-20T03:05:51,375528584,389863144,2074300,0.53,1275716,14449948,52803488,13.09,6460780,10330288,1472,1093904,1530000,10000,16720,269244
2024-01-20T03:05:56,375551124,389886404,2051172,0.52,1275716,14450656,49075964,12.17,6460772,10286300,868,1049068,1529880,9936,15992,269180
2024-01-20T03:06:01,375515564,389850544,2087092,0.53,1275720,14450356,52791528,13.09,6460828,10323160,1492,1086252,1529816,9952,16500,269212
2024-01-20T03:06:06,375520956,389856016,2081628,0.53,1275728,14450424,52797572,13.09,6460844,10329296,456,1091860,1529812,10016,16692,269220
2024-01-20T03:06:11,375516944,389852088,2085436,0.53,1275736,14450500,52793448,13.09,6460848,10326808,1344,1089784,1529932,9936,16500,269212
2024-01-20T03:06:16,375519688,389854908,2082664,0.53,1275740,14450580,52800104,13.09,6460856,10330148,524,1093032,1529876,9968,16612,269268
2024-01-20T03:06:21,375512792,389848232,2089048,0.53,1275744,14450788,52901748,13.12,6460856,10329708,1168,1092364,1530176,9936,16440,269228
2024-01-20T03:06:26,375526504,389862040,2075328,0.53,1275752,14450872,52904704,13.12,6460868,10331804,360,1094428,1530092,9936,16516,269212
2024-01-20T03:06:31,375515196,389850948,2086560,0.53,1275760,14451052,52803652,13.09,6460876,10332792,1020,1095164,1529980,9936,16492,269228
2024-01-20T03:06:36,375514008,389850140,2087268,0.53,1275768,14451384,52590024,13.04,6460944,10327412,388,1089512,1530120,9936,16480,269180
2024-01-20T03:06:41,375503712,389840188,2097120,0.53,1275772,14451596,52592072,13.04,6460948,10329644,1100,1091568,1530348,9920,16416,269196
2024-01-20T03:06:46,375542624,389880008,2057228,0.52,1275780,14452496,48974100,12.14,6461020,10287668,792,1048760,1530420,9936,15992,269148
2024-01-20T03:06:51,375496148,389833084,2104212,0.53,1275780,14452016,52994268,13.14,6461068,10322512,984,1084112,1530392,9936,16460,269180
2024-01-20T03:06:56,375511056,389848316,2088964,0.53,1275784,14452336,52887108,13.12,6461136,10320912,560,1082276,1530408,9968,16600,269172
2024-01-20T03:07:01,375488416,389825836,2111436,0.53,1275788,14452552,52774336,13.09,6461196,10316164,1400,1077380,1530356,9936,16484,269228
2024-01-20T03:07:06,375491964,389829428,2107864,0.53,1275796,14452592,52984076,13.14,6461196,10319112,212,1080220,1530332,9968,16488,269212
2024-01-20T03:07:11,375490496,389828152,2108968,0.53,1275796,14452780,52886616,13.12,6461204,10321484,1124,1082556,1530508,10016,16632,269252
2024-01-20T03:07:16,375488960,389826804,2110468,0.53,1275796,14452972,52878524,13.11,6461268,10316864,384,1077768,1530352,10016,16588,269204
2024-01-20T03:07:21,375498632,389836528,2100612,0.53,1275796,14453028,52987384,13.14,6461272,10320944,520,1081652,1530480,10160,16444,269300
2024-01-20T03:07:26,375518276,389856244,2080856,0.53,1275796,14453108,52986428,13.14,6461272,10322784,320,1083536,1530512,10032,16624,269244
2024-01-20T03:07:31,375521808,389860004,2077220,0.53,1275800,14453312,52985840,13.14,6461264,10322408,64,1082892,1530408,9952,16444,269180
2024-01-20T03:07:36,375489024,389827300,2110128,0.53,1275812,14453392,53080240,13.16,6461268,10353164,1124,1113564,1530192,9968,16460,269164
2024-01-20T03:07:41,375522352,389860716,2076748,0.53,1275820,14453476,52888700,13.12,6461284,10325376,372,1085648,1530152,9968,16472,269132
2024-01-20T03:07:46,375527344,389865944,2071324,0.52,1275824,14453696,52893636,13.12,6461296,10328568,1176,1088652,1530360,10000,16524,269228
2024-01-20T03:07:51,375530264,389868944,2068336,0.52,1275824,14453768,52695340,13.07,6461304,10333124,556,1092788,1530356,10000,16632,269252
2024-01-20T03:07:56,375534208,389873076,2064304,0.52,1275828,14453836,52795384,13.09,6461300,10331492,1224,1091492,1530372,9952,16500,269228
2024-01-20T03:08:01,375552288,389891368,2046012,0.52,1275832,14454040,52690804,13.07,6461364,10328672,412,1088512,1530376,9952,16512,269164
2024-01-20T03:08:06,375534732,389874016,2063456,0.52,1275836,14454236,52906360,13.12,6461376,10334552,1304,1094180,1530288,9968,16668,269260
2024-01-20T03:08:11,375536476,389875928,2061428,0.52,1275836,14454432,52787964,13.09,6461428,10325508,448,1085084,1530376,9968,16540,269180
2024-01-20T03:08:16,375523560,389863096,2074040,0.53,1275836,14454484,52789344,13.09,6461432,10327672,1140,1087156,1530628,9936,16512,269196
2024-01-20T03:08:21,375527360,389867088,2070084,0.52,1275840,14454672,52686644,13.07,6461436,10327840,292,1087088,1530592,9936,16520,269180
2024-01-20T03:08:26,375524396,389864180,2072760,0.52,1275852,14454740,52804212,13.09,6461436,10334128,1168,1093392,1530800,9952,16728,269252
2024-01-20T03:08:31,375535588,389875476,2061436,0.52,1275852,14454820,52806820,13.1,6461460,10335080,508,1094216,1530852,9968,16672,269236
2024-01-20T03:08:36,375526300,389866396,2070504,0.52,1275856,14455020,52807132,13.1,6461456,10336352,1144,1095312,1530868,9952,16676,269268
2024-01-20T03:08:41,375527788,389867988,2069088,0.52,1275860,14455116,52707840,13.07,6461460,10336072,360,1094828,1530696,9920,16532,269244
2024-01-20T03:08:46,375499020,389839452,2097612,0.53,1275864,14455340,53202224,13.19,6461520,10360256,1396,1118892,1530712,9936,16536,269260
2024-01-20T03:08:51,375526448,389866956,2070300,0.52,1275868,14455412,52804328,13.09,6461528,10333976,284,1092528,1530520,9952,16596,269260
2024-01-20T03:08:56,375520432,389861292,2076128,0.53,1275876,14455632,52804328,13.09,6461528,10334184,944,1092532,1530480,9920,16536,269244
2024-01-20T03:09:01,375523044,389864000,2073432,0.53,1275888,14455712,52703476,13.07,6461548,10336172,292,1094412,1530472,9920,16572,269212
2024-01-20T03:09:06,375520836,389861968,2075456,0.53,1275896,14455788,52811564,13.1,6461564,10338040,1084,1096872,1530572,9968,16288,269268
2024-01-20T03:09:11,375534548,389876192,2061364,0.52,1275904,14456248,52899476,13.12,6461688,10326880,628,1084880,1530484,9968,16556,269204
2024-01-20T03:09:16,375506408,389848120,2089484,0.53,1275908,14456320,52898120,13.12,6461680,10329904,376,1087636,1530428,9904,16480,269164
2024-01-20T03:09:21,375507932,389849884,2087332,0.53,1275916,14456516,52886500,13.12,6461752,10323932,1552,1081592,1530852,9936,16516,269244
2024-01-20T03:09:26,375490324,389832324,2104880,0.53,1275916,14456568,53093936,13.17,6461756,10325660,420,1083280,1530860,9936,16524,269244
2024-01-20T03:09:31,375498312,389840524,2096844,0.53,1275924,14456772,52685508,13.07,6461764,10327016,1380,1084436,1530696,9952,16480,269340
2024-01-20T03:09:36,375500964,389843356,2093960,0.53,1275924,14456948,52782932,13.09,6461820,10323428,760,1080784,1530752,9952,16584,269292
2024-01-20T03:09:41,375484952,389827600,2109384,0.53,1275932,14457156,52776368,13.09,6461888,10320868,1616,1077964,1531124,9952,16496,269292
2024-01-20T03:09:46,375494512,389837208,2099904,0.53,1275936,14457216,52778064,13.09,6461888,10323480,320,1080580,1530980,9952,16508,269292
2024-01-20T03:09:51,375488736,389831720,2105312,0.53,1275936,14457420,52778776,13.09,6461888,10324708,1388,1081568,1531144,9952,16504,269308
2024-01-20T03:09:56,375490252,389833296,2103820,0.53,1275936,14457476,52680284,13.06,6461904,10327224,436,1084132,1531064,10000,16608,269332
2024-01-20T03:10:01,375495640,389838976,2098152,0.53,1275944,14457692,52784056,13.09,6461904,10328304,1316,1084900,1531120,9968,16508,269308
2024-01-20T03:10:06,375509020,389852420,2084736,0.53,1275952,14457772,52887356,13.12,6461908,10328980,404,1085528,1531068,9968,16524,269276
2024-01-20T03:10:11,375521772,389865376,2071724,0.52,1275964,14457872,52890268,13.12,6461928,10330072,1360,1086432,1531216,9968,16508,269260
2024-01-20T03:10:16,375523956,389867628,2069540,0.52,1275964,14457944,52794536,13.09,6461932,10333368,512,1089792,1531144,10000,16632,269316
2024-01-20T03:10:21,375524284,389868476,2069288,0.52,1275972,14458428,52984016,13.14,6462052,10322428,1396,1078340,1530576,9968,16464,269276
2024-01-20T03:10:26,375509036,389853276,2084516,0.53,1275976,14458476,52679968,13.06,6462048,10328968,396,1084888,1530544,9984,16524,269228
2024-01-20T03:10:31,375506512,389851028,2086604,0.53,1275976,14458652,52888776,13.12,6462056,10328916,1020,1084616,1530804,9984,16472,269276
2024-01-20T03:10:36,375509020,389853596,2084072,0.53,1275984,14458716,52687128,13.07,6462072,10332416,300,1088244,1530756,10016,16664,269316
2024-01-20T03:10:41,375501656,389846332,2091168,0.53,1275992,14458768,53202100,13.19,6462072,10331508,1076,1087260,1530964,9968,16584,269228
2024-01-20T03:10:46,375504184,389848928,2088588,0.53,1275996,14458824,52791364,13.09,6462080,10332752,220,1088364,1530956,9968,16492,269212
2024-01-20T03:10:51,375515884,389860832,2076616,0.53,1276000,14459032,52894468,13.12,6462092,10334148,928,1089588,1531016,10288,16328,269196
2024-01-20T03:10:56,375518404,389863424,2074108,0.53,1276008,14459084,52997808,13.14,6462096,10333864,224,1089184,1530944,10000,16560,269196
2024-01-20T03:11:01,375520172,389865256,2072456,0.52,1276012,14459148,52688144,13.07,6462100,10333512,52,1088760,1530760,9968,16480,269180
2024-01-20T03:11:06,375533292,389878476,2059040,0.52,1276020,14459248,52912740,13.12,6462108,10343544,1224,1098748,1530948,10000,16664,269252
2024-01-20T03:11:11,375547500,389892896,2044600,0.52,1276024,14459464,52911828,13.12,6462112,10343508,612,1098604,1530960,9968,16572,269212
2024-01-20T03:11:16,375554416,389899980,2037388,0.52,1276028,14459544,52920516,13.12,6462128,10347764,1352,1102628,1531172,10032,16764,269292
2024-01-20T03:11:21,375556500,389902148,2035300,0.52,1276028,14459628,52809296,13.1,6462128,10344164,536,1098964,1531092,10000,16604,269244
2024-01-20T03:11:26,375567812,389913840,2023348,0.51,1276040,14459976,52904708,13.12,6462172,10338228,724,1092708,1531372,9984,16504,269244
2024-01-20T03:11:31,375559072,389905324,2031932,0.51,1276040,14460188,52999080,13.14,6462248,10334608,408,1089020,1531316,9984,16528,269244
2024-01-20T03:11:36,375543064,389889396,2047548,0.52,1276048,14460268,53004932,13.14,6462256,10339732,1280,1094012,1531620,10032,16704,269284
2024-01-20T03:11:41,375542160,389888548,2048392,0.52,1276056,14460320,52691780,13.07,6462260,10337156,352,1091416,1531620,10000,16596,269244
2024-01-20T03:11:46,375535888,389882528,2054688,0.52,1276068,14460528,52795764,13.09,6462272,10338064,1184,1092032,1531376,9984,16528,269260
2024-01-20T03:11:51,375556180,389903152,2034056,0.52,1276076,14460848,52784540,13.09,6462392,10327432,492,1081312,1531388,9984,16488,269180
2024-01-20T03:11:56,375521176,389869044,2067924,0.52,1276084,14461696,52975360,13.14,6462456,10357080,1472,1110196,1531668,10000,16440,269244
2024-01-20T03:12:01,375536332,389884292,2052716,0.52,1276092,14461776,52787684,13.09,6462468,10332284,336,1085276,1531632,9968,16456,269228
2024-01-20T03:12:06,375537204,389885728,2051388,0.52,1276096,14462236,52882436,13.11,6462540,10326028,1096,1078552,1531624,9984,16464,269228
2024-01-20T03:12:11,375528992,389877688,2059480,0.52,1276100,14462416,52579068,13.04,6462544,10330556,324,1083004,1531560,10016,16620,269220
2024-01-20T03:12:16,375536484,389885628,2051552,0.52,1276100,14462748,52891512,13.12,6462540,10332980,1144,1085164,1531664,10016,16668,269220
2024-01-20T03:12:21,375549444,389898644,2038564,0.52,1276104,14462804,52787812,13.09,6462544,10333404,176,1085320,1531632,9952,16520,269116
2024-01-20T03:12:26,375553576,389903172,2034116,0.52,1276104,14463148,52789000,13.09,6462548,10334772,1020,1086384,1531604,9952,16488,269164
2024-01-20T03:12:31,375555624,389905300,2032028,0.51,1276104,14463232,52789144,13.09,6462552,10335672,308,1087204,1531560,9936,16520,269164
2024-01-20T03:12:36,375555364,389905260,2032096,0.51,1276104,14463448,52591652,13.04,6462560,10339420,612,1090708,1531536,9984,16440,269172
2024-01-20T03:12:41,375516252,389866428,2070992,0.52,1276116,14463656,52671512,13.06,6462632,10363476,532,1114736,1531532,9936,16532,269148
2024-01-20T03:12:46,375537252,389887504,2049928,0.52,1276120,14463724,52690624,13.07,6462620,10337692,500,1088772,1531524,9904,16432,269100
2024-01-20T03:12:51,375535380,389885900,2051628,0.52,1276128,14463920,52787672,13.09,6462692,10333944,1716,1084980,1531492,9968,16620,269124
2024-01-20T03:12:56,375495788,389846372,2091216,0.53,1276136,14463980,52774788,13.09,6462704,10363852,484,1114748,1531428,9936,16488,269116
2024-01-20T03:13:01,375534508,389885140,2052584,0.52,1276136,14464036,53102024,13.17,6462708,10337792,1336,1088728,1531284,9936,16560,269068
2024-01-20T03:13:06,375526872,389877596,2060144,0.52,1276144,14464104,52793368,13.09,6462716,10338024,368,1088788,1531284,9936,16524,269084
2024-01-20T03:13:11,375527028,389878224,2059612,0.52,1276156,14464508,52797964,13.09,6462732,10340912,900,1091424,1531244,9968,16656,269124
2024-01-20T03:13:16,375497824,389849108,2088732,0.53,1276160,14464572,52887128,13.12,6462736,10369284,440,1119600,1531260,9952,16512,269132
2024-01-20T03:13:21,375528564,389880212,2057376,0.52,1276164,14464916,52808456,13.1,6462736,10347228,976,1097756,1531528,9984,16664,269236
2024-01-20T03:13:26,375531052,389882788,2054944,0.52,1276168,14464984,52907288,13.12,6462748,10345736,372,1095636,1531400,9968,16612,269180
2024-01-20T03:13:31,375543520,389895500,2042292,0.52,1276176,14465216,52914868,13.12,6462748,10347300,912,1096960,1531344,9952,16612,269148
2024-01-20T03:13:36,375545384,389897448,2040516,0.52,1276176,14465296,52916032,13.12,6462756,10349636,356,1099192,1531176,9952,16564,269148
2024-01-20T03:13:41,375536532,389888800,2048984,0.52,1276188,14465660,52607324,13.05,6462764,10349936,856,1099204,1531184,9984,16612,269164
2024-01-20T03:13:46,375543144,389895656,2042404,0.52,1276196,14465876,52910424,13.12,6462840,10345800,524,1094872,1530928,9968,16584,269196
2024-01-20T03:13:51,375535540,389888276,2049744,0.52,1276196,14466100,52700656,13.07,6462892,10343404,1284,1092436,1530968,9968,16576,269236
2024-01-20T03:13:56,375528984,389881920,2056232,0.52,1276200,14466292,52896396,13.12,6462956,10338064,932,1086780,1530840,9952,16484,269228
2024-01-20T03:14:01,375508036,389861188,2076924,0.53,1276208,14466500,53112380,13.17,6462964,10343768,236,1092368,1530880,10016,16644,269364
2024-01-20T03:14:06,375501436,389854748,2083700,0.53,1276208,14466672,52687176,13.07,6463012,10334724,504,1083172,1530532,10000,16464,269292
2024-01-20T03:14:11,375474820,389828476,2109600,0.53,1276212,14467020,52586424,13.04,6463020,10338436,80,1086616,1530896,9952,16508,269276
2024-01-20T03:14:16,375479780,389833636,2104612,0.53,1276212,14467196,53002856,13.14,6463032,10341252,444,1089212,1530748,9984,16624,269284
2024-01-20T03:14:21,375473888,389828112,2110000,0.53,1276216,14467536,52999068,13.14,6463088,10338576,1576,1086264,1530908,10016,16712,269436
2024-01-20T03:14:26,375498388,389852836,2085124,0.53,1276220,14467752,52673216,13.06,6463144,10330544,660,1078176,1531064,9952,16500,269292
2024-01-20T03:14:31,375455684,389810200,2127760,0.54,1276220,14467804,52653904,13.06,6463140,10368800,540,1116408,1531080,9904,16436,269260
2024-01-20T03:14:36,375489284,389844012,2093568,0.53,1276224,14468016,52581504,13.04,6463152,10337416,448,1084716,1531456,9936,16520,269276
2024-01-20T03:14:41,375510356,389865288,2072384,0.52,1276232,14468208,52687384,13.07,6463164,10340628,412,1087704,1531368,9936,16584,269276
2024-01-20T03:14:46,375498584,389853848,2084220,0.53,1276232,14468536,52883000,13.11,6463220,10334368,656,1081148,1530976,9920,16516,269292
2024-01-20T03:14:51,375502012,389857348,2080708,0.53,1276232,14468620,52885060,13.11,6463220,10337188,324,1083360,1530976,9888,16472,269228
2024-01-20T03:14:56,375491724,389847128,2090804,0.53,1276240,14468688,52888964,13.12,6463224,10338496,392,1085160,1531092,9968,16608,269284
2024-01-20T03:15:01,375494668,389850160,2087876,0.53,1276244,14468756,52994876,13.14,6463236,10340868,392,1087416,1531004,9952,16648,269236
2024-01-20T03:15:06,375497656,389853428,2084496,0.53,1276256,14469012,52788944,13.09,6463252,10340900,404,1087200,1531128,9920,16520,269260
2024-01-20T03:15:11,375500040,389856120,2081796,0.53,1276260,14469324,52686324,13.07,6463252,10341900,380,1087852,1531128,9936,16520,269260
2024-01-20T03:15:16,375508556,389864712,2073300,0.53,1276264,14469396,53001168,13.14,6463256,10344280,192,1090176,1531032,9952,16536,269292
2024-01-20T03:15:21,375499856,389856092,2081968,0.53,1276272,14469472,53011640,13.15,6463268,10349400,204,1095352,1530980,10016,16756,269308
2024-01-20T03:15:26,375483312,389839916,2097812,0.53,1276280,14469820,52801216,13.09,6463344,10346004,476,1091648,1531324,10032,16732,269388
2024-01-20T03:15:31,375466472,389823160,2114540,0.54,1276280,14469908,52691724,13.07,6463336,10343728,196,1089200,1531348,9968,16504,269308
2024-01-20T03:15:36,375457584,389814256,2123416,0.54,1276280,14469964,53004112,13.14,6463340,10345956,152,1091380,1531304,9968,16524,269308
2024-01-20T03:15:41,375473752,389830640,2107072,0.53,1276284,14470168,52904172,13.12,6463344,10348048,24,1093296,1531272,9968,16628,269276
2024-01-20T03:15:46,375436820,389793904,2143576,0.54,1276288,14470372,52894444,13.12,6463348,10377456,148,1122456,1531492,9968,16512,269324
2024-01-20T03:15:51,375467652,389824960,2112596,0.54,1276292,14470580,52908484,13.12,6463352,10350376,120,1095192,1531428,9968,16556,269276
2024-01-20T03:15:56,375463888,389821548,2115972,0.54,1276296,14470928,52704188,13.07,6463356,10351012,1252,1095436,1531464,9968,16528,269340
2024-01-20T03:16:01,375478372,389836296,2101164,0.53,1276308,14471144,52695732,13.07,6463420,10347100,564,1091408,1531560,10000,16644,269364
2024-01-20T03:16:06,375449648,389808032,2129400,0.54,1276316,14471632,52995204,13.14,6463472,10342248,1552,1086232,1531552,9936,16548,269308
2024-01-20T03:16:11,375449048,389807560,2129916,0.54,1276328,14471712,52896320,13.12,6463496,10345244,652,1088996,1531544,9952,16500,269276
2024-01-20T03:16:16,375444124,389802952,2134584,0.54,1276336,14472040,52984384,13.14,6463544,10345692,604,1089172,1531464,9936,16452,269276
2024-01-20T03:16:21,375428704,389788172,2149380,0.54,1276348,14472644,52993116,13.14,6463640,10340992,912,1084108,1531472,10000,16600,269300
2024-01-20T03:16:26,375409092,389768616,2169096,0.55,1276360,14472704,52784812,13.09,6463636,10340860,348,1083808,1531296,9968,16496,269244
2024-01-20T03:16:31,375407752,389767636,2170232,0.55,1276364,14473040,52790272,13.09,6463664,10344604,660,1087228,1531160,10000,16636,269236
2024-01-20T03:16:36,375411032,389771116,2166592,0.55,1276368,14473240,52676628,13.06,6463724,10337216,612,1079636,1531316,9952,16484,269228
2024-01-20T03:16:41,375412540,389772720,2164664,0.55,1276376,14473332,52887076,13.12,6463728,10341332,492,1083692,1531636,9952,16484,269228
2024-01-20T03:16:46,375404168,389764596,2172740,0.55,1276376,14473584,52571084,13.04,6463780,10337340,576,1079520,1531680,9952,16444,269228
2024-01-20T03:16:51,375389064,389749844,2187632,0.55,1276376,14473920,52784536,13.09,6463796,10342336,524,1084152,1531556,9968,16568,269244
2024-01-20T03:16:56,375391404,389752376,2185100,0.55,1276376,14474120,53093756,13.17,6463796,10343800,324,1085412,1531548,9968,16544,269260
2024-01-20T03:17:01,375409340,389771380,2166244,0.55,1276380,14475172,52790080,13.09,6463808,10348004,964,1088576,1531412,9968,16540,269292
2024-01-20T03:17:06,375405824,389767340,2170200,0.55,1276384,14474652,52881668,13.11,6463860,10339076,372,1080264,1531488,9984,16488,269196
2024-01-20T03:17:11,375387328,389749060,2188780,0.55,1276384,14474856,53191956,13.19,6463864,10341808,396,1082864,1531200,9984,16544,269244
2024-01-20T03:17:16,375387040,389748960,2188876,0.55,1276392,14475056,52786944,13.09,6463872,10345728,284,1086472,1531184,9984,16528,269228
2024-01-20T03:17:21,375394788,389756932,2180712,0.55,1276392,14475264,52794048,13.09,6463880,10350032,400,1090600,1531392,10000,16688,269252
2024-01-20T03:17:26,375396472,389758676,2179008,0.55,1276396,14475320,52893168,13.12,6463880,10347140,236,1087644,1531352,9968,16516,269260
2024-01-20T03:17:31,375395776,389758312,2179208,0.55,1276408,14475536,52894148,13.12,6463956,10346940,492,1087268,1531620,10000,16632,269284
2024-01-20T03:17:36,375387248,389749972,2187700,0.55,1276416,14475732,52994452,13.14,6463952,10346536,220,1086696,1531452,9968,16496,269260
2024-01-20T03:17:41,375408132,389770952,2166740,0.55,1276424,14475808,52999808,13.14,6463964,10348724,532,1088732,1531444,9984,16500,269228
2024-01-20T03:17:46,375407476,389770380,2167316,0.55,1276432,14475888,52796564,13.09,6463968,10350120,416,1090048,1531436,9984,16504,269228
2024-01-20T03:17:51,375422704,389785840,2151664,0.54,1276436,14476100,52799288,13.09,6463976,10352496,1268,1092232,1531644,9984,16528,269276
2024-01-20T03:17:56,375396368,389759572,2177848,0.55,1276436,14476168,52893800,13.12,6463984,10384320,440,1124044,1531728,9984,16548,269228
2024-01-20T03:18:01,375428252,389791672,2145828,0.54,1276444,14476380,52698140,13.07,6464036,10349488,484,1088996,1531644,9952,16440,269212
2024-01-20T03:18:06,375421336,389784844,2152480,0.55,1276456,14476464,52906788,13.12,6464056,10354212,460,1093836,1531812,10016,16620,269300
2024-01-20T03:18:11,375420780,389784440,2152876,0.55,1276460,14476604,53008936,13.15,6464064,10355292,524,1094600,1531828,10000,16576,269292
2024-01-20T03:18:16,375442552,389806552,2130384,0.54,1276468,14477016,53000604,13.14,6464124,10349464,736,1088468,1532128,9968,16440,269276
2024-01-20T03:18:21,375433444,389797508,2139420,0.54,1276476,14477080,53002472,13.14,6464132,10351716,372,1090648,1532128,9984,16552,269228
2024-01-20T03:18:26,375444948,389809452,2127736,0.54,1276480,14477480,52789860,13.09,6464200,10347740,660,1086384,1531904,10000,16564,269252
2024-01-20T03:18:31,375434136,389798824,2138432,0.54,1276484,14477680,52685380,13.07,6464200,10348536,420,1086860,1531816,9968,16500,269228
2024-01-20T03:18:36,375424472,389789176,2147772,0.54,1276492,14477868,52900884,13.12,6464224,10354464,548,1092276,1531944,10000,16736,269252
2024-01-20T03:18:41,375429256,389794164,2142752,0.54,1276500,14478076,52892212,13.12,6464268,10347312,544,1085316,1531964,9936,16436,269228
2024-01-20T03:18:46,375404780,389769804,2167188,0.55,1276512,14478172,52690564,13.07,6464288,10352592,420,1090576,1531896,9968,16556,269276
2024-01-20T03:18:51,375407804,389773048,2163964,0.55,1276520,14478364,52793524,13.09,6464308,10351376,232,1089120,1531896,9968,16524,269292
2024-01-20T03:18:56,375407240,389772588,2164464,0.55,1276528,14478460,53002876,13.14,6464320,10354404,196,1092076,1531856,9968,16560,269276
2024-01-20T03:19:01,375410072,389775496,2161608,0.55,1276528,14478532,52694948,13.07,6464320,10354776,200,1092440,1531808,9984,16556,269228
2024-01-20T03:19:06,375409060,389774852,2161936,0.55,1276532,14478868,52685484,13.07,6464380,10349208,24,1086524,1532152,9952,16552,269180
2024-01-20T03:19:11,375398820,389764700,2172116,0.55,1276540,14478956,52789560,13.09,6464384,10350428,408,1087700,1532116,9952,16524,269212
2024-01-20T03:19:16,375404544,389770416,2166664,0.55,1276544,14479036,52798228,13.09,6464396,10354188,1380,1091388,1531760,9984,16636,269252
2024-01-20T03:19:21,375419160,389785240,2151868,0.54,1276544,14479244,52682436,13.06,6464448,10347696,452,1084676,1531732,9984,16584,269212
2024-01-20T03:19:26,375434824,389801064,2135780,0.54,1276552,14479436,49749692,12.34,6464488,10322444,1404,1059312,1531956,9952,16060,269212
2024-01-20T03:19:31,375408360,389775156,2161604,0.55,1276560,14479980,52692360,13.07,6464520,10354248,492,1090656,1532044,9984,16720,269268
2024-01-20T03:19:36,375414672,389781392,2155148,0.55,1276564,14479864,52680004,13.06,6464584,10345084,1184,1081564,1532300,9952,16496,269292
2024-01-20T03:19:41,375407116,389774016,2162460,0.55,1276568,14480044,52990660,13.14,6464592,10349340,536,1085696,1532360,9952,16572,269292
2024-01-20T03:19:46,375409208,389776200,2160388,0.55,1276568,14480104,52773804,13.09,6464592,10352404,524,1088144,1532280,9952,16584,269316
2024-01-20T03:19:51,375411256,389778300,2158020,0.55,1276576,14480176,52682100,13.06,6464596,10349028,500,1085168,1532520,9952,16536,269228
2024-01-20T03:19:56,375412916,389780052,2156276,0.55,1276580,14480248,52891272,13.12,6464608,10351408,312,1087480,1532528,9936,16560,269228
2024-01-20T03:20:01,375409032,389776316,2159892,0.55,1276584,14480460,52791712,13.09,6464608,10353968,500,1089840,1532580,9952,16552,269244
2024-01-20T03:20:06,375410588,389777952,2158268,0.55,1276584,14480528,52899496,13.12,6464616,10355280,336,1091084,1532580,9952,16556,269244
2024-01-20T03:20:11,375380720,389748184,2188168,0.55,1276588,14480636,52994184,13.14,6464616,10386840,444,1122620,1532436,9968,16536,269212
2024-01-20T03:20:16,375405968,389773812,2162376,0.55,1276592,14480964,52474536,13.01,6464740,10345104,824,1080572,1532648,9952,16512,269148
2024-01-20T03:20:21,375395032,389763472,2173004,0.55,1276600,14481568,52792580,13.09,6464744,10353052,532,1088060,1532344,10016,16664,269156
2024-01-20T03:20:26,375401916,389770420,2166112,0.55,1276604,14481612,53106220,13.17,6464752,10355048,356,1089848,1532304,10016,16692,269252
2024-01-20T03:20:31,375401536,389770108,2166408,0.55,1276616,14481684,52690540,13.07,6464760,10353392,72,1088224,1532304,9920,16508,269228
2024-01-20T03:20:36,375437508,389806292,2130468,0.54,1276624,14481864,53006776,13.14,6464788,10357860,228,1092548,1532084,9984,16764,269252
2024-01-20T03:20:41,375421352,389790248,2146532,0.54,1276636,14481936,53007364,13.15,6464788,10357012,488,1091560,1532092,9936,16548,269244
2024-01-20T03:20:46,375443972,389812960,2123836,0.54,1276640,14482016,52699416,13.07,6464800,10359020,340,1093496,1532084,9936,16560,269244
2024-01-20T03:20:51,375437248,389806276,2130556,0.54,1276640,14482056,53012200,13.15,6464500,10360956,1432,1095088,1532048,9952,16636,269236
2024-01-20T03:20:56,375425456,389794696,2141996,0.54,1276640,14482268,53103324,13.17,6464552,10353088,748,1086984,1532188,9936,16464,269212
2024-01-20T03:21:01,375409032,389778492,2158088,0.55,1276640,14482492,52889032,13.12,6464608,10350100,1604,1083972,1532296,9968,16632,269164
2024-01-20T03:21:06,375395488,389765024,2171560,0.55,1276644,14482560,52790464,13.09,6464620,10353544,284,1087340,1532296,9952,16576,269212
2024-01-20T03:21:11,375385704,389755444,2181156,0.55,1276656,14482764,53006396,13.14,6464616,10359084,1260,1092712,1532268,9968,16628,269228
2024-01-20T03:21:16,375396200,389766160,2170508,0.55,1276656,14482972,52691412,13.07,6464688,10353536,572,1086976,1532212,9936,16552,269196
2024-01-20T03:21:21,375388392,389758412,2178208,0.55,1276660,14483100,52794972,13.09,6464692,10356856,1136,1090140,1532188,9936,16576,269228
2024-01-20T03:21:26,375392204,389762308,2174320,0.55,1276672,14483160,53001460,13.14,6464704,10356868,388,1090040,1532192,9952,16532,269212
2024-01-20T03:21:31,375394948,389765372,2171060,0.55,1276680,14483476,52666676,13.06,6464756,10353352,724,1086344,1532384,9904,16416,269244
2024-01-20T03:21:36,375383628,389754128,2182360,0.55,1276684,14483564,52787000,13.09,6464776,10353400,380,1086320,1532312,9920,16604,269276
2024-01-20T03:21:41,375389200,389759772,2176736,0.55,1276692,14483616,52787000,13.09,6464780,10353564,228,1086380,1532304,9920,16540,269260
2024-01-20T03:21:46,375398568,389769340,2166904,0.55,1276704,14483820,52594884,13.04,6464788,10360316,224,1092984,1532552,9952,16636,269284
2024-01-20T03:21:51,375428644,389799496,2136704,0.54,1276716,14483876,53109464,13.17,6464804,10360420,36,1093036,1532608,9888,16552,269212
2024-01-20T03:21:56,375431940,389802840,2133412,0.54,1276716,14483948,52800928,13.09,6464812,10361796,624,1094336,1532532,9904,16600,269292
2024-01-20T03:22:01,375422620,389794124,2142304,0.54,1276720,14484540,52798820,13.09,6464888,10358552,940,1090616,1532364,9936,16664,269252
2024-01-20T03:22:06,375406176,389777640,2158828,0.55,1276720,14484500,52687496,13.07,6464936,10353712,1304,1085868,1532324,9904,16572,269212
2024-01-20T03:22:11,375394492,389766036,2170440,0.55,1276724,14484568,52894788,13.12,6464932,10355128,404,1087044,1532324,9904,16492,269180
2024-01-20T03:22:16,375406980,389778552,2157852,0.55,1276728,14484632,52899064,13.12,6464944,10358028,1208,1089964,1532356,9904,16572,269212
2024-01-20T03:22:21,375411780,389783424,2152984,0.55,1276736,14484692,52693828,13.07,6464948,10358444,376,1090336,1532356,9904,16552,269212
2024-01-20T03:22:26,375416216,389788076,2148344,0.54,1276744,14484896,53005632,13.14,6464956,10360244,1208,1091924,1532348,9904,16560,269228
2024-01-20T03:22:31,375427336,389799292,2137144,0.54,1276752,14484976,52706816,13.07,6464980,10365520,408,1097220,1532340,9936,16700,269204
2024-01-20T03:22:36,375428696,389800988,2135556,0.54,1276760,14485324,52800136,13.09,6465032,10359596,1180,1090868,1532212,9904,16588,269180
2024-01-20T03:22:41,375419796,389792176,2144468,0.54,1276764,14485392,52700520,13.07,6465040,10361756,264,1092904,1532128,9888,16544,269132
2024-01-20T03:22:46,375424636,389797108,2139232,0.54,1276764,14485472,52910344,13.12,6465052,10364600,1164,1095852,1532444,9920,16700,269188
2024-01-20T03:22:51,375430284,389802820,2133544,0.54,1276772,14485532,52911044,13.12,6465052,10365100,264,1096132,1532416,9920,16668,269148
2024-01-20T03:22:56,375426768,389799504,2136820,0.54,1276784,14485732,53117984,13.17,6465052,10365808,1120,1096736,1532444,9888,16572,269180
2024-01-20T03:23:01,375431788,389804732,2131900,0.54,1276784,14485920,52596152,13.04,6465132,10360644,612,1091480,1532156,9920,16668,269156
2024-01-20T03:23:06,375406024,389778764,2157880,0.55,1276788,14486004,52897644,13.12,6465128,10389088,932,1119748,1531852,9888,16576,269180
2024-01-20T03:23:11,375435644,389808472,2128280,0.54,1276796,14486084,52808336,13.1,6465136,10364308,164,1094892,1531744,9856,16576,269164
2024-01-20T03:23:16,375433332,389806464,2130280,0.54,1276804,14486396,52900772,13.12,6465136,10369360,620,1099676,1531736,9824,16520,269164
2024-01-20T03:23:21,375421280,389794548,2142064,0.54,1276812,14486504,52906060,13.12,6465208,10360076,1544,1090288,1531888,9856,16556,269132
2024-01-20T03:23:26,375412200,389785660,2151028,0.54,1276816,14486696,52792924,13.09,6465264,10356508,612,1086588,1531808,9856,16552,269148
2024-01-20T03:23:31,375399528,389772952,2163744,0.55,1276824,14486892,53108832,13.17,6465280,10361808,628,1091708,1531560,9872,16588,269212
2024-01-20T03:23:36,375397764,389771260,2165404,0.55,1276828,14486968,53010460,13.15,6465280,10363776,464,1093652,1531584,9904,16708,269236
2024-01-20T03:23:41,375399128,389772804,2163800,0.55,1276832,14487176,53006204,13.14,6465296,10362300,760,1091904,1531612,9888,16592,269196
2024-01-20T03:23:46,375415412,389789148,2147668,0.54,1276836,14487228,53113436,13.17,6465308,10364248,312,1093928,1531404,9920,16708,269220
2024-01-20T03:23:51,375420808,389794688,2141900,0.54,1276844,14487324,53006912,13.15,6465304,10363492,820,1092916,1531672,9888,16600,269244
2024-01-20T03:23:56,375438040,389812112,2124344,0.54,1276844,14487524,49964232,12.39,6465364,10331016,632,1060372,1531796,9888,16084,269196
2024-01-20T03:24:01,375402368,389777068,2159472,0.55,1276844,14488132,52690224,13.07,6465428,10357104,828,1085900,1531732,9888,16536,269228
2024-01-20T03:24:06,375401380,389776280,2160240,0.55,1276852,14488336,52885236,13.11,6465480,10353608,708,1082256,1531740,9904,16592,269180
2024-01-20T03:24:11,375428828,389803984,2132856,0.54,1276860,14488544,52575000,13.04,6465552,10351528,1524,1080048,1531460,9888,16532,269196
2024-01-20T03:24:16,375427080,389802284,2134540,0.54,1276860,14488600,52785836,13.09,6465548,10355264,280,1083700,1531468,9904,16552,269196
2024-01-20T03:24:21,375431568,389806964,2129800,0.54,1276860,14488776,52996776,13.14,6465568,10357592,788,1085856,1531544,9920,16632,269284
2024-01-20T03:24:26,375433848,389809288,2127496,0.54,1276868,14488824,52890172,13.12,6465564,10356676,304,1084964,1531512,9888,16544,269212
2024-01-20T03:24:31,375417900,389793424,2143256,0.54,1276872,14488880,52890876,13.12,6465576,10357968,1108,1086096,1531640,9904,16548,269180
2024-01-20T03:24:36,375421344,389797056,2139596,0.54,1276876,14489076,53101604,13.17,6465588,10361316,280,1089316,1531656,9936,16664,269220
2024-01-20T03:24:41,375436708,389812524,2124100,0.54,1276880,14489164,52685992,13.07,6465584,10359960,892,1087832,1531696,9904,16564,269164
2024-01-20T03:24:46,375437380,389813260,2123340,0.54,1276888,14489236,53102688,13.17,6465588,10362292,120,1090132,1531704,9904,16532,269132
2024-01-20T03:24:51,375431248,389807356,2129404,0.54,1276892,14489452,53207952,13.19,6465600,10364060,1004,1091584,1531552,9904,16560,269100
2024-01-20T03:24:56,375433984,389810152,2126556,0.54,1276896,14489512,52908820,13.12,6465608,10369004,52,1096624,1531600,9904,16564,269084
2024-01-20T03:25:01,375447872,389824240,2112380,0.53,1276896,14489704,52867228,13.11,6465656,10369964,620,1097416,1531696,9872,16612,269132
2024-01-20T03:25:06,375445784,389822236,2114272,0.54,1276900,14489788,53012656,13.15,6465672,10369380,832,1096688,1531804,9920,16692,269076
2024-01-20T03:25:11,375449060,389825704,2110920,0.53,1276908,14489976,52803132,13.09,6465672,10367684,488,1094744,1531684,9888,16536,269036
2024-01-20T03:25:16,375444304,389821060,2115636,0.54,1276916,14490044,53112296,13.17,6465688,10368380,1204,1095376,1531648,9904,16552,269132
2024-01-20T03:25:21,375447964,389824792,2111908,0.53,1276924,14490112,52906376,13.12,6465696,10368524,420,1095584,1531640,9888,16568,269180
2024-01-20T03:25:26,375444728,389821760,2114860,0.54,1276932,14490304,52700796,13.07,6465700,10369068,856,1095804,1531724,9888,16544,269100
2024-01-20T03:25:31,375448104,389825208,2111416,0.53,1276936,14490368,52909480,13.12,6465708,10371400,460,1098216,1531724,9888,16612,269148
2024-01-20T03:25:36,375442640,389819940,2116912,0.54,1276944,14490528,52683664,13.06,6465760,10360776,1364,1087452,1531524,9904,16388,269148
2024-01-20T03:25:41,375408320,389785840,2151200,0.54,1276948,14490732,52896988,13.12,6465776,10398064,408,1124480,1531348,9888,16476,269196
2024-01-20T03:25:46,375421324,389799164,2137672,0.54,1276960,14491084,52918240,13.12,6465784,10374772,988,1100904,1531508,9936,16684,269188
2024-01-20T03:25:51,375417768,389795800,2141104,0.54,1276964,14491280,53004244,13.14,6465840,10364072,344,1089992,1531432,9904,16556,269148
2024-01-20T03:25:56,375397140,389775540,2161532,0.55,1276972,14491612,52582004,13.04,6465908,10359596,1408,1085268,1531292,9920,16456,269148
2024-01-20T03:26:01,375394712,389773184,2163900,0.55,1276976,14491676,52999812,13.14,6465916,10362676,364,1088368,1531284,9952,16608,269172
2024-01-20T03:26:06,375389252,389767968,2169236,0.55,1276984,14491888,52687148,13.07,6465932,10361988,1052,1087344,1531188,9936,16536,269180
2024-01-20T03:26:11,375392476,389771252,2165944,0.55,1276992,14491948,52687640,13.07,6465940,10362796,280,1088164,1531188,9936,16580,269148
2024-01-20T03:26:16,375418632,389797488,2139324,0.54,1277004,14492012,50164156,12.44,6465952,10337716,1096,1063008,1531576,9936,16096,269212
2024-01-20T03:26:21,375369284,389748500,2188428,0.55,1277008,14492372,52882792,13.11,6466024,10392100,228,1117136,1531456,9984,16664,269220
2024-01-20T03:26:26,375428836,389808368,2128492,0.54,1277012,14492720,52770292,13.09,6466132,10349416,852,1074164,1531488,9936,16476,269196
2024-01-20T03:26:31,375420468,389800128,2136832,0.54,1277012,14492796,52882704,13.11,6466140,10356688,244,1081316,1531440,9936,16496,269180
2024-01-20T03:26:36,375425960,389805992,2130620,0.54,1277016,14493132,53081056,13.16,6466200,10352532,996,1076940,1531820,9936,16520,269148
2024-01-20T03:26:41,375421276,389801348,2135248,0.54,1277016,14493172,52777712,13.09,6466204,10355708,232,1080060,1531836,9936,16504,269164
2024-01-20T03:26:46,375435556,389815692,2120916,0.54,1277016,14493232,53078248,13.16,6466200,10362888,524,1087180,1531828,9920,16476,269164
2024-01-20T03:26:51,375429808,389810004,2126492,0.54,1277020,14493292,52888004,13.12,6466212,10361080,1428,1085464,1531936,9968,16660,269236
2024-01-20T03:26:56,375447300,389827676,2108852,0.53,1277020,14493472,52884612,13.11,6466212,10359576,464,1083576,1531904,9936,16508,269228
2024-01-20T03:27:01,375446556,389827008,2109120,0.53,1277024,14493548,52850944,13.11,6466216,10360568,1376,1084500,1532300,9936,16520,269276
2024-01-20T03:27:06,375451112,389831644,2104528,0.53,1277024,14493616,52782616,13.09,6466220,10362652,396,1086600,1532268,9968,16624,269276
2024-01-20T03:27:11,375461832,389842564,2093548,0.53,1277028,14493820,52788616,13.09,6466224,10364312,1348,1088076,1532320,9952,16556,269268
2024-01-20T03:27:16,375464552,389845524,2090592,0.53,1277032,14494048,52681792,13.06,6466284,10360064,748,1083616,1532324,9952,16532,269212
2024-01-20T03:27:21,375444884,389825924,2110136,0.53,1277044,14494128,52895340,13.12,6466284,10365992,1356,1089508,1532356,9936,16580,269196
2024-01-20T03:27:26,375450548,389831672,2104416,0.53,1277044,14494176,53004980,13.14,6466300,10368932,392,1092332,1532364,9920,16612,269252
2024-01-20T03:27:31,375442924,389824236,2111848,0.53,1277052,14494368,52898116,13.12,6466304,10366884,1332,1090148,1532356,9936,16540,269260
2024-01-20T03:27:36,375457176,389838560,2097544,0.53,1277060,14494424,52901684,13.12,6466312,10368492,296,1091656,1532344,9936,16556,269228
2024-01-20T03:27:41,375456232,389837964,2098240,0.53,1277064,14494636,53004984,13.14,6466316,10369904,1264,1092832,1532376,9936,16572,269244
2024-01-20T03:27:46,375461192,389842992,2093228,0.53,1277072,14494696,52696328,13.07,6466328,10370716,360,1093560,1532360,9920,16544,269212
2024-01-20T03:27:51,375462860,389844792,2091308,0.53,1277080,14494788,52597640,13.04,6466340,10372732,1396,1095580,1532512,9968,16696,269316
2024-01-20T03:27:56,375462964,389844972,2091212,0.53,1277084,14494856,52699740,13.07,6466344,10372236,320,1095012,1532432,9936,16600,269276
2024-01-20T03:28:01,375458700,389841040,2095084,0.53,1277096,14495192,52694536,13.07,6466404,10369272,1476,1091792,1532476,9936,16592,269244
2024-01-20T03:28:06,375448796,389831240,2104904,0.53,1277100,14495272,52906264,13.12,6466432,10373836,312,1096296,1532476,9968,16736,269220
2024-01-20T03:28:11,375410296,389792884,2143152,0.54,1277100,14495360,52995864,13.14,6466424,10402220,1244,1124492,1532640,9936,16580,269212
2024-01-20T03:28:16,375443832,389826764,2109348,0.53,1277104,14495688,53208852,13.2,6466488,10368396,572,1090352,1532576,9936,16572,269164
2024-01-20T03:28:21,375423652,389806676,2129568,0.54,1277108,14495784,52799352,13.09,6466484,10370044,1044,1092000,1532436,9936,16572,269180
2024-01-20T03:28:26,375417616,389800840,2135548,0.54,1277108,14495972,52584608,13.04,6466548,10365556,228,1087332,1532304,9936,16576,269180
2024-01-20T03:28:31,375413096,389796376,2140256,0.54,1277112,14496036,53012952,13.15,6466548,10373776,528,1095044,1532048,10032,16528,269228
2024-01-20T03:28:36,375409740,389793220,2143316,0.54,1277120,14496244,52692660,13.07,6466556,10369492,1248,1091128,1532128,9936,16644,269244
2024-01-20T03:28:41,375412860,389796444,2140128,0.54,1277128,14496320,52795932,13.09,6466568,10370000,448,1091404,1532112,9920,16576,269164
2024-01-20T03:28:46,375411072,389794872,2142096,0.54,1277136,14496528,52996536,13.14,6466640,10366612,1492,1087916,1531716,9920,16584,269180
2024-01-20T03:28:51,375405444,389789476,2147548,0.54,1277140,14496760,52484128,13.02,6466704,10367440,500,1088600,1531656,9984,16800,269276
2024-01-20T03:28:56,375393916,389778424,2158392,0.55,1277152,14497240,52989536,13.14,6466756,10361256,1392,1081928,1531848,9904,16536,269244
2024-01-20T03:29:01,375391652,389776388,2160448,0.55,1277160,14497440,52788780,13.09,6466772,10365644,536,1086184,1531848,9904,16624,269212
2024-01-20T03:29:06,375407880,389792692,2144088,0.54,1277168,14497476,49749408,12.34,6466784,10341516,1164,1061972,1531936,9920,16092,269244
2024-01-20T03:29:11,375387544,389772712,2164076,0.55,1277172,14497816,52472784,13.01,6466852,10362260,428,1082412,1531940,9920,16512,269212
2024-01-20T03:29:16,375394780,389780232,2156504,0.55,1277184,14498000,52980580,13.14,6466904,10357484,1404,1077532,1532080,9920,16468,269212
2024-01-20T03:29:21,375379508,389765160,2171572,0.55,1277188,14498200,52986616,13.14,6466924,10362948,468,1082888,1532080,9952,16656,269252
2024-01-20T03:29:26,375367528,389753364,2183288,0.55,1277188,14498264,52982344,13.14,6466924,10361020,1160,1080992,1532280,9920,16580,269228
2024-01-20T03:29:31,375370884,389756776,2180016,0.55,1277192,14498312,52673820,13.06,6466932,10360772,328,1080556,1532144,9920,16552,269180
2024-01-20T03:29:36,375368492,389754700,2182200,0.55,1277196,14498648,52780088,13.09,6466932,10362768,1136,1082252,1532012,9920,16548,269244
2024-01-20T03:29:41,375381716,389768020,2168948,0.55,1277200,14498720,52785192,13.09,6466940,10366108,312,1085452,1531964,9920,16548,269180
2024-01-20T03:29:46,375399584,389785980,2151128,0.54,1277212,14498804,52800504,13.09,6466940,10373208,1132,1092480,1531820,9904,16604,269228
2024-01-20T03:29:51,375401876,389788348,2148748,0.54,1277212,14498876,52495896,13.02,6466964,10375060,412,1094392,1531836,9936,16696,269188
2024-01-20T03:29:56,375410684,389797480,2139672,0.54,1277216,14499096,52909708,13.12,6466952,10376292,1140,1095260,1531880,9952,16664,269268
2024-01-20T03:30:01,375412980,389799852,2137336,0.54,1277224,14499168,52905664,13.12,6466960,10374944,216,1093820,1531840,9920,16580,269180
2024-01-20T03:30:06,375410888,389798200,2139208,0.54,1277232,14499512,52907432,13.12,6466964,10376136,980,1094656,1531708,9920,16592,269228
2024-01-20T03:30:11,375413912,389801296,2136112,0.54,1277236,14499564,53117768,13.17,6466988,10379332,276,1097904,1531724,9952,16752,269236
2024-01-20T03:30:16,375416272,389803860,2133548,0.54,1277240,14499764,53149432,13.18,6466984,10384916,460,1103240,1531724,10016,16588,269244
2024-01-20T03:30:21,375418116,389805916,2131340,0.54,1277244,14499976,52912744,13.12,6466996,10378688,1320,1096796,1531872,9936,16580,269164
2024-01-20T03:30:26,375454632,389842644,2094720,0.53,1277244,14500184,52804060,13.09,6467052,10375704,696,1093696,1531768,9920,16604,269148
2024-01-20T03:30:31,375435184,389823416,2113712,0.54,1277248,14500384,52593384,13.04,6467112,10371628,1588,1089408,1532020,9920,16572,269164
2024-01-20T03:30:36,375440676,389829112,2107888,0.53,1277252,14500596,52896244,13.12,6467168,10369312,636,1086932,1532136,9920,16588,269196
2024-01-20T03:30:41,375433516,389822256,2114648,0.54,1277256,14500916,52899412,13.12,6467180,10372460,1328,1089832,1532212,9920,16596,269148
2024-01-20T03:30:46,375438576,389827364,2109616,0.53,1277260,14500964,52902620,13.12,6467180,10373316,496,1090568,1532132,9920,16648,269164
2024-01-20T03:30:51,375437340,389826344,2110496,0.53,1277260,14501172,52800144,13.09,6467192,10373884,1380,1090912,1532280,9920,16588,269164
2024-01-20T03:30:56,375435856,389824924,2111980,0.53,1277264,14501240,52804756,13.09,6467196,10377212,452,1094268,1532208,9952,16708,269172
2024-01-20T03:31:01,375448836,389837944,2099064,0.53,1277276,14501464,53099760,13.17,6467248,10370660,1660,1087604,1531908,9920,16532,269164
2024-01-20T03:31:06,375439328,389828536,2108668,0.53,1277280,14501560,52998672,13.14,6467264,10372508,352,1089300,1531712,9888,16600,269196
2024-01-20T03:31:11,375443152,389832720,2104716,0.53,1277280,14501900,52895712,13.12,6467272,10372292,1320,1088652,1531500,9904,16552,269196
2024-01-20T03:31:16,375458988,389848616,2088876,0.53,1277284,14501972,53004372,13.14,6467268,10374944,300,1091212,1531428,9888,16600,269180
2024-01-20T03:31:21,375449016,389838752,2098460,0.53,1277296,14502068,52803356,13.09,6467284,10377864,1328,1094116,1531708,9936,16568,269212
2024-01-20T03:31:26,375448444,389838392,2098756,0.53,1277312,14502256,52998196,13.14,6467356,10371096,288,1087204,1531780,9936,16560,269180
2024-01-20T03:31:31,375436824,389827248,2109408,0.53,1277324,14502720,52885912,13.12,6467484,10364712,1740,1080484,1532272,9984,16684,269284
2024-01-20T03:31:36,375411396,389802016,2134696,0.54,1277332,14502912,52982984,13.14,6467556,10363880,532,1079516,1532212,9984,16676,269268
2024-01-20T03:31:41,375398088,389788908,2147884,0.54,1277340,14503096,52979804,13.14,6467548,10363372,1204,1078824,1532140,9952,16576,269308
2024-01-20T03:31:46,375422216,389813068,2123712,0.54,1277348,14503132,52980248,13.14,6467564,10362656,288,1078044,1532140,9952,16520,269292
2024-01-20T03:31:51,375421260,389812188,2124488,0.54,1277356,14503184,52774824,13.09,6467580,10364592,1080,1079896,1532260,9968,16560,269308
2024-01-20T03:31:56,375439284,389830256,2106408,0.53,1277364,14503224,52775640,13.09,6467584,10365236,360,1080600,1532268,9968,16548,269308
2024-01-20T03:32:01,375422632,389813696,2123024,0.54,1277368,14503304,53055620,13.16,6467596,10407508,308,1122864,1532220,10096,16588,269412
2024-01-20T03:32:06,375453544,389844812,2092028,0.53,1277376,14503528,52894536,13.12,6467604,10374804,188,1089920,1532072,10000,16672,269308
2024-01-20T03:32:11,375448532,389839876,2096932,0.53,1277376,14503612,52997696,13.14,6467600,10373908,64,1088908,1532096,9968,16568,269308
2024-01-20T03:32:16,375443368,389834948,2101948,0.53,1277380,14503824,52794316,13.09,6467612,10376112,1244,1090820,1532028,9968,16584,269260
2024-01-20T03:32:21,375453136,389844800,2092124,0.53,1277388,14503904,52594084,13.04,6467624,10378428,500,1093068,1531996,9968,16588,269228
2024-01-20T03:32:26,375451112,389842852,2093780,0.53,1277396,14503972,53110976,13.17,6467624,10379644,1220,1094220,1532288,9968,16572,269228
2024-01-20T03:32:31,375451616,389843492,2093200,0.53,1277404,14504108,52707936,13.07,6467644,10385044,560,1099504,1532220,10032,16824,269276
2024-01-20T03:32:36,375443924,389836104,2100560,0.53,1277408,14504432,53008444,13.15,6467644,10380744,1284,1094928,1532224,9968,16584,269260
2024-01-20T03:32:41,375447732,389840024,2096748,0.53,1277412,14504496,52905880,13.12,6467644,10381452,412,1095460,1532160,9952,16568,269260
2024-01-20T03:32:46,375472436,389865332,2071496,0.52,1277412,14505196,50070884,12.42,6467660,10351916,1500,1065296,1532008,9968,16092,269276
2024-01-20T03:32:51,375443564,389836172,2100652,0.53,1277416,14504896,52795256,13.09,6467768,10374796,380,1088672,1532020,10000,16672,269300
2024-01-20T03:32:56,375462384,389855344,2081616,0.53,1277420,14505236,49073476,12.17,6467772,10333740,1244,1047148,1531892,9952,15928,269308
2024-01-20T03:33:01,375428248,389821256,2115752,0.54,1277428,14505288,52888184,13.12,6467844,10370744,384,1084180,1531832,9952,16496,269276
2024-01-20T03:33:06,375411276,389804364,2132696,0.54,1277440,14505352,52892308,13.12,6467844,10374628,1168,1088052,1531784,9968,16584,269244
2024-01-20T03:33:11,375411488,389804660,2132456,0.54,1277448,14505424,52697924,13.07,6467864,10379284,248,1092716,1531732,10000,16692,269284
2024-01-20T03:33:16,375435212,389828356,2108480,0.53,1277460,14505552,52797884,13.09,6467868,10379376,1288,1092544,1531844,9968,16604,269276
2024-01-20T03:33:21,375438740,389831964,2104868,0.53,1277468,14505628,52695212,13.07,6467864,10378552,216,1091620,1531844,9984,16556,269292
2024-01-20T03:33:26,375441520,389835240,2101580,0.53,1277476,14506108,52906592,13.12,6467896,10381832,1732,1094476,1531864,10000,16676,269268
2024-01-20T03:33:31,375431600,389825144,2111572,0.53,1277484,14505936,52682260,13.06,6467948,10407688,224,1120624,1531956,9968,16580,269292
2024-01-20T03:33:36,375450404,389844220,2092448,0.53,1277488,14506336,52700020,13.07,6467960,10382344,1212,1094948,1531872,10016,16712,269364
2024-01-20T03:33:41,375448144,389842068,2094624,0.53,1277496,14506396,52798940,13.09,6467980,10381560,256,1094040,1531888,9984,16644,269276
2024-01-20T03:33:46,375448748,389842844,2093836,0.53,1277500,14506568,52991704,13.14,6467972,10387468,108,1099704,1531896,9968,16508,269436
2024-01-20T03:33:51,375450440,389844756,2091872,0.53,1277504,14506788,52791136,13.09,6468036,10374888,356,1086996,1531944,10000,16472,269308
2024-01-20T03:33:56,375434688,389829084,2107564,0.53,1277508,14506860,52796120,13.09,6468048,10380008,404,1092036,1531928,10000,16580,269372
2024-01-20T03:34:01,375448540,389843276,2093240,0.53,1277516,14507200,52789192,13.09,6468108,10374380,1564,1086204,1532052,10000,16532,269308
2024-01-20T03:34:06,375415568,389810648,2125984,0.54,1277524,14507520,52874284,13.11,6468232,10363016,880,1074472,1531952,9984,16424,269276
2024-01-20T03:34:11,375388804,389783968,2152740,0.55,1277532,14507608,52986364,13.14,6468236,10370420,1344,1081928,1531864,10000,16560,269260
2024-01-20T03:34:16,375398780,389794000,2142880,0.54,1277536,14507652,52688972,13.07,6468256,10375792,588,1087180,1531700,10064,16764,269308
2024-01-20T03:34:21,375397280,389792832,2144060,0.54,1277536,14507980,52891108,13.12,6468256,10375364,1460,1086440,1531692,10048,16684,269332
2024-01-20T03:34:26,375400808,389796420,2140484,0.54,1277544,14508036,52887176,13.12,6468260,10374052,428,1085048,1531676,10064,16636,269292
2024-01-20T03:34:31,375395436,389791256,2145516,0.54,1277552,14508240,52887856,13.12,6468264,10375200,1264,1086076,1531804,10016,16568,269308
2024-01-20T03:34:36,375405764,389801680,2135104,0.54,1277552,14508324,52991144,13.14,6468272,10375764,368,1086428,1531804,10016,16584,269324
2024-01-20T03:34:41,375398436,389794536,2142152,0.54,1277556,14508512,52684648,13.07,6468280,10376912,1256,1087504,1531892,10016,16564,269292
2024-01-20T03:34:46,375411944,389808140,2128604,0.54,1277560,14508596,52893676,13.12,6468284,10378932,308,1089328,1531844,10000,16580,269308
2024-01-20T03:34:51,375411704,389808256,2128300,0.54,1277564,14508948,53101080,13.17,6468344,10377924,792,1088192,1532032,10064,16664,269300
2024-01-20T03:34:56,375398428,389795192,2141348,0.54,1277568,14509156,52683760,13.06,6468400,10374900,640,1084892,1532048,10032,16500,269260
2024-01-20T03:35:01,375392480,389789328,2147016,0.54,1277568,14509228,52685112,13.07,6468408,10377044,612,1087020,1532256,10032,16588,269276
2024-01-20T03:35:06,375397512,389794540,2141944,0.54,1277572,14509408,52685112,13.07,6468408,10376748,256,1086428,1532112,10032,16512,269292
2024-01-20T03:35:11,375400616,389797600,2138920,0.54,1277572,14509484,52895304,13.12,6468428,10379168,784,1088828,1531956,10048,16672,269268
2024-01-20T03:35:16,375395084,389792120,2144420,0.54,1277576,14509528,52586776,13.04,6468424,10380072,100,1089736,1531940,10048,16732,269268
2024-01-20T03:35:21,375387560,389784792,2151816,0.54,1277584,14509724,53098104,13.17,6468424,10378364,1064,1087784,1531864,10032,16568,269260
2024-01-20T03:35:26,375388344,389785664,2150860,0.54,1277596,14509788,52686764,13.07,6468440,10379200,128,1088564,1531960,10016,16512,269276
2024-01-20T03:35:31,375387528,389785056,2151560,0.54,1277604,14509996,53119240,13.17,6468496,10381864,672,1091656,1531860,10000,16448,269276
2024-01-20T03:35:36,375381676,389779604,2156984,0.55,1277616,14510364,52997648,13.14,6468580,10377560,1216,1086528,1531908,10048,16660,269300
2024-01-20T03:35:41,375396452,389794468,2142132,0.54,1277624,14510436,53000068,13.14,6468588,10380808,512,1089632,1531904,10016,16580,269260
2024-01-20T03:35:46,375393072,389791144,2145364,0.54,1277628,14510656,52694412,13.07,6468592,10381808,768,1090524,1531828,10016,16580,269260
2024-01-20T03:35:51,375404080,389802216,2134388,0.54,1277632,14510708,53106400,13.17,6468592,10382856,452,1091444,1531740,10032,16636,269260
2024-01-20T03:35:56,375401600,389799932,2136680,0.54,1277640,14510912,52901300,13.12,6468600,10383576,792,1091976,1531716,10000,16556,269260
2024-01-20T03:36:01,375394320,389792748,2143852,0.54,1277640,14511004,52798680,13.09,6468616,10385212,576,1093556,1531732,10032,16680,269260
2024-01-20T03:36:06,375396100,389794708,2141908,0.54,1277644,14511168,53009012,13.15,6468616,10386948,980,1095056,1531728,10048,16672,269300
2024-01-20T03:36:11,375399444,389798124,2138520,0.54,1277648,14511240,53004916,13.14,6468620,10384972,408,1093032,1531696,10048,16640,269260
2024-01-20T03:36:16,375399288,389798320,2138236,0.54,1277660,14511596,52697204,13.07,6468680,10383336,1140,1091248,1531768,10096,16760,269332
2024-01-20T03:36:21,375392560,389791960,2144404,0.54,1277668,14511928,52573388,13.04,6468808,10373216,692,1080848,1531988,10016,16516,269292
2024-01-20T03:36:26,375376344,389775820,2160556,0.55,1277680,14512012,52890304,13.12,6468812,10378892,400,1086320,1531956,10016,16572,269372
2024-01-20T03:36:31,375380008,389779676,2156864,0.55,1277684,14512196,53092916,13.17,6468880,10375656,348,1083036,1531796,10016,16576,269324
2024-01-20T03:36:36,375369316,389769052,2167312,0.55,1277684,14512252,52716788,13.07,6468884,10377224,964,1084468,1531984,10000,16548,269276
2024-01-20T03:36:41,375372352,389772148,2164252,0.55,1277696,14512296,52785776,13.09,6468896,10377548,204,1084768,1531952,10000,16564,269228
2024-01-20T03:36:46,375368840,389768904,2167628,0.55,1277700,14512556,53095852,13.17,6468908,10379204,956,1086144,1531824,10016,16548,269260
2024-01-20T03:36:51,375372652,389772912,2163792,0.55,1277712,14512748,52787364,13.09,6468920,10380124,160,1086876,1531644,10016,16564,269244
2024-01-20T03:36:56,375366956,389767308,2169348,0.55,1277716,14512836,52796600,13.09,6468916,10384588,824,1091320,1531692,10048,16676,269252
2024-01-20T03:37:01,375374384,389774972,2161704,0.55,1277720,14513056,52689368,13.07,6468932,10382832,20,1089380,1531684,10016,16572,269228
2024-01-20T03:37:06,375406340,389807112,2129520,0.54,1277728,14513232,52905124,13.12,6468936,10386684,1024,1093052,1531728,10048,16684,269252
2024-01-20T03:37:11,375344972,389745840,2190832,0.55,1277728,14513332,52678648,13.06,6468940,10448284,0,1154476,1531684,10016,16664,269228
2024-01-20T03:37:16,375395524,389796592,2140320,0.54,1277732,14513532,52914932,13.12,6468988,10389996,684,1096092,1531440,10000,16476,269180
2024-01-20T03:37:21,375383848,389785312,2151488,0.54,1277740,14513876,52788816,13.09,6469068,10378860,1392,1084604,1531596,10000,16532,269196
2024-01-20T03:37:26,375373720,389775236,2161604,0.55,1277744,14513928,52897308,13.12,6469072,10383656,484,1089400,1531552,10032,16676,269284
2024-01-20T03:37:31,375397372,389798968,2138168,0.54,1277748,14513996,52893708,13.12,6469076,10381744,1208,1087344,1531264,10000,16548,269292
2024-01-20T03:37:36,375400684,389802336,2134800,0.54,1277752,14514048,52687788,13.07,6469080,10382120,328,1087656,1531264,10016,16604,269276
2024-01-20T03:37:41,375396624,389798468,2138708,0.54,1277752,14514244,52768148,13.09,6469136,10372104,1140,1077568,1531220,10000,16416,269276
2024-01-20T03:37:46,375369788,389771832,2165460,0.55,1277756,14514444,52990580,13.14,6469140,10379684,312,1084936,1531100,10000,16552,269228
2024-01-20T03:37:51,375369928,389772320,2165004,0.55,1277756,14514776,52684660,13.07,6469204,10380164,1540,1085196,1531084,10032,16708,269332
2024-01-20T03:37:56,375371096,389773560,2163760,0.55,1277764,14514848,52995204,13.14,6469200,10382360,396,1087260,1531080,10000,16624,269244
2024-01-20T03:38:01,375370404,389772956,2164140,0.55,1277768,14514928,52995204,13.14,6469220,10381248,1116,1086092,1531308,10000,16564,269308
2024-01-20T03:38:06,375381300,389783940,2153152,0.55,1277776,14515012,52901008,13.12,6469228,10386024,264,1090796,1531308,10000,16676,269276
2024-01-20T03:38:11,375377608,389780644,2156500,0.55,1277776,14515412,53008588,13.15,6469232,10388988,1264,1093404,1531252,10000,16736,269292
2024-01-20T03:38:16,375389160,389792264,2144880,0.54,1277780,14515472,52803020,13.09,6469236,10388916,280,1093324,1531256,10016,16640,269276
2024-01-20T03:38:21,375392104,389795320,2141356,0.54,1277788,14515568,52917496,13.12,6469256,10395448,1060,1099672,1531732,10080,16832,269420
2024-01-20T03:38:26,375394736,389798168,2138564,0.54,1277796,14515772,52806224,13.1,6469252,10391228,252,1095208,1531680,10016,16612,269324
2024-01-20T03:38:31,375426928,389831196,2105628,0.53,1277796,14516580,49199008,12.2,6469260,10354736,1044,1057908,1531616,10032,16112,269348
2024-01-20T03:38:36,375425020,389828964,2108112,0.53,1277804,14516208,52482264,13.01,6469376,10380956,352,1084740,1531404,10016,16584,269308
2024-01-20T03:38:41,375395160,389799264,2137956,0.54,1277812,14516300,52680708,13.06,6469140,10378484,1288,1081836,1531320,10016,16584,269372
2024-01-20T03:38:46,375387968,389792116,2145144,0.54,1277812,14516348,53102440,13.17,6469148,10384804,336,1088272,1531276,10032,16716,269364
2024-01-20T03:38:51,375389948,389794292,2143004,0.54,1277816,14516400,52794288,13.09,6469140,10384860,944,1088096,1531380,10000,16588,269356
2024-01-20T03:38:56,375391008,389795396,2141964,0.54,1277816,14516444,52794288,13.09,6469148,10385300,204,1088560,1531316,10000,16620,269324
2024-01-20T03:39:01,375400428,389805028,2132440,0.54,1277824,14516644,53318016,13.22,6469152,10388976,104,1092548,1531212,10080,16580,269308
2024-01-20T03:39:06,375413528,389818392,2118936,0.54,1277836,14516844,52862104,13.11,6469228,10383232,1516,1086104,1531404,9984,16564,269292
2024-01-20T03:39:11,375401680,389806628,2130800,0.54,1277836,14516924,52692116,13.07,6469228,10386788,380,1089640,1531308,9984,16628,269324
2024-01-20T03:39:16,375402488,389807640,2129604,0.54,1277836,14517132,52898232,13.12,6469232,10387004,1324,1089552,1531488,9984,16596,269324
2024-01-20T03:39:21,375406960,389812264,2124992,0.54,1277836,14517272,52696908,13.07,6469240,10389924,592,1092544,1531488,9984,16732,269348
2024-01-20T03:39:26,375424292,389829676,2107264,0.53,1277840,14517352,52592108,13.04,6469240,10388300,1148,1090636,1531800,9984,16580,269308
2024-01-20T03:39:31,375425152,389830608,2106448,0.53,1277840,14517428,52903516,13.12,6469240,10390496,336,1092912,1531680,9984,16620,269292
2024-01-20T03:39:36,375422600,389828296,2108856,0.53,1277840,14517628,52917540,13.12,6469244,10398188,1112,1100416,1531624,10000,16780,269332
2024-01-20T03:39:41,375438808,389844856,2092076,0.53,1277848,14517964,53108308,13.17,6469368,10386188,752,1088184,1531852,10000,16708,269292
2024-01-20T03:39:46,375403812,389809928,2127028,0.54,1277852,14518044,52793488,13.09,6469368,10386400,1128,1088204,1531812,9984,16588,269388
2024-01-20T03:39:51,375423348,389829680,2107168,0.53,1277860,14518240,52874228,13.11,6469432,10376076,508,1077724,1531932,9968,16392,269308
2024-01-20T03:39:56,375415360,389821892,2114940,0.54,1277868,14518432,52580040,13.04,6469444,10383344,996,1084772,1531948,9968,16560,269292
2024-01-20T03:40:01,375417012,389823708,2113144,0.54,1277876,14518592,53094988,13.17,6469448,10383572,228,1084844,1531924,9968,16560,269292
2024-01-20T03:40:06,375411064,389817984,2118976,0.54,1277884,14518664,52992680,13.14,6469464,10384616,996,1085816,1531960,9968,16564,269356
2024-01-20T03:40:11,375415976,389822960,2114028,0.54,1277896,14518728,53096516,13.17,6469476,10385532,232,1086692,1531920,9968,16576,269292
2024-01-20T03:40:16,375409548,389816752,2120024,0.54,1277904,14518924,53100164,13.17,6469484,10388420,984,1089404,1532148,9968,16584,269340
2024-01-20T03:40:21,375413796,389821092,2115720,0.54,1277916,14519008,52797248,13.09,6469500,10390148,220,1090992,1532108,9968,16568,269324
2024-01-20T03:40:26,375407796,389815188,2121708,0.54,1277920,14519104,52909964,13.12,6469500,10394832,920,1095712,1532020,9984,16688,269332
2024-01-20T03:40:31,375410252,389817968,2118892,0.54,1277924,14519424,53000700,13.14,6469564,10388916,200,1089536,1532056,9984,16644,269284
2024-01-20T03:40:36,375395652,389803468,2133232,0.54,1277932,14519516,52895800,13.12,6469572,10389340,1004,1089864,1532216,9952,16560,269276
2024-01-20T03:40:41,375407940,389815836,2120868,0.54,1277944,14519580,53007788,13.15,6469592,10393456,284,1093852,1532216,9984,16668,269284
2024-01-20T03:40:46,375418272,389826240,2110516,0.53,1277948,14519636,52900548,13.12,6469588,10392724,100,1092612,1532176,9904,16616,269196
2024-01-20T03:40:51,375415564,389823612,2113552,0.54,1277952,14519844,53004028,13.14,6469600,10391972,1356,1092060,1531636,9968,16584,269244
2024-01-20T03:40:56,375420128,389828236,2108932,0.53,1277956,14519896,52798516,13.09,6469604,10392664,356,1092696,1531636,9968,16600,269244
2024-01-20T03:41:01,375427440,389835644,2101424,0.53,1277968,14519976,52695896,13.07,6469616,10393424,1284,1093424,1531740,9968,16612,269260
2024-01-20T03:41:06,375426940,389835352,2101768,0.53,1277968,14520180,52600372,13.04,6469624,10398020,372,1097884,1531692,10000,16736,269252
2024-01-20T03:41:11,375413528,389822024,2114872,0.54,1277972,14520264,49964212,12.39,6469684,10381156,1480,1081072,1531912,9984,16148,269260
2024-01-20T03:41:16,375420220,389829808,2107096,0.53,1277984,14521312,49180724,12.2,6469748,10351768,292,1050644,1531936,9968,15980,269276
2024-01-20T03:41:21,375382728,389791948,2144644,0.54,1277992,14520960,52985908,13.14,6469828,10417404,1456,1116652,1532224,9984,16592,269228
2024-01-20T03:41:26,375399032,389808360,2128292,0.54,1278004,14521028,53109084,13.17,6469828,10393192,276,1092264,1532192,9984,16640,269332
2024-01-20T03:41:31,375394096,389803240,2133268,0.54,1278016,14521240,52787728,13.09,6469884,10386312,1568,1085352,1531928,9968,16612,269260
2024-01-20T03:41:36,375381440,389790668,2146060,0.54,1278024,14521292,52690436,13.07,6469904,10390016,448,1088944,1531732,10000,16696,269236
2024-01-20T03:41:41,375384284,389793480,2143028,0.54,1278032,14521484,52827836,13.1,6469912,10390180,1192,1088920,1531720,9984,16632,269220
2024-01-20T03:41:46,375384812,389794116,2142440,0.54,1278036,14521564,52790532,13.09,6469924,10390172,404,1088792,1531696,9952,16584,269196
2024-01-20T03:41:51,375357952,389767436,2169136,0.55,1278048,14521772,53193676,13.19,6469980,10384072,1516,1082544,1531640,9952,16560,269212
2024-01-20T03:41:56,375351796,389761368,2175284,0.55,1278056,14521840,52889476,13.12,6469992,10387536,248,1085952,1531572,9952,16556,269212
2024-01-20T03:42:01,375342712,389752612,2183836,0.55,1278064,14522184,52880780,13.11,6470060,10382448,1392,1080712,1531752,9936,16572,269196
2024-01-20T03:42:06,375343576,389753580,2183012,0.55,1278068,14522252,52884512,13.11,6470060,10386356,232,1084408,1531640,9920,16512,269164
2024-01-20T03:42:11,375389724,389800552,2135920,0.54,1278080,14523076,49176948,12.2,6470064,10350676,1212,1047976,1531748,9920,15952,269164
2024-01-20T03:42:16,375385004,389795452,2140980,0.54,1278084,14522648,52890264,13.12,6470148,10388924,380,1086760,1531832,9968,16760,269220
2024-01-20T03:42:21,375406884,389817412,2119088,0.54,1278084,14522724,52990212,13.14,6470136,10387848,1208,1085544,1531768,9936,16580,269180
2024-01-20T03:42:26,375411188,389821756,2114892,0.54,1278088,14522764,52990988,13.14,6470144,10388644,272,1086260,1531616,9936,16580,269196
2024-01-20T03:42:31,375384180,389794820,2141820,0.54,1278096,14522836,52985808,13.14,6470152,10422336,380,1119996,1531616,10048,16672,269220
2024-01-20T03:42:36,375409224,389820076,2116556,0.54,1278108,14523032,52787276,13.09,6470176,10390164,52,1087540,1531628,9936,16600,269228
2024-01-20T03:42:41,375411088,389822016,2114696,0.54,1278112,14523088,52893212,13.12,6470176,10391012,404,1088292,1531564,9936,16568,269212
2024-01-20T03:42:46,375416392,389827520,2109340,0.53,1278116,14523284,53000828,13.14,6470184,10393996,1320,1091116,1531416,9952,16712,269228
2024-01-20T03:42:51,375389372,389800576,2136280,0.54,1278120,14523356,52992156,13.14,6470188,10426252,380,1123272,1531420,9936,16620,269260
2024-01-20T03:42:56,375437184,389848572,2088120,0.53,1278132,14523452,52902468,13.12,6470192,10396856,1292,1093812,1531660,9936,16584,269228
2024-01-20T03:43:01,375442060,389853676,2083172,0.53,1278132,14523660,52690024,13.07,6470260,10392992,684,1089888,1531524,9936,16620,269244
2024-01-20T03:43:06,375442120,389854480,2082024,0.53,1278132,14524392,52691892,13.07,6470264,10394852,1660,1090900,1531880,9936,16584,269228
2024-01-20T03:43:11,375445992,389858424,2078076,0.53,1278140,14524468,52905188,13.12,6470264,10399132,608,1095168,1531872,9984,16752,269284
2024-01-20T03:43:16,375451536,389864224,2072444,0.52,1278152,14524676,52903752,13.12,6470276,10397684,1396,1093492,1531740,9936,16584,269276
2024-01-20T03:43:21,375454560,389867336,2069340,0.52,1278156,14524744,52800940,13.09,6470288,10397784,412,1093484,1531748,9936,16576,269228
2024-01-20T03:43:26,375467488,389880336,2055904,0.52,1278164,14524812,50070956,12.42,6470296,10370524,1192,1066272,1532180,9920,16188,269260
2024-01-20T03:43:31,375423068,389836292,2100140,0.53,1278168,14525176,52984840,13.14,6470412,10387292,488,1082788,1531996,9920,16516,269228
2024-01-20T03:43:36,375391272,389804772,2131636,0.54,1278172,14525384,52690480,13.07,6470420,10394556,1260,1089252,1532084,9920,16604,269260
2024-01-20T03:43:41,375382452,389796028,2140384,0.54,1278172,14525456,53102464,13.17,6470428,10393696,280,1088824,1532084,9920,16580,269260
2024-01-20T03:43:46,375383828,389797820,2138460,0.54,1278180,14525776,52992036,13.14,6470480,10389164,1244,1084160,1532304,9936,16604,269228
2024-01-20T03:43:51,375383228,389797444,2138760,0.54,1278180,14525988,53094468,13.17,6470552,10389848,440,1084712,1532392,9968,16732,269268
2024-01-20T03:43:56,375398540,389813168,2123232,0.54,1278180,14526316,52878580,13.11,6470596,10383436,1324,1077844,1532280,9952,16540,269228
2024-01-20T03:44:01,375388300,389803004,2133360,0.54,1278180,14526380,52576112,13.04,6470608,10388964,272,1083456,1532328,9984,16680,269284
2024-01-20T03:44:06,375382360,389797196,2139104,0.54,1278184,14526448,52984276,13.14,6470600,10388068,1208,1082496,1532452,9952,16596,269276
2024-01-20T03:44:11,375394772,389809684,2126776,0.54,1278188,14526512,52886440,13.12,6470616,10389732,312,1084040,1532300,9952,16540,269244
2024-01-20T03:44:16,375394776,389809752,2126860,0.54,1278192,14526572,52721504,13.07,6470616,10390808,0,1085024,1532148,10064,16508,269356
2024-01-20T03:44:21,375407944,389823336,2113352,0.54,1278196,14526920,52779564,13.09,6470680,10387884,360,1081892,1532136,9952,16576,269260
2024-01-20T03:44:26,375411784,389827240,2109468,0.53,1278196,14526988,52886688,13.12,6470680,10391264,368,1085080,1532112,9952,16556,269244
2024-01-20T03:44:31,375406520,389822172,2114484,0.54,1278204,14527184,52784044,13.09,6470688,10393076,1444,1086768,1532156,9936,16624,269180
2024-01-20T03:44:36,375408388,389824128,2112552,0.54,1278204,14527248,52791008,13.09,6470708,10395732,552,1089404,1532156,9968,16728,269204
2024-01-20T03:44:41,375402756,389818696,2118056,0.54,1278204,14527324,52996488,13.14,6470700,10394948,1424,1088444,1532208,9936,16572,269180
2024-01-20T03:44:46,375412988,389828992,2107760,0.53,1278208,14527380,53004352,13.14,6470700,10399328,364,1092812,1532212,9952,16720,269172
2024-01-20T03:44:51,375410368,389826628,2110028,0.53,1278208,14527596,52902100,13.12,6470704,10399616,1400,1092772,1532348,9920,16580,269164
2024-01-20T03:44:56,375413576,389829892,2106856,0.53,1278208,14527656,52804056,13.09,6470708,10403108,500,1096504,1532252,9968,16792,269140
2024-01-20T03:45:01,375416212,389832740,2104212,0.53,1278216,14527876,52808276,13.1,6470712,10404568,1664,1097612,1532032,9952,16740,269204
2024-01-20T03:45:06,375418580,389835196,2101748,0.53,1278224,14527964,53014252,13.15,6470720,10403680,460,1096664,1532032,9920,16616,269212
2024-01-20T03:45:11,375427824,389844564,2092348,0.53,1278232,14528060,52818108,13.1,6470732,10408364,1648,1101192,1532084,9952,16744,269204
2024-01-20T03:45:16,375446984,389863916,2073108,0.53,1278232,14528256,52702556,13.07,6470780,10402568,604,1094748,1531968,9920,16660,269148
2024-01-20T03:45:21,375436972,389854104,2083340,0.53,1278240,14528468,52913676,13.12,6470800,10405268,1516,1097816,1531528,9968,16756,269188
2024-01-20T03:45:26,375431016,389848352,2089128,0.53,1278240,14528664,52800384,13.09,6470860,10398540,576,1090876,1531500,9936,16612,269180
2024-01-20T03:45:31,375408752,389826172,2111108,0.53,1278252,14528748,52704688,13.07,6470860,10402708,1516,1094952,1531688,9936,16636,269228
2024-01-20T03:45:36,375407580,389825352,2111920,0.53,1278256,14529092,53101792,13.17,6470992,10392048,696,1084060,1531700,9952,16620,269180
2024-01-20T03:45:41,375387792,389805700,2131612,0.54,1278260,14529220,53002024,13.14,6470988,10396268,1408,1088048,1531664,9936,16608,269212
2024-01-20T03:45:46,375381060,389799024,2138344,0.54,1278264,14529272,52899552,13.12,6470992,10396228,300,1087984,1531608,9936,16580,269164
2024-01-20T03:45:51,375371072,389789320,2147956,0.54,1278276,14529524,52804916,13.09,6471004,10400924,1440,1092456,1531720,9984,16812,269324
2024-01-20T03:45:56,375376832,389795416,2142088,0.54,1278280,14529852,52789720,13.09,6471072,10393508,560,1084832,1531496,9920,16580,269164
2024-01-20T03:46:01,375371420,389790232,2147136,0.54,1278288,14529916,52996912,13.14,6471072,10396564,1204,1087284,1531788,9936,16360,269196
2024-01-20T03:46:06,375385408,389804172,2133344,0.54,1278292,14529996,52792064,13.09,6471088,10397756,376,1088888,1531508,9936,16604,269212
2024-01-20T03:46:11,375385420,389804268,2133244,0.54,1278296,14530072,52798636,13.09,6471092,10402000,436,1093048,1531516,9920,16692,269156
2024-01-20T03:46:16,375383676,389802672,2134852,0.54,1278304,14530288,52898256,13.12,6471100,10399272,60,1090148,1531428,9904,16576,269196
2024-01-20T03:46:21,375411364,389830288,2107232,0.53,1278312,14530212,46569564,11.55,6471104,10356676,460,1047600,1531428,9888,15276,269180
2024-01-20T03:46:26,375393188,389812456,2125236,0.54,1278328,14530540,46760992,11.6,6471168,10347576,656,1038316,1531256,9872,15204,269148
2024-01-20T03:46:31,375380452,389799804,2137916,0.54,1278336,14530612,46570972,11.55,6471196,10356952,392,1047580,1531232,9856,15284,269156
2024-01-20T03:46:36,375401064,389820480,2117280,0.54,1278336,14530668,46775512,11.6,6471200,10357740,1292,1048320,1531200,9872,15280,269164
2024-01-20T03:46:41,375448468,389868652,2069224,0.52,1278340,14531436,43160804,10.7,6471200,10317204,464,1006980,1531080,9856,14652,269164
2024-01-20T03:46:46,375390296,389809888,2127732,0.54,1278340,14531040,46768144,11.6,6471264,10353056,1280,1042776,1531140,9920,15300,269164
2024-01-20T03:46:51,375393352,389813000,2124628,0.54,1278344,14531080,46665184,11.57,6471264,10353532,328,1043680,1531144,9872,15268,269180
2024-01-20T03:46:56,375408216,389827936,2109500,0.53,1278348,14531140,46883000,11.63,6471284,10360044,780,1050212,1531344,9952,15516,269228
2024-01-20T03:47:01,375424352,389844272,2093344,0.53,1278360,14531328,46877148,11.62,6471288,10356448,288,1046340,1531164,9888,15244,269180
2024-01-20T03:47:06,375441032,389861012,2076212,0.53,1278360,14531388,46981012,11.65,6471292,10358072,808,1047948,1531556,9968,15348,269260
2024-01-20T03:47:11,375457472,389877528,2059820,0.52,1278364,14531456,46878052,11.63,6471292,10358536,220,1048340,1531436,9920,15300,269244
2024-01-20T03:47:16,375482688,389902924,2034640,0.52,1278368,14531680,46992256,11.65,6471300,10362628,760,1052256,1531172,9920,15292,269228
2024-01-20T03:47:21,375485040,389905364,2032240,0.51,1278376,14531752,47001800,11.66,6471304,10368024,272,1057584,1531140,9936,15412,269220
2024-01-20T03:47:26,375483920,389904292,2033248,0.51,1278376,14531832,46795552,11.6,6471304,10367196,768,1056624,1531172,9920,15288,269196
2024-01-20T03:47:31,375486944,389907428,2030112,0.51,1278380,14531900,47001472,11.66,6471312,10367476,172,1056824,1531212,9872,15228,269212
2024-01-20T03:47:36,375486944,389907632,2029872,0.51,1278384,14532104,46898512,11.63,6471312,10367284,852,1056376,1531244,9920,15276,269276
2024-01-20T03:47:41,375488708,389909468,2028064,0.51,1278392,14532176,46795552,11.6,6471328,10368028,12,1057100,1531208,9920,15308,269244
2024-01-20T03:47:46,375477576,389898928,2038556,0.52,1278396,14532744,46480172,11.53,6471388,10363604,956,1052068,1531276,10112,15276,269244
2024-01-20T03:47:51,375456908,389878104,2059456,0.52,1278404,14532576,46684228,11.58,6471460,10362264,364,1051160,1531204,9984,15516,269236
2024-01-20T03:47:56,375485484,389907532,2030132,0.51,1278408,14533428,43181428,10.71,6471472,10327896,704,1015868,1531096,10000,14992,269236
2024-01-20T03:48:01,375481936,389903508,2034308,0.52,1278416,14532964,46676088,11.58,6471516,10357992,1648,1046544,1530924,9920,15280,269228
2024-01-20T03:48:06,375507868,389930224,2007676,0.51,1278420,14533716,42965140,10.65,6471532,10321440,360,1009144,1530868,9904,14680,269212
2024-01-20T03:48:11,375437928,389859908,2077940,0.53,1278428,14533364,46563680,11.55,6471584,10389524,1516,1077676,1530888,9872,15196,269212
2024-01-20T03:48:16,375458160,389880368,2057600,0.52,1278436,14533548,46872560,11.62,6471664,10352524,560,1040524,1530804,9952,15296,269180
2024-01-20T03:48:21,375434536,389856924,2081108,0.53,1278444,14533748,46873936,11.62,6471664,10355476,1012,1043376,1530712,9904,15292,269164
2024-01-20T03:48:26,375436076,389858556,2079496,0.53,1278448,14533812,46878844,11.63,6471684,10357952,400,1045692,1530716,9904,15388,269156
2024-01-20T03:48:31,375436148,389858836,2079276,0.53,1278456,14534012,46776316,11.6,6471684,10358536,1088,1046076,1530656,9888,15268,269148
2024-01-20T03:48:36,375435740,389858508,2079612,0.53,1278468,14534072,46781152,11.6,6471704,10362012,444,1049520,1530656,9856,15312,269172
2024-01-20T03:48:41,375430740,389853412,2084576,0.53,1278476,14534144,47193332,11.7,6471712,10362848,1256,1050384,1530612,9904,15420,269060
2024-01-20T03:48:46,375451840,389874868,2063364,0.52,1278484,14534472,46867852,11.62,6471772,10354092,596,1041272,1530388,9872,15264,269052
2024-01-20T03:48:51,375457192,389880452,2057972,0.52,1278488,14534680,46961532,11.65,6471836,10349068,1276,1036180,1530216,9888,15296,269116
2024-01-20T03:48:56,375452916,389876256,2062188,0.52,1278488,14534740,46869236,11.62,6471840,10354580,328,1041996,1530216,9856,15236,269124
2024-01-20T03:49:01,375435924,389859420,2078880,0.53,1278492,14534916,46766792,11.6,6471848,10355700,1288,1042532,1530336,9888,15328,269092
2024-01-20T03:49:06,375448220,389871792,2066520,0.52,1278496,14534968,46663792,11.57,6471848,10355504,248,1042180,1530344,9856,15236,269068
2024-01-20T03:49:11,375445304,389868948,2069348,0.52,1278500,14535048,46568544,11.55,6471860,10359640,1280,1046400,1530348,9888,15372,269092
2024-01-20T03:49:16,375448516,389872248,2066184,0.52,1278512,14535108,46770676,11.6,6471868,10358956,232,1045520,1530228,9792,15216,269116
2024-01-20T03:49:21,375441584,389865448,2072860,0.52,1278520,14535244,46668752,11.57,6471868,10360096,1152,1046596,1530340,9840,15296,269084
2024-01-20T03:49:26,375443120,389867064,2071416,0.52,1278528,14535304,46673224,11.57,6471892,10361668,344,1048060,1530180,9872,15376,269156
2024-01-20T03:49:31,375440476,389864496,2073904,0.53,1278536,14535380,46673224,11.57,6471896,10362104,1120,1048500,1530252,9904,15320,269124
2024-01-20T03:49:36,375429344,389853452,2085052,0.53,1278540,14535448,46973960,11.65,6471908,10393800,72,1080164,1530164,9888,15332,269084
2024-01-20T03:49:41,375461356,389885540,2052992,0.52,1278544,14535516,46986128,11.65,6471904,10364324,60,1050484,1530140,9840,15264,269084
2024-01-20T03:49:46,375499312,389923472,2015288,0.51,1278552,14535500,40765736,10.11,6471908,10322412,1388,1008584,1529896,9840,13984,269084
2024-01-20T03:49:51,375501192,389925540,2013216,0.51,1278556,14535688,40662980,10.08,6471916,10322280,460,1008256,1529896,9840,13960,269100
2024-01-20T03:49:56,375505608,389930308,2008484,0.51,1278564,14536016,41069736,10.18,6471988,10318920,1620,1004688,1529876,9888,14028,269100
2024-01-20T03:50:01,375494716,389919476,2019348,0.51,1278572,14536068,40659100,10.08,6471996,10320768,436,1006456,1529844,9840,13984,269116
2024-01-20T03:50:06,375499312,389924168,2014720,0.51,1278572,14536144,40457684,10.03,6472000,10323284,1332,1008968,1529800,9872,14092,269044
2024-01-20T03:50:11,375503696,389928752,2010160,0.51,1278576,14536324,40659332,10.08,6472000,10320936,392,1006320,1529792,9840,13960,269004
2024-01-20T03:50:16,375501380,389926616,2012256,0.51,1278580,14536432,40868384,10.13,6472000,10323864,1216,1009224,1529900,9824,14000,269020
2024-01-20T03:50:21,375524820,389950132,1988756,0.5,1278588,14536512,40565448,10.06,6472008,10325372,340,1010632,1529872,9840,13968,269036
2024-01-20T03:50:26,375519888,389945552,1993428,0.5,1278592,14536832,40663508,10.08,6472084,10321824,1316,1006860,1529808,9872,14080,269140
2024-01-20T03:50:31,375509132,389934904,2004088,0.51,1278604,14536908,40767372,10.11,6472084,10323500,304,1008452,1529816,9856,14080,269092
2024-01-20T03:50:36,375488332,389914288,2024572,0.51,1278608,14537100,40757592,10.11,6472132,10317272,1432,1001992,1529936,9824,13888,269084
2024-01-20T03:50:41,375496588,389922636,2016428,0.51,1278616,14537164,40764296,10.11,6472168,10321952,208,1006644,1529752,9840,14072,269156
2024-01-20T03:50:46,375503632,389930000,2008836,0.51,1278620,14537488,40546472,10.05,6472220,10315676,1236,1000124,1529972,9824,14008,269132
2024-01-20T03:50:51,375484416,389910864,2027916,0.51,1278624,14537588,40959740,10.16,6472232,10316888,236,1001192,1530004,9824,13948,269116
2024-01-20T03:50:56,375480684,389907240,2031500,0.51,1278632,14537636,40651316,10.08,6472236,10317464,1200,1001764,1530096,9792,13936,269116
2024-01-20T03:51:01,375478876,389905780,2032864,0.51,1278640,14537964,40647712,10.08,6472300,10314452,332,998468,1530204,9840,13932,269172
2024-01-20T03:51:06,375483036,389910016,2028584,0.51,1278648,14537900,34519884,8.56,6472312,10270108,1092,954056,1530380,9776,12604,269132
2024-01-20T03:51:11,375486788,389913832,2024816,0.51,1278660,14537956,34734780,8.61,6472336,10275656,168,959784,1530328,9856,12832,269204
2024-01-20T03:51:16,375491628,389918988,2019652,0.51,1278664,14538152,34634032,8.59,6472332,10276700,1152,961092,1530452,10176,12484,269236
2024-01-20T03:51:21,375490968,389918404,2020144,0.51,1278668,14538208,34531844,8.56,6472340,10277940,672,961712,1530560,9808,12732,269124
2024-01-20T03:51:26,375490388,389917868,2020700,0.51,1278672,14538244,34528368,8.56,6472332,10276320,0,960028,1530544,9760,12656,269068
2024-01-20T03:51:31,375501992,389929612,2008832,0.51,1278672,14538312,34635136,8.59,6472344,10278540,1284,962212,1530740,9776,12696,269084
2024-01-20T03:51:36,375503756,389931420,2007072,0.51,1278672,14538356,34738240,8.61,6472344,10278144,324,961748,1530692,9776,12660,269068
2024-01-20T03:51:41,375502252,389930120,2008352,0.51,1278672,14538548,34738240,8.61,6472340,10278772,1320,962140,1530724,9792,12676,269068
2024-01-20T03:51:46,375515468,389943380,1995108,0.51,1278672,14538592,34534964,8.56,6472348,10279852,304,963224,1530708,9776,12692,269036
2024-01-20T03:51:51,375502116,389930368,2008104,0.51,1278672,14538912,34740284,8.62,6472412,10278840,1600,962040,1530744,9808,12812,269108
2024-01-20T03:51:56,375489076,389917376,2021076,0.51,1278680,14538972,34538980,8.57,6472412,10281912,380,965064,1530744,9808,12788,269092
2024-01-20T03:52:01,375488912,389917368,2021256,0.51,1278688,14539028,34637668,8.59,6472428,10279572,1244,962576,1530664,9808,12704,269116
2024-01-20T03:52:06,375491180,389919672,2018964,0.51,1278688,14539064,34637984,8.59,6472432,10280272,252,963280,1530652,9776,12676,269132
2024-01-20T03:52:11,375496832,389925568,2012940,0.51,1278692,14539260,34746584,8.62,6472432,10282876,1256,965656,1530824,9760,12696,269100
2024-01-20T03:52:16,375499552,389928340,2010176,0.51,1278700,14539324,34751356,8.62,6472436,10284952,360,967756,1530796,9792,12792,269108
2024-01-20T03:52:21,375510756,389939632,1998492,0.51,1278700,14539392,34648396,8.59,6472452,10285760,1296,968472,1531208,9824,12876,269076
2024-01-20T03:52:26,375510596,389939532,1998616,0.51,1278700,14539456,34651304,8.59,6472448,10286768,248,969368,1531180,9840,12896,269028
2024-01-20T03:52:31,375515524,389944712,1993360,0.5,1278704,14539660,34650128,8.59,6472452,10287020,1252,969448,1531300,9760,12728,268988
2024-01-20T03:52:36,375556348,389985580,1952688,0.49,1278716,14539692,28624352,7.1,6472520,10237188,500,919604,1531104,9728,11356,268892
2024-01-20T03:52:41,375539244,389968640,1969808,0.5,1278724,14539760,28625472,7.1,6472524,10239120,1292,921444,1531012,9712,11340,268988
2024-01-20T03:52:46,375539072,389968648,1969820,0.5,1278736,14539924,28522512,7.07,6472540,10238772,196,920940,1530996,9712,11356,269036
2024-01-20T03:52:51,375582028,390011584,1926940,0.49,1278744,14539816,22498680,5.58,6472544,10193904,1224,876232,1531020,9680,10048,268956
2024-01-20T03:52:56,375582108,390011696,1926948,0.49,1278744,14539840,22708860,5.63,6472556,10196072,180,878424,1530908,9712,10164,268948
2024-01-20T03:53:01,375581988,390011932,1926908,0.49,1278748,14540012,22499448,5.58,6472556,10195916,1240,878192,1530892,9824,9668,269036
2024-01-20T03:53:06,375553292,389983272,1955468,0.5,1278752,14540040,22490748,5.58,6472560,10225356,192,907396,1530996,9680,10032,269004
2024-01-20T03:53:11,375625468,390055364,1883624,0.48,1278752,14539948,16488032,4.09,6472564,10154900,204,837004,1530756,9648,8756,268964
2024-01-20T03:53:16,375620608,390050528,1888660,0.48,1278756,14539988,16381584,4.06,6472572,10153160,1436,835328,1530536,9648,8724,268908
2024-01-20T03:53:21,375621712,390051792,1887336,0.48,1278756,14540144,16390128,4.06,6472580,10157532,584,839468,1530600,9712,8956,269020
2024-01-20T03:53:26,375621340,390051516,1887700,0.48,1278764,14540188,16489004,4.09,6472584,10155696,1500,837620,1530556,9648,8720,268972
2024-01-20T03:53:31,375623696,390053908,1885292,0.48,1278768,14540220,16493276,4.09,6472592,10157720,552,839664,1530572,9680,8852,268996
2024-01-20T03:53:36,375624608,390055048,1884260,0.48,1278776,14540376,16386044,4.06,6472592,10155660,1352,837436,1530528,9664,8732,268956
2024-01-20T03:53:41,375635444,390065900,1873404,0.47,1278784,14540404,16489004,4.09,6472596,10155384,296,837124,1530512,9664,8716,268972
2024-01-20T03:53:46,375631916,390062504,1876708,0.48,1278788,14540436,16386044,4.06,6472612,10155656,1204,837408,1530700,9664,8736,268988
2024-01-20T03:53:51,375678764,390109224,1830200,0.46,1278796,14540316,10364316,2.57,6472620,10110736,284,792636,1530472,9648,7436,268940
2024-01-20T03:53:56,375690508,390121068,1818284,0.46,1278804,14540468,10364316,2.57,6472632,10111088,1204,792736,1530484,9632,7420,268972
2024-01-20T03:54:01,375691280,390121856,1817576,0.46,1278812,14540484,10364316,2.57,6472632,10111108,288,792740,1530396,9632,7416,268940
2024-01-20T03:54:06,375687640,390118240,1821096,0.46,1278816,14540516,10479356,2.6,6472648,10117624,1372,799324,1530480,9712,7636,268988
2024-01-20T03:54:11,375688008,390118632,1820740,0.46,1278824,14540536,10368220,2.57,6472652,10113524,368,795156,1530440,9648,7388,268956
2024-01-20T03:54:16,375686036,390116816,1822568,0.46,1278828,14540680,10368220,2.57,6472660,10113880,1212,795348,1530436,9648,7416,268972
2024-01-20T03:54:21,375696136,390126952,1812548,0.46,1278828,14540708,10372492,2.57,6472668,10115736,420,797260,1530328,9680,7516,268964
2024-01-20T03:54:26,375698924,390129908,1809412,0.46,1278828,14540864,10471180,2.6,6472664,10113980,1264,795332,1530520,9664,7440,268940
2024-01-20T03:54:31,375700700,390131712,1807620,0.46,1278832,14540876,10368220,2.57,6472664,10113964,164,795220,1530520,9632,7352,268924
2024-01-20T03:54:36,375692920,390124040,1815304,0.46,1278840,14540912,10471180,2.6,6472676,10113824,1112,795044,1530572,9632,7408,268940
2024-01-20T03:54:41,375695188,390126336,1812928,0.46,1278848,14540936,10475452,2.6,6472696,10116344,308,797648,1530648,9680,7584,268932
2024-01-20T03:54:46,375700596,390131952,1807340,0.46,1278848,14541076,10368220,2.57,6472696,10115536,1060,796248,1530688,9920,7368,268908
2024-01-20T03:54:51,375725540,390157104,1782324,0.45,1278848,14541300,4345728,1.08,6472680,10066680,400,747588,1530536,9600,6088,268876
2024-01-20T03:54:56,375733268,390166752,1770860,0.45,1278852,14542752,22775808,5.65,6544716,10027668,608,779680,1532816,9712,11452,268932
2024-01-20T03:55:01,375660880,390094788,1842724,0.47,1278860,14543076,22772320,5.65,6544964,10114812,1556,866216,1533008,9728,11752,269004
2024-01-20T03:55:06,375670728,390104872,1832780,0.46,1278864,14543272,22772320,5.65,6545164,10116692,336,868044,1532904,9728,11752,269036
2024-01-20T03:55:11,375660508,390094908,1842836,0.47,1278872,14543484,22776592,5.65,6545372,10120684,1540,872088,1532848,9776,11872,269044
2024-01-20T03:55:16,375658748,390093408,1844464,0.47,1278876,14543672,22776224,5.65,6545560,10125520,444,877040,1532788,9760,11880,269060
2024-01-20T03:55:21,375661776,390096916,1840856,0.47,1278884,14543988,22776224,5.65,6545748,10127688,1288,878928,1533044,9792,11852,269092
2024-01-20T03:55:26,375661616,390096992,1840920,0.47,1278888,14544184,22772320,5.65,6545944,10127028,316,878192,1532940,9760,11748,269068
2024-01-20T03:55:31,375655168,390091060,1846744,0.47,1278896,14544592,22772320,5.65,6546136,10128584,1296,879592,1533148,9760,11752,269052
2024-01-20T03:55:36,375658028,390094204,1843656,0.47,1278900,14544792,22772320,5.65,6546344,10130368,204,881308,1533172,9760,11752,269052
2024-01-20T03:55:41,375652904,390089324,1848440,0.47,1278904,14545016,22772320,5.65,6546544,10132020,1204,882952,1533284,9760,11748,269084
2024-01-20T03:55:46,375655120,390091812,1845860,0.47,1278916,14545200,22776592,5.65,6546752,10135704,404,886692,1533452,9792,11876,269044
2024-01-20T03:55:51,375706476,390143588,1794976,0.45,1278924,14545532,8952376,2.22,6546904,10032112,1344,782940,1532640,9696,7576,268972
2024-01-20T03:55:56,375719616,390156364,1782460,0.45,1278932,14545136,4345728,1.08,6546912,9996572,216,747656,1532404,9632,6084,268940
2024-01-20T03:56:01,375713484,390149652,1789080,0.45,1278936,14544588,4349632,1.08,6546920,9997808,1188,749572,1532460,9664,6204,268996
2024-01-20T03:56:06,375716052,390151816,1786944,0.45,1278936,14544156,4345728,1.08,6546920,9995576,304,747696,1532460,9632,6092,268924
2024-01-20T03:56:11,375731612,390168048,1770696,0.45,1278936,14544828,4345728,1.08,6546920,9996268,1228,747780,1532476,9616,6084,268940
2024-01-20T03:56:16,375730412,390168968,1769788,0.45,1278936,14546924,4345728,1.08,6546920,9998376,184,747692,1532488,9616,6092,268972
2024-01-20T03:56:21,375725412,390166460,1772236,0.45,1278940,14549408,4350000,1.08,6546928,10003016,1212,749924,1532552,9664,6220,268964
2024-01-20T03:56:26,375724976,390168164,1770512,0.45,1278952,14551496,4345728,1.08,6546936,10002920,224,747696,1532612,9648,6096,268876
2024-01-20T03:56:31,375716928,390162788,1775972,0.45,1278960,14554108,4345728,1.08,6546648,10005748,556,747216,1532580,9984,5960,268956
2024-01-20T03:56:36,375715492,390164060,1774728,0.45,1278968,14556700,4345728,1.08,6546656,10008336,148,747584,1532660,9616,6056,268972
2024-01-20T03:56:41,375714836,390165656,1773196,0.45,1278972,14558892,4344944,1.08,6546652,10010416,356,747456,1532652,9584,6020,268892
2024-01-20T03:56:46,375727588,390180952,1757740,0.45,1278976,14561412,4349632,1.08,6546668,10014416,1344,749540,1532832,9632,6140,268964
2024-01-20T03:56:51,375725688,390181644,1757140,0.45,1278984,14563972,4345728,1.08,6546680,10015720,536,747700,1532764,9616,6092,268940
2024-01-20T03:56:56,375714400,390172848,1766064,0.45,1278988,14566400,4350000,1.08,6546688,10020392,1476,749940,1532696,9664,6244,269012
2024-01-20T03:57:01,375711428,390172420,1766512,0.45,1278992,14568856,4345728,1.08,6546692,10020588,384,747700,1532760,9616,6092,268972
2024-01-20T03:57:06,375704556,390168140,1770484,0.45,1278996,14571368,4345728,1.08,6546692,10023092,1172,747704,1533144,9632,6092,268956
2024-01-20T03:57:11,375469676,389936316,2001448,0.51,1279008,14574384,52864064,13.11,6547204,10330348,648,1052492,1534032,9888,16556,269084
2024-01-20T03:57:16,375516340,389984680,1952748,0.49,1279016,14576092,46120828,11.44,6547212,10274880,2232,995304,1534352,9888,15452,269100
2024-01-20T03:57:21,375433592,389902936,2034308,0.52,1279020,14577060,52555184,13.03,6547632,10338308,2848,1058256,1534568,9904,16552,269068
2024-01-20T03:57:26,375435924,389906608,2030964,0.51,1279024,14578324,52862800,13.11,6547644,10341612,5000,1060292,1534312,9856,16544,269116
2024-01-20T03:57:31,375490648,389963268,1974928,0.5,1279032,14580264,46107092,11.43,6547964,10273796,1984,990824,1533676,9856,15012,269140
2024-01-20T03:57:36,375429568,389902636,2035340,0.52,1279040,14580872,52765376,13.09,6548080,10345012,4680,1061476,1533728,9920,16644,269172
2024-01-20T03:57:41,375436588,389912180,2025648,0.51,1279052,14583388,48946760,12.14,6548248,10310652,3576,1024932,1533872,9904,15808,269116
2024-01-20T03:57:46,375391096,389866624,2070776,0.52,1279056,14583572,52658144,13.06,6548512,10344172,4312,1058476,1534048,9952,16544,269196
2024-01-20T03:57:51,375392424,389869100,2068264,0.52,1279064,14584692,52746948,13.08,6548620,10340500,3644,1053740,1534104,9952,16356,269212
2024-01-20T03:57:56,375387796,389865880,2071540,0.52,1279072,14586084,52658144,13.06,6548940,10346148,3888,1058316,1534056,9952,16516,269212
2024-01-20T03:58:01,375384808,389864156,2073588,0.53,1279080,14587344,52863552,13.11,6549004,10349476,3788,1060324,1533728,9984,16600,269244
2024-01-20T03:58:06,375458244,389939224,1998668,0.51,1279088,14588976,46120824,11.44,6549324,10304896,3304,1014608,1533572,9984,15812,269156
2024-01-20T03:58:11,375424060,389906204,2031776,0.51,1279092,14590124,52759764,13.08,6549436,10349732,3512,1058348,1533496,9968,16480,269148
2024-01-20T03:58:16,375431720,389915364,2021848,0.51,1279096,14592112,46326344,11.49,6549608,10310404,3612,1017696,1533772,10272,15216,269292
2024-01-20T03:58:21,375370256,389855648,2082064,0.53,1279104,14593340,52760444,13.08,6549828,10354752,4156,1060484,1533784,10032,16636,269244
2024-01-20T03:58:26,375387484,389873228,2064184,0.52,1279104,14593688,47104496,11.68,6549976,10325956,3272,1031524,1534088,9984,15924,269244
2024-01-20T03:58:31,375362028,389849408,2088352,0.53,1279108,14595324,52966512,13.13,6550244,10354388,4396,1058616,1533736,9984,16568,269260
2024-01-20T03:58:36,375353772,389842308,2095536,0.53,1279108,14596480,49830256,12.36,6550392,10351008,3432,1053840,1533652,9984,16360,269244
2024-01-20T03:58:41,375355252,389845076,2092736,0.53,1279108,14597696,48853740,12.12,6550616,10325180,4120,1027456,1533756,10000,16120,269324
2024-01-20T03:58:46,375368172,389860128,2078248,0.53,1279112,14599820,49052192,12.16,6550720,10324224,3384,1024876,1533196,9984,15968,269180
2024-01-20T03:58:51,375340824,389833644,2104644,0.53,1279120,14600584,46890936,11.63,6551036,10345360,4136,1045052,1533376,10048,16168,269268
2024-01-20T03:58:56,375317000,389811088,2127200,0.54,1279132,14601792,52761240,13.08,6551144,10362148,3616,1060736,1533424,10016,16580,269244
2024-01-20T03:59:01,375298564,389793924,2144028,0.54,1279136,14603072,52538964,13.03,6551316,10356920,4640,1054548,1533748,10016,16356,269276
2024-01-20T03:59:06,375296660,389793468,2144708,0.54,1279144,14604524,52654252,13.06,6551584,10359144,3240,1055428,1533512,9968,16416,269244
2024-01-20T03:59:11,375312072,389810624,2127436,0.54,1279144,14606280,52761364,13.08,6551692,10365808,5136,1060492,1533616,10016,16536,269292
2024-01-20T03:59:16,375324240,389823716,2114368,0.54,1279152,14607220,52759480,13.08,6551956,10361924,3352,1056024,1533568,10032,16596,269252
2024-01-20T03:59:21,375297644,389798764,2139604,0.54,1279156,14608856,52657480,13.06,6552124,10367452,4956,1059908,1533288,10000,16460,269276
2024-01-20T03:59:26,375294584,389796588,2141832,0.54,1279168,14609708,52539372,13.03,6552336,10361548,3216,1053760,1533256,10016,16368,269308
2024-01-20T03:59:31,375287504,389791736,2146844,0.54,1279172,14611932,52656756,13.06,6552516,10370868,5144,1060624,1533096,10016,16540,269276
2024-01-20T03:59:36,375280736,389785512,2153244,0.55,1279184,14612464,52644760,13.06,6552728,10365164,3348,1054672,1532920,10016,16392,269228
2024-01-20T03:59:41,375265392,389771500,2167196,0.55,1279188,14613828,52970772,13.14,6552944,10373004,4396,1061216,1532944,10032,16652,269268
2024-01-20T03:59:46,375282424,389789496,2149052,0.54,1279196,14614776,50041172,12.41,6553060,10369304,3096,1056788,1533100,10032,16248,269252
2024-01-20T03:59:51,375323248,389832564,2105680,0.53,1279204,14617020,49153360,12.19,6553268,10338244,3952,1023672,1533396,10016,15932,269340
2024-01-20T03:59:56,375324924,389835632,2102500,0.53,1279208,14618388,48850056,12.11,6553484,10341908,2808,1026388,1533528,10032,16024,269316
2024-01-20T04:00:01,375323992,389835408,2102344,0.53,1279216,14619176,52550888,13.03,6553692,10371420,4296,1055180,1533820,10160,16444,269340
2024-01-20T04:00:06,375368684,389882040,2055604,0.52,1279220,14621036,49045960,12.16,6553856,10337340,2912,1019340,1534004,9952,15792,269308
2024-01-20T04:00:11,375416172,389930516,2006744,0.51,1279228,14621968,43400848,10.76,6554020,10298944,2320,980124,1534436,10016,15104,269204
2024-01-20T04:00:16,375339156,389854476,2082720,0.53,1279228,14622952,52761348,13.08,6554240,10379776,4724,1060348,1534492,10000,16596,269244
2024-01-20T04:00:21,375390824,389907932,2028636,0.51,1279232,14624736,46224136,11.46,6554448,10340120,2868,1019000,1535120,9984,15800,269180
2024-01-20T04:00:26,375328888,389846848,2089708,0.53,1279240,14625604,49732432,12.33,6554660,10378512,4420,1056824,1535108,10016,16456,269348
2024-01-20T04:00:31,375328204,389847488,2089580,0.53,1279248,14626852,49728176,12.33,6554872,10377556,3188,1054684,1534664,10000,16268,269292
2024-01-20T04:00:36,375321892,389842640,2094296,0.53,1279252,14628264,52554776,13.03,6554992,10384200,4740,1060092,1534844,10000,16572,269308
2024-01-20T04:00:41,375307604,389829924,2107048,0.53,1279256,14629808,52760372,13.08,6555248,10384708,3660,1059336,1534832,10000,16424,269292
2024-01-20T04:00:46,375306552,389830196,2106296,0.53,1279264,14631104,52760436,13.08,6555424,10385796,4484,1059160,1535332,10000,16568,269260
2024-01-20T04:00:51,375305856,389830776,2105568,0.53,1279268,14632356,49831228,12.36,6555680,10374400,3092,1046956,1535500,10048,16156,269364
2024-01-20T04:00:56,375297252,389823772,2112988,0.54,1279268,14633896,52864064,13.11,6555844,10389164,4284,1060296,1535144,10000,16468,269404
2024-01-20T04:01:01,375317028,389844816,2091924,0.53,1279276,14635168,52657700,13.06,6556008,10389664,3572,1060172,1535152,10000,16480,269324
2024-01-20T04:01:06,375310968,389840132,2096732,0.53,1279276,14636460,53172224,13.19,6556220,10390912,4288,1059732,1535112,10016,16524,269308
2024-01-20T04:01:11,375298360,389828640,2108312,0.53,1279284,14637560,49934080,12.38,6556384,10386124,3120,1054012,1535032,9984,16052,269340
2024-01-20T04:01:16,375283916,389815828,2120980,0.54,1279288,14639236,52761104,13.08,6556648,10393208,3968,1059724,1535128,10016,16428,269276
2024-01-20T04:01:21,375277488,389811040,2125448,0.54,1279288,14640820,52551964,13.03,6556760,10393304,3916,1058452,1535504,10016,16440,269276
2024-01-20T04:01:26,375301516,389835900,2101516,0.53,1279288,14641688,52643116,13.05,6557016,10389360,3972,1053856,1534540,10016,16320,269276
2024-01-20T04:01:31,375276936,389812868,2124264,0.54,1279304,14643160,52651720,13.06,6557200,10396072,3352,1059360,1534884,10048,16572,269324
2024-01-20T04:01:36,375295848,389834008,2103036,0.53,1279312,14645388,48952428,12.14,6557412,10364728,3740,1025836,1534964,10032,15992,269316
2024-01-20T04:01:41,375312072,389852128,2085224,0.53,1279316,14647264,45237436,11.22,6557528,10329072,3208,988352,1534672,10016,15416,269276
2024-01-20T04:01:46,375271584,389811792,2125144,0.54,1279320,14647428,49830980,12.36,6557888,10394060,3624,1053468,1535072,9984,15884,269308
2024-01-20T04:01:51,375305664,389847320,2088980,0.53,1279328,14649384,49453244,12.26,6557952,10367008,2872,1025132,1535192,10032,15968,269276
2024-01-20T04:01:56,375338872,389883360,2053348,0.52,1279332,14651668,46114980,11.44,6558068,10343872,3972,992824,1535328,10032,15492,269268
2024-01-20T04:02:01,375329696,389873620,2063104,0.52,1279340,14651088,49933220,12.38,6558380,10398288,4488,1054612,1535320,10032,16368,269372
2024-01-20T04:02:06,375313380,389858636,2078084,0.53,1279344,14652400,52553068,13.03,6558496,10406212,3900,1061368,1535340,10032,16576,269388
2024-01-20T04:02:11,375305480,389852208,2084512,0.53,1279348,14653860,52966340,13.13,6558760,10406196,4472,1060240,1535348,10048,16584,269372
2024-01-20T04:02:16,375315204,389863204,2073176,0.53,1279348,14655136,52970156,13.14,6558912,10408204,3592,1060992,1535684,10048,16528,269380
2024-01-20T04:02:21,375305248,389854568,2081268,0.53,1279360,14656368,52864248,13.11,6559144,10409468,4492,1061232,1536304,10048,16608,269372
2024-01-20T04:02:26,375306668,389857600,2078172,0.53,1279360,14658000,52746048,13.08,6559292,10405388,3784,1055720,1536348,10032,16324,269308
2024-01-20T04:02:31,375324664,389876720,2059668,0.52,1279364,14659100,47209400,11.71,6559504,10380564,3828,1029956,1535752,10032,15688,269308
2024-01-20T04:02:36,375313544,389866704,2070156,0.52,1279368,14660176,52838868,13.1,6559724,10403092,3044,1051628,1535304,10080,16340,269252
2024-01-20T04:02:41,375325276,389879704,2057300,0.52,1279372,14661400,49729952,12.33,6559780,10408064,4300,1055444,1535200,10048,16080,269292
2024-01-20T04:02:46,375319944,389876488,2060548,0.52,1279376,14663500,52862012,13.11,6560000,10414856,4004,1060372,1535180,9936,16552,269212
2024-01-20T04:02:51,375312820,389870172,2065696,0.52,1279380,14664240,52966856,13.14,6560256,10412816,4312,1057820,1536412,9968,16612,269236
2024-01-20T04:02:56,375315372,389873932,2062512,0.52,1279388,14665416,52658144,13.06,6560424,10416476,3364,1060424,1535860,9936,16560,269132
2024-01-20T04:03:01,375332716,389892668,2043928,0.52,1279388,14666824,52967024,13.14,6560632,10417724,4108,1060600,1535692,9952,16532,269180
2024-01-20T04:03:06,375319340,389880572,2056048,0.52,1279396,14668092,52746000,13.08,6560852,10413492,3112,1055704,1535672,9984,16472,269212
2024-01-20T04:03:11,375346868,389909260,2026824,0.51,1279404,14669228,49729544,12.33,6560964,10406484,4024,1047136,1536224,9968,16124,269260
2024-01-20T04:03:16,375358936,389923532,2013136,0.51,1279412,14671408,46430740,11.51,6561224,10380332,2560,1019100,1535656,9952,15632,269244
2024-01-20T04:03:21,375323980,389889468,2046848,0.52,1279416,14672248,49936868,12.38,6561340,10399496,3944,1037664,1536056,9952,16036,269236
2024-01-20T04:03:26,375339856,389907244,2029380,0.51,1279420,14674080,45983928,11.4,6561516,10367708,3448,1004016,1535812,9936,15584,269116
2024-01-20T04:03:31,375274804,389843032,2093936,0.53,1279420,14674828,52657436,13.06,6561752,10425288,4408,1061148,1535560,9952,16512,269228
2024-01-20T04:03:36,375239364,389808888,2127892,0.54,1279424,14676068,52657612,13.06,6561924,10426320,3504,1061096,1535800,9952,16504,269196
2024-01-20T04:03:41,375242024,389812824,2124408,0.54,1279428,14677340,52867696,13.11,6562136,10430192,3668,1063600,1535348,10080,16648,269172
2024-01-20T04:03:46,375222432,389794376,2143328,0.54,1279436,14678616,52761280,13.08,6562308,10428504,3820,1061108,1534736,9952,16576,269164
2024-01-20T04:03:51,375219224,389792548,2145112,0.54,1279436,14679976,52658144,13.06,6562568,10429332,3336,1060920,1534800,9968,16592,269116
2024-01-20T04:03:56,375218684,389793436,2144300,0.54,1279440,14681368,52871872,13.11,6562740,10434136,4508,1064548,1534756,10000,16672,269180
2024-01-20T04:04:01,375280984,389857400,2079852,0.53,1279444,14683020,46223616,11.46,6562904,10372500,2716,1001288,1535248,9936,15464,269164
2024-01-20T04:04:06,375262956,389840048,2096752,0.53,1279452,14683652,46901644,11.63,6563060,10403816,4144,1032048,1535736,9936,15944,269196
2024-01-20T04:04:11,375349128,389928520,2008544,0.51,1279456,14685956,45400980,11.26,6563280,10364552,2580,990388,1535464,9968,15760,269228
2024-01-20T04:04:16,375278824,389858804,2078480,0.53,1279464,14686528,52839584,13.1,6563536,10426156,4220,1052092,1535252,9968,16340,269204
2024-01-20T04:04:21,375278804,389860224,2077304,0.53,1279476,14687964,52554784,13.03,6563656,10436968,3864,1061560,1535000,9936,16548,269180
2024-01-20T04:04:26,375321568,389904868,2032768,0.51,1279480,14689904,46120820,11.44,6563880,10379952,3420,1002764,1534828,9936,15488,269212
2024-01-20T04:04:31,375266960,389851036,2086720,0.53,1279480,14690684,52538736,13.03,6564084,10432644,3464,1054916,1534704,9936,16364,269148
2024-01-20T04:04:36,375270828,389856840,2081044,0.53,1279484,14692620,52656696,13.06,6564300,10441184,4788,1061440,1534572,9952,16508,269244
2024-01-20T04:04:41,375278704,389865652,2072400,0.52,1279484,14693540,52850516,13.11,6564508,10434696,3468,1054656,1534420,9968,16440,269220
2024-01-20T04:04:46,375285832,389874628,2062956,0.52,1279488,14695424,48843780,12.11,6564668,10406488,3988,1024684,1534848,9920,15864,269212
2024-01-20T04:04:51,375237924,389827384,2110244,0.53,1279488,14696024,52661700,13.06,6564832,10445456,3676,1063180,1534868,9968,16676,269252
2024-01-20T04:04:56,375258504,389850048,2087288,0.53,1279492,14698048,49047376,12.16,6565036,10405672,3860,1021564,1535216,9920,15892,269244
2024-01-20T04:05:01,375199576,389791768,2145368,0.54,1279504,14698688,52554472,13.03,6565260,10443440,3324,1058900,1535412,9936,16468,269244
2024-01-20T04:05:06,375179572,389773024,2163896,0.55,1279508,14699940,49830332,12.36,6565368,10441932,4392,1056288,1535632,9952,16052,269244
2024-01-20T04:05:11,375231240,389826008,2110484,0.53,1279512,14701200,52760936,13.08,6565636,10445552,3344,1058992,1536112,9984,16608,269236
2024-01-20T04:05:16,375206348,389802564,2134300,0.54,1279520,14702568,52863408,13.11,6565784,10449224,4368,1061264,1535812,9952,16492,269276
2024-01-20T04:05:21,375220628,389818156,2118456,0.54,1279532,14703824,52966268,13.13,6566024,10449988,3156,1061064,1536108,9952,16492,269228
2024-01-20T04:05:26,375252320,389851452,2085076,0.53,1279540,14705404,49934084,12.38,6566140,10428148,3248,1037756,1536208,10048,15932,269212
2024-01-20T04:05:31,375227308,389828004,2107716,0.53,1279540,14706860,52759680,13.08,6566392,10453080,3844,1061428,1537124,9952,16404,269260
2024-01-20T04:05:36,375229352,389832024,2104032,0.53,1279544,14708812,49727968,12.33,6566512,10432608,3764,1039196,1536808,9936,15972,269260
2024-01-20T04:05:41,375217088,389820060,2116896,0.54,1279548,14709044,50023360,12.41,6566820,10444236,4084,1050824,1535972,9952,16268,269244
2024-01-20T04:05:46,375259560,389865212,2071908,0.52,1279552,14711736,45134540,11.19,6566928,10387096,2576,991156,1535792,9952,15196,269164
2024-01-20T04:05:51,375205908,389811588,2125864,0.54,1279556,14711720,49608992,12.3,6567152,10427176,4144,1031396,1535500,9936,15944,269148
2024-01-20T04:05:56,375186468,389793512,2143648,0.54,1279564,14713052,47108936,11.68,6567400,10441228,2936,1044352,1535816,9936,15644,269148
2024-01-20T04:06:01,375196400,389805004,2132228,0.54,1279564,14714544,52554548,13.03,6567524,10459624,4600,1061364,1535812,9936,16532,269196
2024-01-20T04:06:06,375178320,389788900,2148316,0.54,1279572,14716512,52764816,13.08,6567752,10463544,3976,1063620,1535828,9984,16684,269204
2024-01-20T04:06:11,375183744,389794992,2141680,0.54,1279572,14717340,52971296,13.14,6567956,10464284,4552,1063704,1536212,9984,16680,269268
2024-01-20T04:06:16,375193108,389805896,2131116,0.54,1279580,14718884,52525892,13.03,6568168,10454020,3600,1052148,1535860,9952,16208,269212
2024-01-20T04:06:21,375173676,389787756,2149228,0.54,1279584,14720152,52967024,13.14,6568380,10464572,4324,1061644,1535908,9952,16504,269244
2024-01-20T04:06:26,375189592,389805620,2131500,0.54,1279588,14722056,48947576,12.14,6568480,10431480,3132,1026676,1535812,9952,15784,269212
2024-01-20T04:06:31,375176512,389793148,2143708,0.54,1279600,14722536,52639328,13.05,6568812,10456176,3824,1051244,1536192,9952,16240,269196
2024-01-20T04:06:36,375180232,389798428,2138468,0.54,1279608,14724100,49828656,12.36,6568864,10446588,3892,1040128,1536140,9984,16392,269196
2024-01-20T04:06:41,375173596,389792796,2143804,0.54,1279616,14725196,52760556,13.08,6569140,10468020,4120,1060784,1536336,9920,16376,269276
2024-01-20T04:06:46,375184444,389804900,2131776,0.54,1279620,14726436,52762136,13.08,6569252,10470884,3684,1062440,1536272,9952,16544,269228
2024-01-20T04:06:51,375199732,389822376,2113708,0.54,1279624,14728540,49928496,12.38,6569512,10442404,3708,1032088,1536944,9968,15892,269212
2024-01-20T04:06:56,375158320,389781528,2153924,0.55,1279628,14729092,52966448,13.13,6569684,10472456,3440,1061776,1537584,9968,16532,269244
2024-01-20T04:07:01,375141624,389766200,2169192,0.55,1279632,14730420,52764472,13.08,6569888,10476120,4288,1064292,1537680,10032,16620,269220
2024-01-20T04:07:06,375152576,389778452,2157244,0.55,1279640,14731716,52660940,13.06,6570064,10475864,3552,1063052,1537372,10016,16680,269204
2024-01-20T04:07:11,375219816,389846944,2088796,0.53,1279644,14732908,46888696,11.63,6570224,10424824,2332,1009876,1537384,10064,15524,269204
2024-01-20T04:07:16,375187708,389816608,2119288,0.54,1279648,14734672,52760404,13.08,6570488,10476152,3176,1060696,1537232,9952,16484,269180
2024-01-20T04:07:21,375231776,389862296,2073860,0.53,1279652,14736264,49050720,12.16,6570604,10444012,3912,1027020,1536996,9936,16044,269196
2024-01-20T04:07:26,375188076,389819480,2117188,0.54,1279660,14737288,52656120,13.06,6570860,10479768,4584,1062120,1536336,9952,16556,269276
2024-01-20T04:07:31,375172476,389805196,2131324,0.54,1279664,14738576,52864240,13.11,6571020,10480860,3808,1061956,1536508,9920,16536,269244
2024-01-20T04:07:36,375162748,389796892,2139120,0.54,1279668,14739904,49727460,12.33,6571288,10475232,4164,1055312,1537108,9952,16356,269228
2024-01-20T04:07:41,375160756,389796312,2139652,0.54,1279668,14741312,52658144,13.06,6571452,10482780,3544,1061620,1537160,9952,16572,269212
2024-01-20T04:07:46,375185488,389823160,2112284,0.53,1279672,14743424,49050456,12.16,6571612,10448756,4160,1025684,1537680,9920,15848,269196
2024-01-20T04:07:51,375138372,389776764,2158452,0.55,1279676,14744120,52760960,13.08,6571872,10484740,3400,1061160,1537928,9952,16584,269148
2024-01-20T04:07:56,375156536,389796004,2139940,0.54,1279680,14745120,46747152,11.59,6571984,10447132,1376,1022748,1537272,9920,15120,269212
2024-01-20T04:08:01,375183332,389824024,2112464,0.53,1279688,14746324,46752204,11.59,6572252,10449140,2740,1023960,1536740,9952,15288,269156
2024-01-20T04:08:06,375220376,389862792,2073908,0.53,1279688,14748028,43037340,10.67,6572260,10414940,4052,988348,1536548,9920,14640,269180
2024-01-20T04:08:11,375194784,389838004,2098864,0.53,1279692,14748820,41093128,10.19,6572568,10419168,2060,991580,1536388,9904,14488,269164
2024-01-20T04:08:16,375150000,389794408,2142268,0.54,1279700,14749884,46645956,11.57,6572632,10451560,3672,1022984,1536696,9888,15296,269180
2024-01-20T04:08:21,375176736,389822920,2113548,0.54,1279700,14751632,42924372,10.64,6572944,10412468,2224,982568,1536932,9920,14668,269124
2024-01-20T04:08:26,375168608,389815636,2120976,0.54,1279704,14752420,46850860,11.62,6573012,10453728,4220,1022892,1536840,9888,15268,269036
2024-01-20T04:08:31,375221976,389869900,2066364,0.52,1279708,14753344,43705656,10.84,6573268,10420344,2084,989056,1537156,9888,14636,269036
2024-01-20T04:08:36,375195092,389844468,2092224,0.53,1279716,14754744,46850028,11.62,6573376,10455856,4020,1023160,1536772,9888,15208,269084
2024-01-20T04:08:41,375295604,389946496,1990516,0.5,1279724,14756228,30806156,7.64,6573504,10342488,1608,908348,1536476,9808,12040,269036
2024-01-20T04:08:46,375283584,389935432,2001484,0.51,1279724,14757108,30908220,7.66,6573652,10343228,2048,908428,1536648,9808,12056,269132
2024-01-20T04:08:51,375317612,389968944,1968096,0.5,1279736,14756600,22487900,5.58,6573660,10300912,1452,866632,1536504,9744,10032,269036
2024-01-20T04:08:56,375360476,390012188,1925224,0.49,1279740,14756940,10358812,2.57,6573724,10222752,664,787688,1536168,10048,7680,268988
2024-01-20T04:09:01,375383512,390035100,1902784,0.48,1279740,14756748,4345728,1.08,6573732,10182404,1060,748012,1535764,9648,6116,268972
2024-01-20T04:09:06,375387056,390040832,1897124,0.48,1279740,14758576,4345728,1.08,6621228,10136704,320,748012,1536052,9632,6120,268908
2024-01-20T04:09:11,375302680,389956800,1979504,0.5,1279748,14758748,22772320,5.65,6645960,10221248,988,857104,1537868,9760,11776,269020
2024-01-20T04:09:16,375300860,389955244,1981224,0.5,1279756,14758920,22772320,5.65,6646152,10223464,248,859248,1537788,9792,11832,269052
2024-01-20T04:09:21,375289264,389944100,1992400,0.5,1279764,14759240,22772320,5.65,6646332,10224324,948,860072,1537880,9776,11784,269036
2024-01-20T04:09:26,375289168,389944244,1992220,0.5,1279764,14759404,22776592,5.65,6646516,10227552,400,863244,1537992,9808,11900,269012
2024-01-20T04:09:31,375306348,389961812,1974296,0.5,1279772,14759592,22772320,5.65,6646676,10226396,1384,862060,1538540,9792,11780,269052
2024-01-20T04:09:36,375306284,389962216,1974064,0.5,1279772,14759912,22772320,5.65,6646876,10227680,272,863152,1538516,9776,11780,269068
2024-01-20T04:09:41,375318716,389974976,1961232,0.5,1279772,14760108,22772320,5.65,6647052,10228684,1340,864212,1538720,9808,11780,269052
2024-01-20T04:09:46,375315072,389971528,1964748,0.5,1279776,14760256,22772320,5.65,6647204,10229780,216,865248,1538696,9808,11784,269052
2024-01-20T04:09:51,375322292,389979200,1957364,0.5,1279784,14760576,22772320,5.65,6647380,10231156,1148,866492,1538532,9792,11780,269068
2024-01-20T04:09:56,375315624,389972860,1963800,0.5,1279784,14760744,22776592,5.65,6647568,10235032,276,870352,1538596,9824,11896,269124
2024-01-20T04:10:01,375321480,389978908,1957556,0.5,1279788,14760936,22772320,5.65,6647728,10233280,1212,868624,1538788,9824,11776,269132
2024-01-20T04:10:06,375339828,389997532,1939304,0.49,1279788,14761104,15862348,3.93,6647908,10189248,196,824452,1538524,9776,9816,269116
2024-01-20T04:10:11,375360744,390018264,1919004,0.49,1279792,14760968,4345728,1.08,6647924,10112764,920,748208,1538040,9696,6116,269004
2024-01-20T04:10:16,375363544,390020532,1916748,0.49,1279800,14760416,4345728,1.08,6647932,10112228,176,748208,1538040,9696,6116,268988
2024-01-20T04:10:21,375370644,390027040,1910408,0.48,1279800,14759816,4345728,1.08,6647940,10111748,940,748340,1537880,9696,6132,269020
2024-01-20T04:10:26,375331788,389988980,1946252,0.49,1279804,14760612,22773680,5.65,6647968,10145096,176,780536,1540092,9904,12332,269116
2024-01-20T04:10:31,375348784,390006512,1928932,0.49,1279808,14761488,22772320,5.65,6647976,10152760,900,787832,1539536,9904,12384,268988
2024-01-20T04:10:36,375346132,390004556,1930900,0.49,1279812,14762356,25075648,6.22,6647988,10154892,8,789040,1539348,9920,12568,269052
2024-01-20T04:10:41,375325600,389984672,1952072,0.49,1279816,14762980,22777608,5.65,6647988,10157656,796,790804,1538080,10096,11380,269140
2024-01-20T04:10:46,375307100,389967116,1968628,0.5,1279816,14763868,15863364,3.93,6648000,10143388,12,776200,1539136,9872,10928,268972
2024-01-20T04:10:51,375318384,389990312,1946468,0.49,1279820,14775696,4345968,1.08,6647992,10128124,588,748840,1538180,9664,6060,268924
2024-01-20T04:10:56,375290436,389981584,1955280,0.5,1279832,14794704,4351024,1.08,6648016,10149544,1344,751308,1538296,9728,6240,269028
2024-01-20T04:11:01,375279500,389988936,1947936,0.49,1279836,14812820,4346752,1.08,6648012,10165440,564,749084,1538456,9696,6120,269004
2024-01-20T04:11:06,375267432,389992032,1944796,0.49,1279844,14827856,4346752,1.08,6648020,10180476,1448,749084,1538620,9696,6124,269020
2024-01-20T04:11:11,375251808,389994996,1941836,0.49,1279848,14846260,4346752,1.08,6648032,10198876,412,749080,1538796,9696,6124,269004
2024-01-20T04:11:16,375227416,389992140,1944628,0.49,1279848,14867596,4346752,1.08,6648032,10220208,1384,749084,1539060,9680,6124,269004
2024-01-20T04:11:21,375222836,389997744,1939180,0.49,1279852,14877684,4346752,1.08,6648160,10230160,352,749084,1538996,9680,6124,269004
2024-01-20T04:11:26,375167516,389942668,1992256,0.5,1279852,14877964,22777440,5.65,6653608,10330452,1320,854648,1540960,9808,11856,269148
2024-01-20T04:11:31,375200220,389975624,1959480,0.5,1279868,14878164,22777440,5.65,6660460,10325356,352,856048,1540816,9824,11892,269164
2024-01-20T04:11:36,375194180,389969868,1965024,0.5,1279876,14878368,22777440,5.65,6667716,10319532,1188,857324,1541100,9808,11848,269180
2024-01-20T04:11:41,375195316,389971336,1963644,0.5,1279884,14878660,22777440,5.65,6673644,10315036,272,858420,1541044,9808,11856,269180
2024-01-20T04:11:46,375191652,389967912,1967376,0.5,1279892,14878852,22781712,5.65,6679520,10312356,1212,861428,1540776,9824,11928,269140
2024-01-20T04:11:51,375190520,389966992,1968380,0.5,1279904,14879024,22781712,5.65,6685952,10307260,412,862572,1540720,9856,12004,269156
2024-01-20T04:11:56,375185868,389962744,1972576,0.5,1279908,14879348,22777440,5.65,6692476,10299880,1176,861372,1540848,9808,11852,269116
2024-01-20T04:12:01,375185248,389962348,1972816,0.5,1279916,14879536,22777440,5.65,6698700,10294760,192,862320,1541032,9840,11848,269132
2024-01-20T04:12:06,375202952,389980264,1955832,0.5,1279924,14879704,13562096,3.36,6703744,10233644,1272,806128,1540136,9808,9016,269164
2024-01-20T04:12:11,375223348,390000388,1936444,0.49,1279932,14879436,4346752,1.08,6703748,10176496,184,749220,1539388,9760,6192,269084
2024-01-20T04:12:16,375224852,390001216,1935848,0.49,1279940,14878744,4346752,1.08,6703756,10175752,1128,749092,1539164,9728,6120,269100
2024-01-20T04:12:21,375230936,390010576,1926840,0.49,1279948,14881992,4346752,1.08,6703764,10178676,196,748796,1538832,9728,6124,269036
2024-01-20T04:12:26,375227780,390014960,1922380,0.49,1279948,14889376,4352128,1.08,6703760,10191228,1100,753824,1539064,9888,6296,269132
2024-01-20T04:12:31,375206988,390001500,1935760,0.49,1279956,14896668,4364160,1.08,6703772,10210460,428,765872,1539176,9744,6144,269116
2024-01-20T04:12:36,375144468,389959340,1977868,0.5,1279960,14916976,4404452,1.09,6705580,10270308,444,807252,1539276,9712,6196,269020
2024-01-20T04:12:41,375153564,389969740,1967428,0.5,1279968,14918224,4407540,1.09,6705692,10273400,1452,809204,1539364,9728,6240,269068
2024-01-20T04:12:46,375152616,389971076,1966040,0.5,1279976,14920488,4397044,1.09,6705800,10265988,352,799628,1539428,9728,6252,269084
2024-01-20T04:12:51,375160320,389981264,1955964,0.5,1279984,14922852,4397044,1.09,6705904,10267680,1444,799036,1539428,9728,6204,269036
2024-01-20T04:12:56,375162296,389985356,1951868,0.49,1279988,14924920,4397044,1.09,6706000,10269724,304,799132,1539476,9680,6180,269036
2024-01-20T04:13:01,375161296,389985632,1951820,0.49,1279996,14926120,4423332,1.1,6724860,10276316,1552,823540,1539316,9760,6356,269044
2024-01-20T04:13:06,375459280,390284440,1653484,0.42,1280004,14926936,2032888,0.5,6725556,9960884,356,507792,1538844,9680,5124,268972
2024-01-20T04:13:11,375455332,390280720,1657144,0.42,1280004,14927148,2032888,0.5,6725560,9961044,1468,507700,1538920,9680,5096,268972
